OPIS Truckstop ID,Truckstop Name,Address,City,State,Rack ID,Retail Price,lat,lon
7,WOODSHED OF BIG CABIN,"I-44, EXIT 283 & US-69",Big Cabin,OK,307,3.00733333,36.5423,-95.222
9,KWIK TRIP #796,"I-94, EXIT 143 & US-12 & SR-21",Tomah,WI,420,3.28733333,43.9879,-90.4999
20,PILOT TRAVEL CENTER #1243,"I-8, EXIT 119 & SR-85",Gila Bend,AZ,930,3.899,32.9662,-112.7154
20,PILOT #1243,"I-8, EXIT 119 & SR-85",Gila Bend,AZ,930,3.899,32.9662,-112.7154
28,LITTLEFIELD EXPRESS #2,"I-540, EXIT 12 & US-71",Fort Smith,AR,645,3.399,35.3495,-94.3695
35,ACI TRUCK STOP,US-46,Columbia,NJ,90,3.079,40.926,-75.0945
36,SHENANDOAH TRUCK CENTER,"I-81, EXIT 273 & SR-703/SR-292",Mount Jackson,VA,60,2.899,38.739,-78.651
44,CIRCLE K #2612042,"I-35,  EXIT 271",Jarrell,TX,595,2.919,30.8103,-97.6144
46,PETRO STOPPING CENTER #348,"I-85,  EXIT 22 & CR-138",Shorter,AL,720,3.154,32.4077,-85.9413
49,TA SEYMOUR TRAVEL CENTER,"I-65, EXIT 50 & US-50 & US-31",Seymour,IN,415,3.959,38.9476,-85.8911
50,TA COUNCIL BLUFFS TRAVEL CENTER,"I-29 & I-80, EXIT 3",Council Bluffs,IA,319,3.72566666,41.2369,-95.8516
56,TOPS TRUCK STOP,"I-94, EXIT 182 & US-83",Sterling,ND,390,3.51566666,46.81388,-100.2915
75,Good 2 Go #709,US-50,Montrose,CO,810,3.424,38.4689,-107.859
77,OASIS TRAVEL PLAZA,US-13,Laurel,DE,243,3.229,38.5691,-75.5689
79,DELAWARE TRUCK PLAZA,US-13 & US-40,New Castle,DE,243,3.249,39.6681,-75.5697
81,One9 #89,"I-75, EXIT 224",Ellenton,FL,225,3.439,27.5269,-82.5258
85,DOWNIEVILLE FUEL STOP,"I-70, EXIT 234",Dumont,CO,800,3.459,39.76471,-105.60028
91,MOLLYS FOOD & FUEL,"I-20 & ST 22, EXIT 55",Crawfordville,GA,135,3.499,33.5545,-82.8966
105,TA SAGINAW I 75 TRAVEL CENTER,"I-75, EXIT 144-B",Bridgeport,MI,260,3.269,43.3706,-83.8827
105,TA SAGINAW I 75 TRAVEL CENTER,"I-75, EXIT 144-B",Bridgeport,MI,260,3.339,43.3706,-83.8827
105,TA SAGINAW I 75 TRAVEL CENTER,"I-75, EXIT 144-B",Bridgeport,MI,260,3.429,43.3706,-83.8827
105,TA SAGINAW I 75 TRAVEL CENTER,"I-75, EXIT 144-B",Bridgeport,MI,260,3.289,43.3706,-83.8827
105,TA SAGINAW I 75 TRAVEL CENTER,"I-75, EXIT 144-B",Bridgeport,MI,260,3.399,43.3706,-83.8827
105,TA SAGINAW I 75 TRAVEL CENTER,"I-75, EXIT 144-B",Bridgeport,MI,260,3.299,43.3706,-83.8827
118,Lupton Truck Stop #567,"I-40, EXIT 359",Lupton,AZ,580,3.299,35.3547,-109.0527
121,PETRO STOPPING CENTER #306,"I-10, EXIT 200",Eloy,AZ,930,3.474,32.747,-111.5992
127,CIRCLE K #4700095,US-41,Henderson,KY,340,3.609,37.8397,-87.5798
128,THE EFFINGHAM CHROME SHOP,"I-57 & I-70, EXIT 159",Effingham,IL,510,3.399,39.1205,-88.5509
128,THE EFFINGHAM CHROME SHOP,"I-57 & I-70, EXIT 159",Effingham,IL,510,3.349,39.1205,-88.5509
128,THE EFFINGHAM CHROME SHOP,"I-57 & I-70, EXIT 159",Effingham,IL,510,3.549,39.1205,-88.5509
135,LOVES TRAVEL STOP #766,"I-80, EXIT 27",Atkinson,IL,290,3.589,41.4168,-90.0087
135,LOVES TRAVEL STOP #766,"I-80, EXIT 27",Atkinson,IL,290,3.389,41.4168,-90.0087
135,LOVES TRAVEL STOP #766,"I-80, EXIT 27",Atkinson,IL,290,3.449,41.4168,-90.0087
147,SPEEDWAY #8039,"I-69, EXIT 234 & SR-67",Daleville,IN,375,3.624,40.1187,-85.5567
149,RAYS TRUCK WASH,"I-69, EXIT 309 & US-30",Fort Wayne,IN,370,3.59233333,41.0888,-85.1436
151,CUBBYS #2101,"I-80, EXIT 211 & SR-47",Gothenburg,NE,475,3.13233333,40.9242,-100.154
159,PILOT TRAVEL CENTER #87,"I-10, EXIT 343",Jacksonville,FL,75,3.859,30.3322,-81.6749
159,PILOT TRAVEL CENTERS #87,"I-10, EXIT 343",Jacksonville,FL,75,3.859,30.3322,-81.6749
160,PILOT TRAVEL CENTERS #79,"I-12, EXIT 10 AT MILE 10",Denham Springs,LA,600,3.23233333,30.4743,-90.9593
164,FLYING J TRAVEL PLAZA #650,"I-94, EXIT 15 B",Lake Station,IN,365,3.809,41.5729,-87.2599
167,FLYING J TRAVEL PLAZA #653,RT 2 & I-65 EXIT 240,Hebron,IN,365,3.43566666,41.3247,-87.2018
174,Hop-In Food Stores,US-59 & SR-224,Nacogdoches,TX,618,2.859,31.6134,-94.6528
184,SAPP BROS TRAVEL CENTER,"I-29 & I-80, EXIT 1B",Council Bluffs,IA,486,3.719,41.2369,-95.8516
186,COFFEE CUP FUEL STOP #5,"I-90, EXIT 154 & US-16",Moorcroft,WY,822,3.239,44.2645,-104.9476
187,DUDLEYS CORNER,"I-35, EXIT 165 & SR-3",Latimer,IA,433,3.23233333,42.763,-93.3658
191,KUM & GO #0302,"I-35, EXIT 193 & SR 106",Clear Lake,IA,433,3.18566666,43.1347,-93.374
192,Brew Stuart Truckstop,"I-80, EXIT 93",Stuart,IA,320,3.099,41.5004,-94.3182
195,PETRO STOPPING CENTER #311,"I-40 & I-55, EXIT 280",West Memphis,AR,435,3.36733333,35.153,-90.1996
198,SINCLAIR,"I-76, EXIT 115",Atwood,CO,800,3.299,40.5505,-103.2746
199,PETRO STOPPING CENTER #366,"I-70, EXIT 252",Salina,KS,523,3.80566666,38.8136,-97.6143
203,PILOT TRAVEL CENTER #31,"I-80/94, EXIT 2",Highland,IN,365,3.829,41.5483,-87.4588
203,PILOT TRAVEL CENTERS #31,"I-80/94, EXIT 2",Highland,IN,365,3.799,41.5483,-87.4588
207,MARATHON,SR-32,Sardinia,OH,300,3.56566666,39.0071,-83.802
216,CIRCLE K #2721593,"I-10, EXIT 50",Ocean Springs,MS,715,3.41566666,30.4082,-88.7861
217,NORTH 9TH 24/7,"I-70, EXIT 252",Salina,KS,523,3.02566666,38.8136,-97.6143
231,DERBY CITYS TRUCK PLAZA,"I-75, EXIT 62 & US-25",Mount Vernon,KY,410,2.999,37.3654,-84.3401
235,PILOT TRAVEL CENTERS #92,"I-75, EXIT 358",Ocala,FL,225,3.359,29.178,-82.1511
235,PILOT TRAVEL CENTER #92,"I-75, EXIT 358",Ocala,FL,225,3.41233333,29.178,-82.1511
240,LA 1 SOUTH TRUCKSTOP,"I-10, EXIT 153 & SR-1",Port Allen,LA,600,3.039,30.4456,-91.2098
243,SAVE,US-41 & SR-10,Lake Village,IN,399,3.179,41.1308,-87.439
244,BIG D TRUCK TRAVEL PLAZA,"I-10, EXIT 92 & SR-95",Duson,LA,725,2.98233333,30.2365,-92.193
248,Mardi Gras Truck Stop,"I-10, EXIT 236",New Orleans,LA,725,3.729,30.0687,-89.9288
250,GOLDEN OX TRUCK STOP,"I-70/US-40, EXIT 159 & US-183",Hays,KS,523,3.499,38.8821,-99.3221
253,LOVES TRAVEL STOP #450,"I-40, EXIT 280 & I-55, EXIT 4",West Memphis,AR,435,3.32566666,35.153,-90.1996
256,BFS FOODS #66,"I-68/US-40, EXIT 22 & US-219",Grantsville,MD,165,3.899,39.6969,-79.1528
257,PILOT TRAVEL CENTER #917- TOWN PUMP,I-15 & 31ST STREET EXIT 277,Great Falls,MT,815,3.63566666,47.5022,-111.2996
263,CASEYS #3956,I-94 EXIT 16,Bridgman,MI,465,3.559,41.9396,-86.5652
267,CORNER MARKET #117,SR-154 & SR-129,Dodge City,KS,357,3.399,37.7611,-100.0182
269,PILOT TRAVEL CENTERS #24,"I-75, EXIT 15",Monroe,MI,325,3.299,41.9155,-83.3849
269,PILOT TRAVEL CENTERS #24,"I-75, EXIT 15",Monroe,MI,325,3.249,41.9155,-83.3849
269,PILOT TRAVEL CENTERS #24,"I-75, EXIT 15",Monroe,MI,325,3.439,41.9155,-83.3849
269,PILOT TRAVEL CENTERS #24,"I-75, EXIT 15",Monroe,MI,325,3.349,41.9155,-83.3849
269,PILOT TRAVEL CENTERS #24,"I-75, EXIT 15",Monroe,MI,325,3.559,41.9155,-83.3849
278,CARLISLE PLAZA,US-41,Carlisle,IN,510,3.499,38.9608,-87.4014
281,CIRCLE K #4700065,"I-65, EXIT 76 & US-31",Taylorsville,IN,375,3.399,39.2964,-85.9502
289,LOVES TRAVEL STOP #173,"I-70, MM 209",Lawrence,KS,553,3.229,38.9597,-95.2642
292,PETES #56,US-169 & CR-5000,Cherryvale,KS,307,3.23233333,37.269,-95.5536
293,LOVES TRAVEL STOP #176,"I-35, MILE MARKER 97",Matfield Green,KS,336,3.25566666,38.1596,-96.5623
304,FL Roberts,"I-91, EXIT 4",Springfield,MA,100,3.599,42.1155,-72.5395
309,QUIKTRIP #231,"I-635, EXIT 3",Kansas City,KS,400,3.199,39.1235,-94.7443
323,SAPP BROS TRAVEL CENTER,"I-80, EXIT 126",Ogallala,NE,475,3.46566666,41.1292,-101.7211
326,FLYING J TRAVEL PLAZA #748,"I-15, EXIT 357",Willard,UT,835,3.749,41.4148,-112.0448
341,TA JACKSONVILLE SOUTH TRAVEL CENTER,"I-95, EXIT 329",Saint Johns,FL,75,3.469,30.0815,-81.54774
347,7-ELEVEN #40514,I-90/80-IN TOLL RD MM 22E,Portage,IN,365,3.99066666,41.5856,-87.1797
358,TA BINGHAMTON TRAVELCENTER,"I-81N, EXIT 2W & I-81S, EXIT 3",Binghamton,NY,32,3.769,42.1014,-75.9093
358,TA BINGHAMTON TRAVELCENTER,"I-81N, EXIT 2W & I-81S, EXIT 3",Binghamton,NY,32,3.689,42.1014,-75.9093
358,TA BINGHAMTON TRAVELCENTER,"I-81N, EXIT 2W & I-81S, EXIT 3",Binghamton,NY,32,3.699,42.1014,-75.9093
358,TA BINGHAMTON TRAVELCENTER,"I-81N, EXIT 2W & I-81S, EXIT 3",Binghamton,NY,32,3.739,42.1014,-75.9093
361,CIRCLE K #2726293,"I-295, EXIT 25",Jacksonville,FL,75,3.31566666,30.3322,-81.6749
368,WILTON TRAVEL PLAZA,"I-87, EXIT 16",Gansevoort,NY,12,3.749,43.19618,-73.65178
368,WILTON TRAVEL PLAZA,"I-87, EXIT 16",Gansevoort,NY,12,3.799,43.19618,-73.65178
372,GAS DEPOT,"I-94, EXIT 5",Hammond,IN,365,3.999,41.6168,-87.4909
381,7-Eleven #41830,US-69 & US-135,Jacksonville,TX,630,2.91566666,31.9642,-95.2617
387,Circle K #2709664,"I-8, EXIT 12",Yuma,AZ,930,3.489,32.5995,-114.5491
388,Pilot Travel Centers #14,"I-71, EXIT 131",Sunbury,OH,315,3.719,40.2485,-82.8806
391,PILOT TRAVEL CENTERS #13,"I-71, EXIT 209",Seville,OH,305,3.699,41.0207,-81.8671
403,TRUCKOMAT OF HEBRON,"I-70, EXIT 126 & SR-37",Hebron,OH,315,3.429,39.9644,-82.4898
407,FUEL MART #641,"I-80 & I-280, EXIT 71",Perrysburg,OH,550,3.499,41.5377,-83.6413
421,PETRO STOPPING CENTER #316,"I-40 & I-35, EXIT 127",Oklahoma City,OK,483,3.30233333,35.4676,-97.5136
424,E EXPRESS,"I-40, EXIT 166",Choctaw,OK,483,2.899,35.4802,-97.2666
425,Neighbors Express,"I-16, EXIT 51",Dublin,GA,85,3.299,32.536,-82.928
442,WESTERN COOP,US-385 & SR-2,Alliance,NE,795,3.324,42.1025,-102.8766
455,MR FUEL #753,"I-95, EXIT 104 & SR-207",Ruther Glen,VA,180,3.26566666,37.92875,-77.45582
456,THE COUNTRY OASIS,US-24,Woodburn,IN,370,3.399,41.1287,-84.8503
458,HAPPY HILLS GAS & COFFEE,I-29 EXIT 110,Rock Port,MO,400,3.399,40.4109,-95.5332
460,TRUCK STOP 44,I-20 EXIT 44,Gilbert,SC,135,3.079,33.9245,-81.3928
461,SPINX #271,"I-26, EXIT 145 & US-601",Orangeburg,SC,42,3.26233333,33.4928,-80.8671
469,LOAF N JUG #750010,US-160 & SR-17,Alamosa,CO,803,3.259,37.4752,-105.877
474,KEWANEE 1 STOP,"I-20, EXIT 169 & US-80",Toomsuba,MS,705,3.299,32.4267,-88.51
478,GASTRAK OF PEMBINA,"I-29, EXIT 215",Pembina,ND,355,3.299,48.9669,-97.2475
483,ALLSUPS #2387,US-54/SR-136/SR-3 & US-64,Guymon,OK,585,2.97566666,36.6903,-101.4774
486,LA NORIA CONV STORES,"I-35 N, EXIT 4",Laredo,TX,693,3.299,27.5625,-99.4874
489,EDDIES CORNER,US-87 & US-191,Moore,MT,815,3.749,46.975,-109.6949
491,One9 #403,"I-75, EXIT 117",Heiskell,TN,405,2.999,36.08175,-84.0538
496,PILOT TRAVEL CENTERS #270,"I-40 & I-75, EXIT 374",Knoxville,TN,405,3.439,35.9692,-83.9496
509,LOVES TRAVEL STOPS #256,"I-10, EXIT 140B",Van Horn,TX,640,3.649,31.0407,-104.8341
509,LOVES TRAVEL STOP #256,"I-10, EXIT 140B",Van Horn,TX,640,3.649,31.0407,-104.8341
522,GO MART FOOD STORE #57,"I-70 & ST-285, EXIT 186",Lore City,OH,430,3.179,39.9832,-81.46
523,CIRCLE K #2723322,"I-985, EXIT 20 & SR-60",Gainesville,GA,18,3.26566666,34.2902,-83.8294
525,FASTBREAK,US-45 ALT,West Point,MS,705,3.059,33.6064,-88.6572
546,PLAZA 30,US-30,Wanatah,IN,365,3.499,41.4305,-86.8926
557,SAPP BROS TRAVEL CENTER,"I-80, EXIT 73",Peru,IL,290,3.389,41.3482,-89.1371
557,SAPP BROS TRAVEL CENTER,"I-80, EXIT 73",Peru,IL,290,3.589,41.3482,-89.1371
557,SAPP BROS TRAVEL CENTER,"I-80, EXIT 73",Peru,IL,290,3.449,41.3482,-89.1371
557,SAPP BROS TRAVEL CENTER,"I-80, EXIT 73",Peru,IL,290,3.289,41.3482,-89.1371
559,SHELL MORGAN ROAD TRUCK STOP,"I-40, EXIT 142",Maumelle,AR,695,3.20733333,34.8522,-92.4
566,TA GARY TRAVEL CENTER,"I-80/I-94, EXIT 6",Gary,IN,365,3.83066666,41.5905,-87.3473
567,TA ELOY TRAVEL CENTER,"I-10 & I-8, EXIT 203",Eloy,AZ,930,3.459,32.747,-111.5992
572,PILOT TRAVEL CENTER #881,"I-69, EXIT 309A",Fort Wayne,IN,370,3.899,41.0888,-85.1436
572,PILOT TRAVEL CENTERS #881,"I-69, EXIT 309A",Fort Wayne,IN,370,3.879,41.0888,-85.1436
576,PETRO STOPPING CENTER #343,"I-10, EXIT 76",Egan,LA,600,3.624,30.246,-92.5135
578,LOVES TRAVEL STOP #449,"I-84, EXIT 17",Troutdale,OR,935,3.779,45.5372,-122.3955
579,FLYING J TRAVEL PLAZA #764,"I-80, EXIT 104 & US-191",Rock Springs,WY,835,3.67066666,41.5947,-109.2209
586,AMERISTAR TRAVEL PLAZA #120,"I-82, EXIT 80",Prosser,WA,925,4.399,46.2068,-119.7663
586,AMERISTAR TRAVEL PLAZA #120,"I-82, EXIT 80",Prosser,WA,925,4.559,46.2068,-119.7663
588,TA TUSCALOOSA TRAVEL CENTER,"I-20/I-59, EXIT 77",Cottondale,AL,615,2.964,33.1923,-87.4543
591,TA Concordia Travel Plaza,"I-70, EXIT 58 & SR-23",Concordia,MO,400,3.22566666,38.9878,-93.5683
599,Sapp Bros Travel Center,"I-80, EXIT 59 & SR-17J",Sidney,NE,475,3.50066666,41.1341,-102.9681
602,JIFFY MART EXIT 18 TRUCK STOP,"I-89/SR-120, EXIT 18 & SR-120",Lebanon,NH,12,3.599,43.6353,-72.2531
614,TA MAYBROOK TRAVEL CENTER,"I-84, EXIT 5",Montgomery,NY,120,4.359,41.52759,-74.23682
628,KWIK FILL #227,"I-90,  EXIT 218",Geneva,OH,305,3.15233333,41.8007,-80.9461
636,UNION 76,"I-5, EXIT 233 E",Albany,OR,935,3.379,44.6272,-123.0965
651,ONE9 #1366,"I-40, EXIT 126 & US-641",Holladay,TN,460,2.98566666,35.872,-88.1449
652,TA KNOXVILLE EAST TRAVEL CENTER,"I-40 & I-75, EXIT 374",Knoxville,TN,405,3.42566666,35.9692,-83.9496
669,PETRO STOPPING CENTER #350,"I-10,  EXIT 4",Canutillo,TX,640,3.499,31.9185,-106.6006
672,CROWN POINT TRUCK STOP,"I-295/US-130,EXIT 22",Thorofare,NJ,150,3.549,39.8515,-75.1988
680,TA EXPRESS SUMMIT,"I-29, EXIT 207 & US-12",Summit,SD,566,3.20566666,45.3056,-97.0391
684,7-ELEVEN #35101,"I-86/SR-17, EXIT 16",Randolph,NY,38,4.499,42.16201,-78.97532
689,FLYING EAGLE,"I-235, EXIT 4",Wichita,KS,570,3.499,37.6895,-97.3443
692,BP,US-63,Ottumwa,IA,489,3.399,41.0195,-92.4186
739,Arco #364420,US-23,Greenup,KY,255,3.649,38.5578,-82.8191
748,QUIKTRIP #4231,US-85,Evans,CO,800,3.17233333,40.366,-104.739
769,AYERCO #26,US-61/US-136,Alexandria,MO,345,3.01566666,40.3598,-91.4595
815,Kwik Trip #1508,"US-18/SR-151, EXIT 58",Barneveld,WI,420,3.489,43.0117,-89.8969
855,SPEEDWAY #7459,US-41 & SR-137,North Chicago,IL,293,3.379,42.3172,-87.8595
855,SPEEDWAY #7459,US-41 & SR-137,North Chicago,IL,293,3.499,42.3172,-87.8595
855,SPEEDWAY #7459,US-41 & SR-137,North Chicago,IL,293,3.289,42.3172,-87.8595
863,Ocean Fuel,US-301/SR-73,Sylvania,GA,195,3.499,32.7466,-81.6409
906,PILOT TRAVEL CENTERS #429,"I-40, EXIT 280",West Memphis,AR,435,3.499,35.153,-90.1996
906,PILOT TRAVEL CENTER #429,"I-40, EXIT 280",West Memphis,AR,435,3.291,35.153,-90.1996
908,CIRCLE K #2704888,"I-65, EXIT 246 & SR-119",Pelham,AL,615,3.46566666,33.3114,-86.7573
912,PETRO STOPPING CENTER #319,"I-20/59,  EXIT 100",Mc Calla,AL,615,3.12566666,33.3023,-87.0302
936,CASEYS #4254,"I-40, EXIT 129",Conway,AR,695,3.03233333,35.0753,-92.4692
970,CIRCLE K #2702885,"I-17/SR-60, EXIT 199A",Phoenix,AZ,930,3.39233333,33.5722,-112.0892
977,PILOT TRAVEL CENTER #328,"I-10, EXIT 17",Quartzsite,AZ,930,3.959,33.6675,-114.2171
977,PILOT TRAVEL CENTERS #328,"I-10, EXIT 17",Quartzsite,AZ,930,3.959,33.6675,-114.2171
981,STINKER #85,"I-15, EXIT 93",Blackfoot,ID,825,3.53233333,43.194,-112.3454
982,CIRCLE K #2701948,"I-8, EXIT 7 & SR-195",Yuma,AZ,900,3.56566666,32.5995,-114.5491
1028,FOUR STATES TRUCK STOP,"I-495, EXIT 4 & SR-9",New Castle,DE,243,3.449,39.6681,-75.5697
1028,FOUR STATES TRUCK STOP,"I-495, EXIT 4 & SR-9",New Castle,DE,243,3.399,39.6681,-75.5697
1042,Union 76,US-441 & SR-100A,Lake City,FL,75,3.56233333,30.1901,-82.6471
1043,ONE9 #1401,I-75 EXIT 414  & US-41,Lake City,FL,75,3.259,30.1901,-82.6471
1043,SHELL DBA ONE9 #1401,I-75 EXIT 414  & US-41,Lake City,FL,75,3.244,30.1901,-82.6471
1047,TA MARIANNA TRAVEL CENTER,"I-10/SR-8, EXIT 142 & SR-71",Marianna,FL,20,3.60733333,30.7943,-85.2259
1075,PILOT TRAVEL CENTER #68,"I-16 /SR-404, EXIT 51 & US-441",Dublin,GA,85,3.43233333,32.536,-82.928
1075,PILOT TRAVEL CENTERS #68,"I-16 /SR-404, EXIT 51 & US-441",Dublin,GA,85,3.399,32.536,-82.928
1106,CIRCLE K #2705367,"I-20, EXIT 172",Thomson,GA,16,3.399,33.4679,-82.4968
1112,BC AMPRIDE TRUCK PLAZA,US-59/SR-141,Denison,IA,527,3.399,42.0162,-95.3528
1115,KWIK STAR #704,SR-57/SR-14,Parkersburg,IA,565,3.58233333,42.5739,-92.7785
1121,TRAVELERS OASIS,"I-84, EXIT 182",Eden,ID,787,3.799,42.6053,-114.209
1128,TA CHICAGO NORTH TRAVEL CENTER,"I-94/US-41, EXIT 1",Wadsworth,IL,444,3.819,42.4448,-87.9202
1128,TA CHICAGO NORTH TRAVEL CENTER,"I-94/US-41, EXIT 1",Wadsworth,IL,444,3.879,42.4448,-87.9202
1128,TA CHICAGO NORTH TRAVEL CENTER,"I-94/US-41, EXIT 1",Wadsworth,IL,444,3.779,42.4448,-87.9202
1128,TA CHICAGO NORTH TRAVEL CENTER,"I-94/US-41, EXIT 1",Wadsworth,IL,444,3.769,42.4448,-87.9202
1132,SPEEDWAY #7423,"I-57, EXIT 83",Ina,IL,293,3.249,38.1499,-88.904
1136,PILOT TRAVEL CENTER #171,"I-74, EXIT 206",Oakwood,IL,280,3.399,40.1101,-87.7769
1136,PILOT TRAVEL CENTER #171,"I-74, EXIT 206",Oakwood,IL,280,3.499,40.1101,-87.7769
1136,PILOT TRAVEL CENTER #171,"I-74, EXIT 206",Oakwood,IL,280,3.599,40.1101,-87.7769
1140,CIRCLE K #4701398,"I-55, EXIT 82 & SR-104",Divernon,IL,280,3.499,39.5707,-89.6547
1149,PILOT TRAVEL CENTER #30,"I-70, EXIT 96",Greenfield,IN,375,3.959,39.7937,-85.7738
1149,PILOT TRAVEL CENTERS #30,"I-70, EXIT 96",Greenfield,IN,375,3.959,39.7937,-85.7738
1151,SPEEDWAY #8061,"I-70, EXIT 115 & SR-109",Knightstown,IN,375,3.759,39.7959,-85.5312
1154,CIRCLE K #2704691,SR-71 & CR-214,Cedar Creek,TX,595,3.199,30.0811,-97.518
1156,CIRCLE K #4700028,"I-74/US-421, EXIT 116 & SR-44",Shelbyville,IN,375,3.599,39.5352,-85.7793
1157,One9 #297,"I-70, EXIT 11 & SR-46",Terre Haute,IN,510,3.43566666,39.466,-87.3751
1158,PILOT TRAVEL CENTERS #36,US-30  & SR-49,Valparaiso,IN,365,3.869,41.4783,-87.0506
1158,PILOT TRAVEL CENTER #36,US-30  & SR-49,Valparaiso,IN,365,3.859,41.4783,-87.0506
1163,SHORT STOP #13,US-54,Emporia,KS,553,2.839,38.4028,-96.1932
1176,PILOT TRAVEL CENTERS #353,"I-75, EXIT 129",Georgetown,KY,410,3.20566666,38.2247,-84.5487
1179,PILOT TRAVEL CENTERS #399,"I-65, EXIT 105",Lebanon Junction,KY,415,3.609,37.8357,-85.7243
1196,SOUTHERN BELLE TRUCK STOP,US-61 & SR-964,Saint Francisville,LA,725,3.384,30.7852,-91.3788
1199,ALLTOWN MARKETS #306,"I-190, EXIT 7",Leominster,MA,178,3.68233333,42.5209,-71.7717
1202,ONE9 #290,"I-95, EXIT 93 & SR-222",Perryville,MD,22,3.599,39.5737,-76.0668
1204,PETRO STOPPING CENTER #321,"I-70 & I-57, EXIT 159",Effingham,IL,574,3.549,39.1205,-88.5509
1204,PETRO STOPPING CENTER #321,"I-70 & I-57, EXIT 159",Effingham,IL,574,3.349,39.1205,-88.5509
1204,PETRO STOPPING CENTER #321,"I-70 & I-57, EXIT 159",Effingham,IL,574,3.439,39.1205,-88.5509
1204,PETRO STOPPING CENTER #321,"I-70 & I-57, EXIT 159",Effingham,IL,574,3.399,39.1205,-88.5509
1208,D AVENUE FUEL PLAZA,US-131,Kalamazoo,MI,465,3.499,42.2749,-85.5882
1208,D AVENUE FUEL PLAZA,US-131,Kalamazoo,MI,465,3.099,42.2749,-85.5882
1210,ROADHAWK TRAVEL CENTER,"I-94, EXIT 56 & SR-51",Paw Paw,MI,465,3.599,42.2148,-85.8919
1210,ROADHAWK TRAVEL CENTER,"I-94, EXIT 56 & SR-51",Paw Paw,MI,465,3.559,42.2148,-85.8919
1217,KWIK TRIP #250,"I-90, EXIT 179",Austin,MN,515,3.374,43.6721,-92.9784
1218,CASEYS #3658,SR-210,Pillager,MN,522,3.299,46.3295,-94.4796
1225,AYERCO #35,US-61 & US-61 BUS,Bowling Green,MO,494,3.01566666,39.3447,-91.2032
1234,Lamar Travel Plaza,US-71 & US-160,Lamar,MO,416,3.199,37.4945,-94.2791
1236,AYERCO #44,US-36 & US-24,Palmyra,MO,494,3.01566666,39.7978,-91.5265
1240,TEMP STOP #103,US-65,Sedalia,MO,400,3.199,38.7059,-93.234
1247,SNAPPY MART #11,US-63 & SR-14,West Plains,MO,535,3.299,36.7377,-91.868
1251,MAPCO #3009,US-72,Corinth,MS,435,3.154,34.9474,-88.5143
1256,DOUBLE QUICK #89,US-82/US-278,Greenville,MS,655,3.25566666,33.385,-91.0514
1265,JOE JOES TRAVEL CENTER,US-78 & RED BANKS RD S,Red Banks,MS,435,2.97233333,34.8347,-89.5634
1304,LOVES TRAVEL STOP #667,"I-85, EXIT 152",Mebane,NC,65,3.94733333,36.0852,-79.2736
1315,CIRCLE K #2720218,US-421 BUS & US-15/US-501/US-1,Sanford,NC,177,3.08233333,35.4875,-79.177
1325,SCOTCHMAN #3303,US-421 & US-74,Wilmington,NC,245,3.629,34.2099,-77.8866
1326,SPEEDWAY #7949,US-301/US-264 ALT & CR-1674,Wilson,NC,205,3.199,35.7311,-77.9284
1333,PUMP & PANTRY #15,US-30,Grand Island,NE,330,3.30733333,40.9218,-98.3586
1340,BORDENTOWN VALERO,"NJ TNPK, EXIT 7 & US-206",Bordentown,NJ,230,3.499,40.14622,-74.71183
1342,Delta,"I-80, EXIT 47B",Fairfield,NJ,115,3.20233333,40.88371,-74.30598
1344,BOLLA TRUCK STOP #193,US-202 & SR-17,Mahwah,NJ,115,3.53233333,41.08871,-74.14376
1348,GLOBAL,SR-73,Palmyra,NJ,150,3.359,40.0025,-75.036
1356,LOVES TRAVEL STOP #257,"I-40 & HORIZON, EXIT 79",Milan,NM,580,3.59066666,35.1949,-107.8946
1364,7- ELEVEN #40507,"I-80/I-90, MM 56 WB",Rolling Prairie,IN,465,3.98233333,41.6743,-86.6207
1372,PILOT TRAVEL CENTER #469,"I-77, EXIT 101 & SR-627",Canton,OH,249,3.62233333,40.8078,-81.3676
1376,FUEL MART #782,"I-75, EXIT 118",Lima,OH,411,3.08566666,40.741,-84.112
1379,TA LODI TRAVEL CENTER,"I-71, EXIT 209 & I-76/US-224, EXIT 1",Seville,OH,305,3.739,41.0207,-81.8671
1384,SUNOCO,"I-80/I-90, EXIT 13 & US-20ALT/SR-15",Montpelier,OH,550,3.41566666,41.5817,-84.5968
1391,ONCUE EXPRESS #2045,"I-35, EXIT 203 & SR-15",Billings,OK,500,3.21566666,36.5316,-97.4352
1395,DOMINO FOOD AND FUEL #1,"I-40, EXIT 66",Clinton,OK,483,3.099,35.5069,-98.9706
1404,ONE9 #339,"I-74, EXIT 4 & SR-63",Covington,IN,375,3.26233333,40.1408,-87.3917
1414,SAC SHOP #507,"I-70, EXIT 12/161",Breezewood,PA,14,4.099,39.99925,-78.23862
1424,GETTYSBURG TRAVEL PLAZA,US-15 & SR-394,Gettysburg,PA,70,3.899,39.8304,-77.2339
1428,CIRCLE K #4702408,"I-65, EXIT 168 & SR-38/SR-25",Lafayette,IN,375,3.43233333,40.3991,-86.8593
1432,KWIK FILL #259,"I-81, EXIT 57",Mechanicsburg,PA,70,4.049,40.2115,-77.006
1444,PILOT TRAVEL CENTERS #346,"I-20, EXIT 92 & US-601",Lugoff,SC,135,3.43233333,34.2113,-80.6973
1445,PILOT TRAVEL CENTERS #402,"I-80, EXIT 367",Cheyenne,WY,795,3.709,41.135,-104.7902
1447,HOT SPOT #3005,US-221,Chesnee,SC,210,3.199,35.1461,-81.863
1453,EXPRESS STOP,US-278/SR-101/SR-6 & SR-113,Rockmart,GA,193,3.319,34.0103,-85.044
1455,PETRO FLORENCE,"I-95, EXIT 169",Florence,SC,46,3.32566666,34.178,-79.7898
1461,CIRCLE K #2705370,"I-26, EXIT 15 & US-176",Inman,SC,210,3.099,35.0463,-82.0897
1464,CIRCLE K #2723254,"I-20, EXIT 55 & SR-6",Lexington,SC,135,3.199,33.989,-81.2202
1470,CIRCLE K #2705348,US-1,Beech Island,SC,135,3.159,33.4288,-81.8905
1479,TA SPARTANBURG TRAVEL CENTER,"I-85, EXIT 63 & SR-290",Duncan,SC,210,3.43233333,34.9342,-82.1443
1487,ROADRUNNER MARKET #6019,"I-81, EXIT 36 NORTH",Greeneville,TN,405,3.499,36.168,-82.8197
1492,MAPCO #3538,"I-24, EXIT 174",Chattanooga,TN,285,2.899,35.066,-85.2481
1507,CIRCLE K #4703941,"I-55, EXIT 5A",Memphis,TN,435,3.189,35.1087,-89.9663
1516,LOVES TRAVEL STOP #261,I-27 EXIT 116,Amarillo,TX,585,3.23233333,35.1984,-101.8316
1531,CircleK #4702365,"I-74, EXIT 112 & SR-9",Shelbyville,IN,375,3.509,39.5352,-85.7793
1533,YESWAY #1157,US-62,Brownfield,TX,700,2.99233333,33.1757,-102.273
1546,SHELL,"I-35, EXIT 86 & SR-85",Dilley,TX,740,3.099,28.6675,-99.1765
1548,TOOT N TOTUM #107,US-287,Dumas,TX,585,3.03233333,35.8613,-101.9642
1552,STRIPES #40911,US-59 & SR-16,Freer,TX,625,3.099,27.8823,-98.6178
1555,SEIBERT TRAVEL PLAZA,"I-70, EXIT 405 & SR-59",Seibert,CO,800,3.499,39.298,-102.8695
1560,CATTREZ,US-20 & SR-5,Irving,NY,38,2.899,42.56756,-79.11282
1560,CATTREZ,US-20 & SR-5,Irving,NY,38,2.999,42.56756,-79.11282
1562,I MART #108,"I-40, EXIT 108",Wildersville,TN,435,3.099,35.7766,-88.3561
1567,KUM & GO #4110,"I-235, EXIT 11",Des Moines,IA,320,3.02733333,41.5725,-93.6105
1579,FLYING J TRAVEL PLAZA #924- TOWN PUMP,"I-15, EXIT 122 & I-90 MM220",Butte,MT,816,3.56566666,45.902,-112.6571
1582,LOVES TRAVEL STOP #250,I-40 EXIT 60,Amarillo,TX,585,3.314,35.1984,-101.8316
1585,Stripes 7Fleet #42498,US-385 & CR-1910,Andrews,TX,710,3.369,32.3207,-102.552
1590,ROAD RANGER #240,"I-80 & I-94, EXIT 15-A",Lake Station,IN,365,3.559,41.5729,-87.2599
1596,FLYING J #305,"I-40, EXIT 39",Jamestown,NM,580,3.44233333,35.4692,-108.4396
1597,7-ELEVEN #36156,"I-70 & SR-519, EXIT 25/333",Eighty Four,PA,165,4.999,40.1777,-80.1303
1599,ONVO TRAVEL PLAZA,"I-81, EXIT 10",Mc Graw,NY,220,3.439,42.5938,-76.0975
1599,ONVO TRAVEL PLAZA,"I-81, EXIT 10",Mc Graw,NY,220,3.459,42.5938,-76.0975
1602,CIRCLE K #2723387,US-98,Beaumont,MS,620,3.56566666,31.1707,-88.9252
1606,DONNAS TRAVEL PLAZA,"I-5, EXIT 202",Marysville,WA,962,4.559,48.0809,-122.1561
1610,TA BALTIMORE TRAVEL CENTER,"I-95, EXIT 57",Baltimore,MD,22,4.759,39.3051,-76.6144
1618,GO MART FOOD STORE #33,US-33,Ripley,WV,44,3.499,38.8201,-81.7091
1621,CIRCLE K #2709337,"I-65, EXIT 262B",Birmingham,AL,615,3.489,33.5279,-86.7971
1622,RACEWAY #6973,US-380 & SR-114/SR-101,Bridgeport,TX,630,2.78233333,33.21,-97.7708
1623,SAPP BROS TRAVEL CENTER,"I-70 & I-270, EXIT 278",Commerce City,CO,800,3.389,39.8641,-104.843
1625,PILOT TRAVEL CENTERS #60,"I-26, EXIT 159",Bowman,SC,42,3.43233333,33.3483,-80.6843
1632,PILOT TRAVEL CENTERS #266,"I-10, EXIT 139 & SR-292",Las Cruces,NM,640,3.19066666,32.3265,-106.7893
1633,7-ELEVEN #36302,"I-35, EXIT 144",Von Ormy,TX,740,3.109,29.2803,-98.6556
1634,PILOT TRAVEL CENTERS #40,"I-94, EXIT 322",Oak Creek,WI,444,3.889,42.8803,-87.9009
1644,ALLSUPS CONVENIENCE STORE #2414,"I-20, EXIT 235",Roscoe,TX,575,2.929,32.4419,-100.5322
1646,SPEEDWAY #8310,US-6  & US-31,Plymouth,IN,465,3.609,41.3483,-86.3187
1647,SPEEDWAY #8305,US-41 & SR-312,Hammond,IN,290,3.76566666,41.6168,-87.4909
1653,ROAD RANGER #187,"I-55, EXIT 289",Chicago,IL,520,3.569,41.8375,-87.6866
1653,ROAD RANGER #187,"I-55, EXIT 289",Chicago,IL,520,3.599,41.8375,-87.6866
1654,CEFCO #3,US-77/US190/SR-36,Cameron,TX,670,2.989,30.8608,-96.9763
1661,CHEVRON,"I-20, EXIT 101 & SR-151",Calhoun,LA,590,3.159,32.5153,-92.3539
1669,BETTY BEAVERS TRUCKSTOP,"I-90, EXIT 28",Fultonville,NY,12,3.149,42.9463,-74.3704
1669,BETTY BEAVERS TRUCKSTOP,"I-90, EXIT 28",Fultonville,NY,12,3.189,42.9463,-74.3704
1670,Petro Stopping Center #54,"I-44, EXIT 4 & SR-3",Joplin,MO,277,3.449,37.0757,-94.5018
1671,LOVES TRAVEL STOP #412,"I-95, EXIT 77",Dunn,NC,205,3.699,35.3114,-78.6129
1672,HANA TRAVEL PLAZA,"I-40,  EXIT 77",Amarillo,TX,585,2.899,35.1984,-101.8316
1699,ALLENS FOOD MART280,US-280/US-231/SR-53/SR-38 & CR-8/CR-34,Sylacauga,AL,615,3.799,33.178,-86.2605
1700,TOPPS FUEL STOPS,US-259/SR-49,Daingerfield,TX,723,3.109,33.0306,-94.725
1720,TOOT N TOTUM #120,US-54 & S WESTERN AVE,Liberal,KS,585,3.01566666,37.0466,-100.9295
1749,HIGHWAY 96 FUEL STOP,US-96 & SR-62/FM-1004,Buna,TX,610,3.149,30.4458,-93.9625
1753,PWI #169,"I-35/US-77, EXIT 359 & CR-1304",Abbott,TX,765,2.899,31.8868,-97.0799
1773,M-46 AUTO TRUCK PLAZA,"US-131, EXIT 120 & SR-46",Howard City,MI,344,3.199,43.3947,-85.4683
1773,M-46 AUTO TRUCK PLAZA,"US-131, EXIT 120 & SR-46",Howard City,MI,344,3.599,43.3947,-85.4683
1773,M-46 AUTO TRUCK PLAZA,"US-131, EXIT 120 & SR-46",Howard City,MI,344,3.099,43.3947,-85.4683
1791,PILOT TRAVEL CENTERS #257,"I-20, EXIT 126 & FM-1788",Midland,TX,710,3.56566666,32.0243,-102.1147
1807,LOVES TRAVEL STOP #229,I-40 EXIT 96 & SR-207,Panhandle,TX,585,3.314,35.3461,-101.3804
1810,KENT KWIK #804,US-83,Perryton,TX,585,2.999,36.3928,-100.7976
1829,PILOT TRAVEL CENTERS #96,"SR- 60 & FL TURNPIKE, EXIT 193",Okeechobee,FL,143,3.719,27.2413,-80.8298
1829,PILOT TRAVEL CENTER #96,"SR- 60 & FL TURNPIKE, EXIT 193",Okeechobee,FL,143,3.699,27.2413,-80.8298
1832,CORNER FUEL CENTER,US-49,Hattiesburg,MS,620,3.299,31.3074,-89.317
1834,PUMP N PANTRY #15,"I-20, EXIT 617 & US-59",Marshall,TX,766,2.899,32.537,-94.3515
1849,Stripes #42457,US-67/US-277,San Angelo,TX,740,3.244,31.4424,-100.4504
1855,EXIT 76 AUTO TRUCK PLAZA,US-131,Byron Center,MI,344,3.499,42.8121,-85.7279
1858,FLYING J TRAVEL PLAZA #737,"I-10, EXIT 583",San Antonio,TX,740,3.224,29.4632,-98.5238
1859,GO MART FOOD STORE #44,"I-79, EXIT 67 & US-19/SR-4",Sutton,WV,44,3.559,38.6663,-80.7116
1860,MR FUEL #278,"I-75/71, EXIT 175 & SR-338",Walton,KY,300,3.019,38.8645,-84.6122
1861,PETRO STOPPING CENTER #315,"I-40, EXIT 66",Kingman,AZ,910,3.899,35.217,-114.0105
1866,PRI MART FUEL CENTER,"I-94, EXIT 29",Benton Harbor,MI,465,3.799,42.1159,-86.4488
1866,PRI MART FUEL CENTER,"I-94, EXIT 29",Benton Harbor,MI,465,3.499,42.1159,-86.4488
1873,JDS TRUCKSTOP,"US-12 & US-31, EXIT 3",Niles,MI,465,3.749,41.8346,-86.2473
1873,JDS TRUCKSTOP,"US-12 & US-31, EXIT 3",Niles,MI,465,3.849,41.8346,-86.2473
1874,CIRCLE K #2744529,US-175,Seagoville,TX,630,2.95066666,32.653,-96.5456
1879,HOLIDAY STATIONSTORE #3552,"I-35, EXIT 81 & SR-70",Lakeville,MN,448,3.549,44.6774,-93.252
1888,STRIPES 7FLEET #42449,US-87,Sterling City,TX,710,3.28066666,31.8392,-100.986
1889,TOOT N TOTUM #105,US-54 & US-287,Stratford,TX,585,2.96566666,36.3376,-102.076
1893,MIKE MCDONALD TRUCK STOP,"I-20, EXIT 509",Terrell,TX,637,2.87066666,32.734,-96.2931
1894,CIRCLE K #2741544,"I-37 & SR-72, EXIT 69",Three Rivers,TX,747,3.06566666,28.4668,-98.1784
1897,YESWAY #1077,"I-20/US-84, EXIT 278",Tye,TX,575,2.87566666,32.4522,-99.8665
1905,LUCKY TRUCK STOP,US-82,Whitesboro,TX,630,2.88566666,33.6612,-96.9022
1909,RALLYSTOP #1,"I-15, EXIT 62",Cedar City,UT,791,3.459,37.6834,-113.0956
1914,LOVES TRAVEL STOP #792,"I-70, EXIT 160",Green River,UT,835,3.709,38.9935,-110.1723
1921,BELL TRUCK STOP,"I-80, EXIT 146",Park City,UT,835,3.45233333,40.6502,-111.5013
1923,SCENIC QUIK STOP,"I-70, EXIT 54 & US-89",Salina,UT,835,3.459,38.9387,-111.8652
1930,CASEYS #3058,"I-35, EXIT 19 & US-160 E",Wellington,KS,570,3.299,37.2625,-97.426
1931,RBS ONE STOP,"I-15, EXIT 320",Woods Cross,UT,835,3.459,40.8731,-111.917
1934,CIRCLE K #2723710,"I-77, EXIT 24",Austinville,VA,185,3.24066666,36.851,-80.9142
1936,QUICK STOP MARKET #36,"I-81, EXIT 10 & US-11",Bristol,VA,185,3.399,36.6181,-82.1604
1940,7-ELEVEN #40063,"I-81, EXIT 98 & SR-100",Dublin,VA,65,3.199,37.0987,-80.6831
1944,LOVES TRAVEL STOPS #399,"I-77, EXIT 1 & SR-620",Lambsburg,VA,65,3.589,36.58541,-80.76118
1944,LOVES TRAVEL STOP #399,"I-77, EXIT 1 & SR-620",Lambsburg,VA,65,3.589,36.58541,-80.76118
1950,7-ELEVEN #34515,"I-81, EXIT 205",King George,VA,180,3.399,38.2807,-77.1896
1951,CIRCLE K #2723713,"I-81, EXIT 205",Staunton,VA,185,3.38566666,38.1593,-79.0611
1953,FAS MART #3555,"I-64, EXIT 136 & US-15",Gordonsville,VA,180,3.699,38.136,-78.1879
1954,Joe's Kwik Mart #8409,US-58 & CR-645,Suffolk,VA,130,3.03233333,36.6953,-76.6398
1956,PILOT TRAVEL CENTER #4642,"I-81, EXIT 291",Toms Brook,VA,60,3.659,38.9465,-78.44
1958,SPEEDWAY #4618,"I-81 & I-77, EXIT 77",Wytheville,VA,185,3.41233333,36.953,-81.0881
1960,MAPLEWOOD IRVING,"I-89, EXIT 7",Montpelier,VT,170,3.699,44.2659,-72.5717
1962,SUPER QUIK,"I-64, EXIT 172 & SR-1/SR-7",Grayson,KY,255,3.799,38.3317,-82.9371
1976,One9 #963,"I-90, EXIT 276",Spokane,WA,970,3.989,47.6671,-117.433
1976,One9 #963,"I-90, EXIT 276",Spokane,WA,970,3.959,47.6671,-117.433
1977,GEE CEES TRUCK STOP,"I-5, EXIT 57",Toledo,WA,977,3.839,46.4415,-122.8497
1983,KWIK TRIP #427,"US-53, EXIT 110 & SR-40",Bloomer,WI,295,3.41566666,45.1033,-91.4915
1985,Camp Douglas BP,"I-90 & I-94, EXIT 55",Camp Douglas,WI,420,3.154,43.9197,-90.2697
2000,RIVER CITY TRAVEL PLAZA,US-41,Marinette,WI,360,3.399,45.0871,-87.6336
2002,KWIK TRIP #222,US-53/US-2,Superior,WI,334,3.339,46.6941,-92.0823
2009,KWIK TRIP #139,"I-43, EXIT 120 & CR-V/CR-OK",Sheboygan,WI,444,3.29066666,43.7403,-87.7316
2020,BFS FOODS #72,"I-68, EXIT 23 & SR-26",Bruceton Mills,WV,165,3.499,39.6594,-79.6406
2021,GO MART FOOD STORE #59,"I-64, EXIT 15 & US-60",Huntington,WV,255,3.499,38.4109,-82.4345
2022,GO MART FOOD STORE #86,"I-79, EXIT 40 & SR-16",Ivydale,WV,44,3.599,38.53565,-81.03483
2029,HOMAX SERVICE,"I-25, EXIT 188",Mills,WY,790,3.169,42.8473,-106.383
2030,GHOST TOWN FUEL STOP,US-26/US-20,Casper,WY,790,3.429,42.842,-106.3208
2034,TA CHEYENNE TRAVEL CENTER,"I-80, EXIT 377 & SR-217/CR-140",Cheyenne,WY,795,3.699,41.135,-104.7902
2040,Fast Stop Travel Centers #1133,"I-25, EXIT 126 & US-18/20",Douglas,WY,790,3.499,42.7542,-105.3969
2041,PINE BLUFFS SINCLAIR,"I-80, EXIT 401 & US-30",Pine Bluffs,WY,795,3.699,41.1802,-104.0748
2044,One9 #1251,"I-80, EXIT 173",Wamsutter,WY,795,3.499,41.668,-107.9792
2074,STRIPES #40522,"I-10, EXIT 550",San Antonio,TX,740,3.059,29.4632,-98.5238
2076,ALLSUPS CONVENIENCE STORE #2159,US-283 BUS/US-277 BUS & SR-422,Seymour,TX,770,3.299,33.5958,-99.258
2078,ALLSUPS CONVENIENCE STORE #2366,US-84 & CR-3300,Slaton,TX,700,2.969,33.4421,-101.6476
2084,Main Street Market #112,"I-20, EXIT 73",Wickett,TX,710,2.879,31.5673,-103.006
2087,LWS TRUCK STOP,SR-30,Logan,UT,835,3.42566666,41.7399,-111.8422
2088,FLYING J TRAVEL PLAZA #773,"I-70, EXIT 40",Richfield,UT,835,3.699,38.7613,-112.0931
2089,FLYING J TRAVEL PLAZA #774,"I-84, EXIT 7",Snowville,UT,835,3.749,41.9728,-112.7164
2115,KWIK TRIP #838,SR-23/SR-33,Reedsburg,WI,420,3.194,43.5348,-89.9965
2125,BIG D #44,"I-80, EXIT 311 & SR-130",Laramie,WY,795,3.249,41.3099,-105.6085
2144,Mountain View Truck Stop,US-15,Thurmont,MD,60,4.099,39.621,-77.4076
2152,SPEEDWAY #4709,"I-90, EXIT 102",Fairmont,MN,425,3.299,43.6441,-94.4621
2167,PILOT TRAVEL CENTERS #134,"I-94, EXIT 171 (CR 75)",Saint Cloud,MN,451,3.28733333,45.534,-94.1718
2182,PILOT TRAVEL CENTER #4649,"I-64 & I-81, EXIT 205",Raphine,VA,185,3.659,37.93735,-79.23281
2192,GO MART FOOD STORE #51,US-19/SR-129,Mount Nebo,WV,44,3.599,38.20011,-80.85121
2194,A AND A TRUCKSTOP,US-35 & CR-41,Jackson,OH,315,3.799,39.0448,-82.6458
2196,Certified Oil #400410,I-76 EXIT 43,Ravenna,OH,249,3.31566666,41.1612,-81.2422
2204,NATURAL BRIDGE SHELL,US-278 & SR-5,Lynn,AL,615,3.68233333,34.0548,-87.5555
2209,Roadrunner #471,"I-40/US-65, EXIT 142 & SR-365",North Little Rock,AR,695,3.03233333,34.7807,-92.2371
2219,PILOT TRAVEL CENTER #66,"I-85, EXIT 129",Braselton,GA,16,3.27233333,34.1087,-83.8127
2219,PILOT TRAVEL CENTERS #66,"I-85, EXIT 129",Braselton,GA,16,3.27233333,34.1087,-83.8127
2223,PO JOS GAS N GO,"I-16 SR-404, EXIT 116 & US-301/SR-73",Register,GA,195,3.23233333,32.3658,-81.8845
2227,SPEEDWAY #7448,SR-59,Naperville,IL,293,3.299,41.748,-88.1659
2227,SPEEDWAY #7448,SR-59,Naperville,IL,293,3.359,41.748,-88.1659
2231,QUIKTRIP #605,"I-270, EXIT 33",Saint Louis,MO,540,2.899,38.6359,-90.2451
2255,S&G #36,"I-280, EXIT 2 & SR-795",Millbury,OH,550,3.49233333,41.5648,-83.4255
2267,Circle K #4703917,"I-65, EXIT 112 & SR-25",Cross Plains,TN,460,2.949,36.5412,-86.6765
2283,CIRCLE K #2707321,SR-60,Bartow,FL,225,3.52233333,27.8868,-81.8214
2287,SAC SHOP #511,"I-76/I-70, EXIT 146 & I-99/US-220 EXIT 1",Bedford,PA,14,4.099,40.01869,-78.50391
2306,SCOTCHMAN #3894,"I-77, EXIT 73 & SR-901",Rock Hill,SC,210,3.079,34.9415,-81.0241
2310,MAPCO #3686,"I-24, EXIT 175",Chattanooga,TN,285,2.889,35.066,-85.2481
2311,SHELL,"I-24 & EPPS MILL RD, EXIT 89",Christiana,TN,460,3.13233333,35.7193,-86.4129
2331,PINNERS POINT,SR-135,Portsmouth,VA,130,3.499,36.8468,-76.354
2336,FLYING J TRAVEL PLAZA #754,"I-77 & I-81, EXIT 77",Wytheville,VA,185,3.549,36.953,-81.0881
2340,RSTORE #4478,SR-8 & SR-13,Prentice,WI,395,3.039,45.5409,-90.2897
2557,PWI #106,"I-30, EXIT 77B",Royse City,TX,630,2.899,32.9762,-96.3175
2602,PILOT TRAVEL CENTERS #9,"I-75, EXIT 36",Franklin,OH,407,3.35233333,39.5538,-84.2952
2623,TA JANESVILLE TRAVEL CENTER,"I-90/I-39, EXIT 171B & US-14",Janesville,WI,420,3.299,42.6854,-89.0135
2626,WEST END SINCLAIR,"I-80, EXIT 211",Rawlins,WY,838,3.319,41.7849,-107.2265
2629,PILOT TRAVEL CENTERS #253,"I-295 & NJ TRNPK,  EXIT 2B",Penns Grove,NJ,243,3.989,39.7275,-75.4691
2635,FLYING J #584,"I-5, EXIT 278",Aurora,OR,935,3.859,45.2284,-122.7573
2638,PIT STOP TRAVEL CENTER,US-789,Riverton,WY,790,4.399,43.0421,-108.4144
2640,LITTLE NASHVILLE,"I-64, EXIT 50 & SR-127",Nashville,IL,540,3.399,38.3541,-89.377
2640,LITTLE NASHVILLE,"I-64, EXIT 50 & SR-127",Nashville,IL,540,3.299,38.3541,-89.377
2644,FREDERICKS TRAVEL CENTER,"I-25/US-87, EXIT 235 & SR-52",Erie,CO,800,3.499,40.0404,-105.0399
2756,PAR MAR FOOD STORE #89,"I-77/SR-2, EXIT 170 & SR-14 E",Mineral Wells,WV,430,3.499,39.1807,-81.513
2761,PONY EXPRESS SERVICE CENTER,US-36 & SR-148,Hanover,KS,316,2.95566666,39.8934,-96.8753
2764,LOVES TRAVEL STOP #046,US-64/54 & SR-94,Hooker,OK,585,3.56233333,36.8613,-101.2162
2765,LOVES TRAVEL STOP #023,US-50 & US-287,Lamar,CO,525,3.46233333,38.074,-102.6154
2772,PILOT TRAVEL CENTERS #29,"I- 80, EXIT 144; I-69, EXIT 357",Fremont,IN,465,3.899,41.728,-84.9396
2772,PILOT TRAVEL CENTER #29,"I- 80, EXIT 144; I-69, EXIT 357",Fremont,IN,465,3.899,41.728,-84.9396
2779,Stinker #121,I-84 & EXIT 208,Heyburn,ID,787,3.56066666,42.5599,-113.7624
2788,JIFFY MART #451,"I-91, EXIT 17 & SR-302",Wells River,VT,39,3.569,44.1538,-72.0615
2805,Fast Stop Travel Centers #1145,"I-15,  EXIT 31",Downey,ID,825,3.799,42.4288,-112.1233
2807,SUDDEN SERVICE #25,"I-24, EXIT 11",Clarksville,TN,460,3.30733333,36.5692,-87.3413
2811,KWIK FILL #22,"I-90, EXIT 40 & SR-34/SR-31",Weedsport,NY,220,3.899,43.0482,-76.5637
2817,Chevron #382354,"I-5/US-12, EXIT 72",Chehalis,WA,977,4.299,46.6638,-122.965
2848,TA TONOPAH TRAVEL CENTER,"I-10, EXIT 103",Tonopah,AZ,930,3.939,33.488,-112.9308
2851,SPEEDWAY #2958,"I-8, EXIT 12",Yuma,AZ,900,3.479,32.5995,-114.5491
2862,TA TALLULAH TRAVEL CENTER,"I-20, EXIT 171 & US-65",Tallulah,LA,760,3.209,32.4068,-91.1916
2864,KUM & GO #0493,I-49 BUS/SR-59,Neosho,MO,535,3.059,36.8437,-94.3758
2875,CIRCLE K #2744138,"I-25, EXIT 101 & US-50/SR-47",Pueblo,CO,803,3.399,38.2701,-104.6114
2883,PILOT TRAVEL CENTER #293,"I-75, EXIT 341 & CR-484",Ocala,FL,140,3.41233333,29.178,-82.1511
2883,PILOT TRAVEL CENTERS #293,"I-75, EXIT 341 & CR-484",Ocala,FL,140,3.359,29.178,-82.1511
2885,SP Truckstop & Travel Center,US-84/SR-38,Bainbridge,GA,20,3.599,30.9052,-84.5732
2889,MOULTON COWBOYS,SR-157,Moulton,AL,615,3.099,34.4844,-87.2833
2891,PETRO STOPPING CENTER #338,"I-80, EXIT 21",Sparks,NV,966,3.949,39.5736,-119.7161
2895,EAGLE TRUCK STOP,I-77 EXIT 81,New Philadelphia,OH,249,3.31566666,40.486,-81.4401
2896,NORTH LEWISTON DYNAMART,US-12 & SR 128,Lewiston,ID,970,3.669,46.3934,-116.9933
2897,GAS N GO #15,"I-80, EXIT 41",Lyman,WY,827,3.46566666,41.3274,-110.2977
2910,FLYING J TRAVEL PLAZA #685,"I-29 & I- 94, EXIT 349",Fargo,ND,341,3.569,46.8651,-96.8292
2913,ONE9#226,"I-40, EXIT 417 & SR-92",Dandridge,TN,405,3.259,36.0284,-83.4308
2915,TP TRUCK STOP,"I-15, EXIT 80",Fort Hall,ID,825,3.519,43.0144,-112.4572
2917,GOLDYS TRUCK PLAZA,US-29,Rustburg,VA,185,3.519,37.2712,-79.0962
2922,LOVES TRAVEL STOP #210,"I-40, EXIT 158",Albuquerque,NM,580,3.52066666,35.1054,-106.6465
2923,LOVES TRAVEL STOP #435,"I-95, EXIT 104 & SR-207",Ruther Glen,VA,180,3.611,37.92875,-77.45582
2923,LOVES TRAVEL STOPS #435,"I-95, EXIT 104 & SR-207",Ruther Glen,VA,180,3.589,37.92875,-77.45582
2924,HWY 190 FUEL STOP,US-190,Jasper,TX,610,3.13233333,30.9221,-93.9947
2926,EXIT 77 TRAVEL PLAZA,"I-81, EXIT 77 & SR-39",Harrisburg,PA,70,3.499,40.2752,-76.8843
2929,TA EXPRESS STEELE,"I-94, EXIT 200 & SR- 3",Steele,ND,390,3.599,46.8568,-99.9181
2935,CIRCLE K #2726163,"I-295, EXIT 22",Jacksonville,FL,75,3.299,30.3322,-81.6749
2937,FLYING J TRAVEL PLAZA #664,"I-75, EXIT 171",Walton,KY,300,3.08566666,38.8645,-84.6122
2956,PILOT TRAVEL CENTERS #275,"I-85, EXIT 39 I-77, EXIT 13",Charlotte,NC,46,3.55233333,35.2083,-80.8303
2963,SUPERPUMPER #26,"I-94, EXIT 258 & US-281",Jamestown,ND,390,3.629,46.9063,-98.6937
2967,PETRO STOPPING CENTER #317,"I-57, EXIT 71",Perrysburg,OH,550,3.78566666,41.5377,-83.6413
2968,E-Z MART #4460,"I-20,  EXIT 124",Monroe,LA,719,3.129,32.5185,-92.0774
2977,DISCOUNT FUEL,"I-90, EXIT 150 & SR-73",Kadoka,SD,506,3.229,43.8325,-101.5081
2982,CIRCLE K #2723726,"I-59/I-20, EXIT 52 & US-11/US-43/SR-7",Knoxville,AL,705,3.089,33.59177,-85.89719
3003,CHEVRON,"I-20, EXIT 186",Delta,LA,760,2.994,32.322,-90.9414
3008,BUSY BEE,"I-10, EXIT 283 & US-129",Live Oak,FL,10,3.779,30.2957,-82.9847
3022,TA GREENCASTLE TRAVEL CENTER,"I-81, EXIT 5",Greencastle,PA,70,3.959,39.7907,-77.7267
3030,Mr Ts Riverside,US-412,Cardwell,MO,435,3.199,36.0475,-90.2909
3064,PORTS TO PLAINS TRAVEL PLAZA,US-50 & US-287,Lamar,CO,800,3.399,38.074,-102.6154
3086,SPEEDWAY #4638,US-29,Madison Heights,VA,185,3.49566666,37.4487,-79.1057
3093,RSTORE #4488,US-51,Merrill,WI,395,3.24066666,45.182,-89.6994
3096,HOBO PANTRY #6,US-431/SR-210,Dothan,AL,20,3.959,31.2336,-85.407
3118,MOBIL,"I-87, EXIT 42 & US-11",Champlain,NY,39,3.799,44.98643,-73.44653
3128,TA ATLANTA SOUTH TRAVEL CENTER,"I-75, EXIT 201 & SR-36",Jackson,GA,18,3.334,33.292,-83.9679
3138,TA EXPRESS #6264,"I-70, EXIT 26 & US-50",Grand Junction,CO,800,4.049,39.0877,-108.5673
3139,CHEROKEE TRAVEL MART,"I-40,  EXIT 108",Calumet,OK,483,3.10566666,35.6014,-98.1248
3148,YESWAY #1038,US-60 & SR-86,Neosho,MO,307,3.059,36.8437,-94.3758
3155,QUIK MART #18,US-72/SR-157,Tuscumbia,AL,615,3.00733333,34.7204,-87.7035
3163,QUIKTRIP #71,"I-44, EXIT 238",Tulsa,OK,560,3.039,36.1283,-95.9042
3164,QUIKTRIP #102,"I-44, EXIT 222A",Tulsa,OK,560,3.039,36.1283,-95.9042
3165,LOVES TRAVEL STOP #213,"I-35, EXIT 211",Tonkawa,OK,500,3.584,36.6769,-97.3235
3167,JASPER FOOD MART,US-78,Jasper,AL,615,3.229,33.8508,-87.271
3171,One9 #265,"I-40, EXIT 287 & SR-136",Cookeville,TN,405,3.084,36.1482,-85.5109
3176,BP,US-6 & SR-15,New Paris,IN,365,3.65733333,41.5005,-85.8249
3178,ERNIES FUEL STOP #1605,SR-167,Kent,WA,977,4.599,47.3887,-122.2128
3179,MR FUEL #1020,"I-80 & I-94, EXIT 15B",Lake Station,IN,365,3.56566666,41.5729,-87.2599
3191,BUSY CORNER TRUCK STOP AND MARKET,"I-24, EXIT 105 & US-41/SR-2",Manchester,TN,460,3.049,35.463,-86.0774
3205,CROSSROADS TRUCK STOP STATION,"I-29 & SR 34, MM 109",Colman,SD,530,3.159,43.9835,-96.8148
3206,PERHAM OASIS,US-10 & SR-78,Perham,MN,250,3.499,46.5999,-95.5771
3215,SHELL TRUCKSTOP,"I-4, EXIT 44",Polk City,FL,225,3.449,28.1805,-81.8296
3216,MAXS #124,"I-24, EXIT 86 & US-41",Oak Grove,KY,460,3.04233333,36.6686,-87.4216
3221,Pilot #1440,"US-67, EXIT 55 & US-64/US-167 & SR-367",Bald Knob,AR,695,3.399,35.3123,-91.5709
3221,Southern Travel Plaza,"US-67, EXIT 55 & US-64/US-167 & SR-367",Bald Knob,AR,695,3.391,35.3123,-91.5709
3222,POMPANO TRUCK STOP,"I-95, EXIT 36B",Pompano Beach,FL,95,3.759,26.2428,-80.1312
3226,ONE9 #245,"I-81, EXIT 77 & SR-39",Harrisburg,PA,70,3.609,40.2752,-76.8843
3227,ONE9 MR FUEL #64,"I-26 & US-17, EXIT 199",Summerville,SC,42,3.219,33.0016,-80.1799
3227,MR FUEL DBA ONE9 #64,"I-26 & US-17, EXIT 199",Summerville,SC,42,3.219,33.0016,-80.1799
3230,STRIPES #40815,US-281 & US-285,Falfurrias,TX,625,3.299,27.2243,-98.1452
3264,TA WEST MEMPHIS TRAVEL CENTER,"I-40/US-63, EXIT 260 & SR-149",Earle,AR,435,3.36733333,35.2734,-90.4642
3280,OUTPOST TRUCK STOP,US-85 & US-18/US-20,Lusk,WY,790,3.689,42.7613,-104.4584
3281,AMERICAN TRUCK PLAZA,I-80 EXIT 215 & SR-254,Milton,PA,138,3.799,41.0088,-76.8507
3284,CASEYS #4390,"I-49/US-71, EXIT 77 & US-160",Lamar,MO,416,3.199,37.4945,-94.2791
3297,SAPP BROS TRAVEL CENTER,"I-80, EXIT 370",Cheyenne,WY,795,3.70066666,41.135,-104.7902
3316,TRUCKOMAT OF N LITTLE ROCK,"I-40, EXIT 161 & SR-391",North Little Rock,AR,695,3.249,34.7807,-92.2371
3326,MIRABITO #61,"I-81, EXIT 32",Central Square,NY,12,4.299,43.286,-76.1419
3330,TA # 211 GREENLAND TRAVEL CENTER,"I-95, EXIT 3A & US-101",Greenland,NH,34,3.759,43.0362,-70.83283
3349,QUEEN CITY TRUCK STOP,"I-20 & I-59, EXIT150",Meridian,MS,705,2.939,32.3846,-88.6896
3383,E-Express at Central Truck Stop,"I-35, EXIT 137",Oklahoma City,OK,483,2.879,35.4676,-97.5136
3386,LONGMONT TRUCK STOP,"I-25/US-87, EXIT 240 & SR-119",Longmont,CO,800,3.239,40.1686,-105.1005
3401,POPS Mart #333,"I-77, EXIT 48 & SR-200",Winnsboro,SC,46,3.09066666,34.3718,-81.0907
3413,COUNTRY GIRL TRUCK STOP,US-167 & SR-156,Winnfield,LA,590,3.319,31.924,-92.6425
3415,JAYS EL CHEAPO FUEL STOP,"I-16, EXIT 104",Metter,GA,195,3.249,32.3958,-82.0621
3418,Par Mar Store #164,"I-79, EXIT 105 & CR-7",Jane Lew,WV,165,3.999,39.11,-80.4085
3421,ERNIES TRUCK STOP,"I-5, EXIT 142",Federal Way,WA,977,4.599,47.3091,-122.3358
3422,PWI #167,"I-10, EXIT 601",Seguin,TX,740,2.889,29.5891,-97.9676
3427,JOHNNYS MARKET,"I-69, EXIT 357",Fremont,IN,465,3.699,41.728,-84.9396
3432,PILOT TRAVEL CENTER #34,"I-65, EXIT 201 & US-231",Remington,IN,365,3.709,40.7667,-87.1391
3432,PILOT TRAVEL CENTERS #34,"I-65, EXIT 201 & US-231",Remington,IN,365,3.659,40.7667,-87.1391
3435,PWI #168,"I-35, EXIT 266 & SR-195",Georgetown,TX,740,2.799,30.666,-97.6966
3444,Acme Truck Stop,US-441/SR-500,Orlando,FL,140,3.449,28.4773,-81.337
3460,CHROME TRUCK STOP,US-18 & US-169,Algona,IA,433,3.499,43.0743,-94.2311
3464,BOISE PETROLEUM LLC,"I-84,  EXIT 71",Boise,ID,785,3.379,43.6005,-116.2308
3471,MR FUEL DBA ONE9 #72,"I-16, EXIT 160",Savannah,GA,195,3.13233333,32.0286,-81.1821
3471,ONE9 MR FUEL #72,"I-16, EXIT 160",Savannah,GA,195,3.119,32.0286,-81.1821
3475,PILOT TRAVEL CENTERS #56,"I-85, EXIT 63",Kannapolis,NC,46,3.499,35.4764,-80.6408
3477,CIRCLE K #4707404,"I-91, EXIT 7",Springfield,VT,170,3.699,43.29841,-72.48231
3479,FAST MARKET #4550,"I-75/SR-401, EXIT 136 & US-341",Perry,GA,85,3.099,32.472,-83.7283
3493,CIRCLE K #2723675,"I-75, EXIT 290 & SR-20",Cartersville,GA,18,3.08566666,34.1644,-84.8009
3519,PILOT TRAVEL CENTERS #431,"I-10, EXIT 873",Orange,TX,610,3.309,30.1226,-93.7607
3522,SUNMART #308,US-59,Livingston,TX,610,2.859,30.71,-94.9381
3526,JOE STOP 99,"I-75, EXIT 99 & SR-119",Anna,OH,411,3.064,40.3957,-84.1754
3530,SPARKYS ONE STOP #22,"I-35, EXIT 111B & US-30",Jefferson,IA,320,3.23233333,42.0173,-94.3799
3536,PETRO STOPPING CENTER #307,I-40 EAST & S LAKESIDE Dr,Amarillo,TX,585,3.279,35.1984,-101.8316
3539,Bigs 211,"I-10, EXIT 620 & SR-123",Seguin,TX,740,3.099,29.5891,-97.9676
3545,STOCKMENS TRUCK PLAZA,"I-494, EXIT 64A",South Saint Paul,MN,450,3.499,44.89274,-93.03494
3580,STINKER I 80 TRAVEL PLAZA,"I-80, EXIT 221 & SR-76",Sinclair,WY,838,3.759,41.7761,-107.1199
3585,CHEVRON,"I-80, EXIT 129",Lovelock,NV,966,3.499,40.1787,-118.4775
3588,BINGO TRUCK STOP,"I-10, EXIT 829 & SR-124",Winnie,TX,610,2.999,29.8167,-94.3807
3592,TA BRIDGER TRAVEL CENTER #188,"I-80, EXIT 30 & CR-202",Fort Bridger,WY,835,3.71566666,41.3184,-110.3894
3593,TA Parowan Travel Center,"I-15, EXIT 78",Parowan,UT,910,3.70566666,37.8326,-112.8296
3605,SPEEDYS #6,"I-35, EXIT 33",Saint Joseph,MO,400,3.169,39.7598,-94.821
3608,FUEL MART #787,"I-57, EXIT 212 & US-36",Tuscola,IL,280,3.199,39.7968,-88.2749
3614,PILOT TRAVEL CENTERS #35,"I-80/90, EXIT 72 & US-31",South Bend,IN,465,3.799,41.6767,-86.2696
3614,PILOT TRAVEL CENTER #35,"I-80/90, EXIT 72 & US-31",South Bend,IN,465,3.799,41.6767,-86.2696
3616,PILOT TRAVEL CENTERS #15,"I-75, EXIT 210",Toledo,OH,550,3.77233333,41.6638,-83.5827
3619,ROAD RANGER #141,"I-70, EXIT 23",Brazil,IN,375,3.659,39.5226,-87.124
3620,One9 #16,"I-71 & US-68, EXIT 50",Wilmington,OH,315,3.14233333,39.4362,-83.8141
3645,SNOW SHOE TRAVEL PLAZA,"I-80, EXIT 147 & SR-144",Snow Shoe,PA,14,3.469,41.03089,-77.94945
3678,TIMES MARKET #299,US-281 BUS,Alice,TX,625,3.099,27.7556,-98.0653
3688,SPEEDWAY #2314,"I-94, EXIT 243 & SR-29",New Baltimore,MI,342,3.559,42.6904,-82.7398
3688,SPEEDWAY #2314,"I-94, EXIT 243 & SR-29",New Baltimore,MI,342,3.579,42.6904,-82.7398
3692,CHARLOTTE TRAVEL PLAZA,"I-77,  EXIT 16B",Charlotte,NC,46,3.53233333,35.2083,-80.8303
3699,WARREN TRAVEL PLAZA,"I-69, EXIT 278 & SR-5",Warren,IN,375,3.399,40.6878,-85.425
3702,BEARS DEN TRADING POST #101,ST 37 11 MI E OF MASSENA,Hogansburg,NY,39,3.649,44.97394,-74.66324
3707,SPEEDWAY #4704,"I-90, EXIT 154",Albert Lea,MN,425,3.299,43.6548,-93.3643
3718,SPEEDWAY #4706,"I-90, EXIT 265",Chamberlain,SD,455,3.299,43.7956,-99.3263
3719,KEYSTONE TRUCK STOP,US-22 & SR-164,Loretto,PA,14,3.999,40.5086,-78.6349
3725,GENEVA TRUCK STOP,"I-79, EXIT 35/141",Cochranton,PA,240,3.81566666,41.5191,-80.047
3728,PLAZA 23 TRUCK STOP,"I-787, EXIT 2",Albany,NY,12,3.799,42.6664,-73.7987
3737,JORDAN'S KWIK STOP #70,US-49,West Helena,AR,435,3.399,34.55066,-90.64177
3745,PILOT TRAVEL CENTER #906-TOWN PUMP,"I-90, EXIT 408 & SR-78",Columbus,MT,780,3.58066666,45.636,-109.2488
3759,EXXON,US-67 & SR-18,Newport,AR,695,4.13233333,35.6234,-91.2322
3767,SIMMONS TRAVEL CENTER,"I-95, EXIT 8 & US-301",Emporia,VA,180,3.099,36.6953,-77.5356
3772,Brake Time Corner Market,"I-25, EXIT 240",Burlington,CO,800,3.499,39.3042,-102.2712
3774,SINCLAIR,"I-70, EXIT 438",Burlington,CO,796,3.889,39.3042,-102.2712
3781,REATTA TRAVEL STOP,"I-76, EXIT 149 & SR-55/CR-81",Crook,CO,475,3.38233333,40.859,-102.8013
3783,CIRCLE K #2744095,"I-25, EXIT 215",Denver,CO,800,3.299,39.762,-104.8758
3794,SPEEDWAY #4701,"I-90, EXIT 73",Jackson,MN,425,3.299,43.6265,-94.9891
3817,FAST MARKET,"I-25, EXIT 158",Colorado Springs,CO,803,3.159,38.8674,-104.7605
3843,ONCUE EXPRESS #61,"I-35, EXIT 185 & US-77",Perry,OK,500,3.21566666,36.2837,-97.3094
3868,SHORE STOP #279,US-13,Greenwood,DE,194,3.239,38.8072,-75.59
3868,SHORE STOP #279,US-13,Greenwood,DE,194,3.259,38.8072,-75.59
3888,Fics Plaza,"I-90, EXIT 184",Deer Lodge,MT,816,3.519,46.398,-112.7334
3889,CIRCLE K #2701686,"I-75, EXIT 220",Bradenton,FL,225,3.439,27.4901,-82.5757
3907,SUNOCO,US-46 & SR-93,Palisades Park,NJ,105,3.279,40.8472,-73.9966
3908,SEMINOLE TRUCK STOP,"I-75, EXIT 354",Fort Lauderdale,FL,95,3.699,26.1412,-80.1464
3927,MICCOSUKEE SERVICE PLAZA,"I-75, EXIT 49 & SR-84",Fort Lauderdale,FL,95,3.66566666,26.1412,-80.1464
3936,Uncle Petes Truck  Stop,"I-40, EXIT 239 & US-70/SR-26",Lebanon,TN,460,2.989,36.204,-86.3481
3946,Fast Lane,US-24 & US-63,Moberly,MO,310,3.469,39.4179,-92.4364
3949,SUNSTOP #337,"I-10/SR-8, EXIT 303 & US-441",Lake City,FL,75,3.699,30.1901,-82.6471
3956,CIRCLE K #2707451,US-27/SR-25 & SR-70,Lake Placid,FL,225,3.399,27.3037,-81.371
3964,SPEEDWAY #6604,"I-94, EXIT 66",Mattawan,MI,465,3.489,42.2165,-85.7858
3964,SPEEDWAY #6604,"I-94, EXIT 66",Mattawan,MI,465,3.499,42.2165,-85.7858
3970,EXXON - Pilot #1293,"I-30, EXIT 61",Garland,TX,630,2.84233333,32.91,-96.6304
3973,LOVES TRAVEL STOP #205,"I-35 & I-44, EXIT 137",Oklahoma City,OK,483,3.319,35.4676,-97.5136
3974,LOVES TRAVEL STOP #201,I-40 EXIT 41,Elk City,OK,483,3.12566666,35.3862,-99.4301
3975,SUNSTOP #334,"I-10, EXIT 335 & SR-121",Macclenny,FL,75,3.459,30.2809,-82.1253
3979,PETRO GARY 369,"I-80 & I-94, EXIT 9",Gary,IN,365,3.83066666,41.5905,-87.3473
4006,MISSILE MART #1,US-167 & SR-7,El Dorado,AR,635,3.499,33.2184,-92.664
4008,BALDWIN TRAVEL PLAZA,"I-94, EXIT 19 & US HWY 63",Baldwin,WI,295,3.503,44.954,-92.3709
4025,BP,"I-85, EXIT 21  & US-178",Anderson,SC,30,2.909,34.5211,-82.6478
4035,PILOT TRAVEL CENTER #430,"I-40,  EXIT 84",Russellville,AR,695,3.375,35.2762,-93.1383
4035,PILOT TRAVEL CENTERS #430,"I-40,  EXIT 84",Russellville,AR,695,3.399,35.2762,-93.1383
4062,DUDLEYS TRUCK STOP RESTAURANT,US-220,Rocky Mount,VA,185,3.299,37.0045,-79.8854
4063,STUCKEY'S,"I-59, EXIT 67 & US-49",Hattiesburg,MS,620,2.999,31.3074,-89.317
4080,SHELL DBA PILOT DEALER #874,US-41,Miami,FL,176,3.699,25.784,-80.2101
4080,PILOT TRAVEL CENTERS #874,US-41,Miami,FL,176,3.699,25.784,-80.2101
4101,E-Z MART #4411,HIGHWAY 69 & COBBLESTONE DR,Pryor,OK,560,3.099,36.30843,-95.31691
4113,ASAP GENERAL STORE #330,US-412/SR-15,Enid,OK,500,3.08233333,36.4063,-97.87
4115,QUIKTRIP #707,"I-85 , EXIT 96",Atlanta,GA,18,3.34066666,33.7628,-84.422
4119,JET FOOD STORE #82,US-441 & CR-13,Douglas,GA,10,3.44066666,31.5065,-82.8544
4156,PETRO STOPPING CENTER #305,"I-10, EXIT 582",San Antonio,TX,740,3.20733333,29.4632,-98.5238
4161,EL CHEAPO,I-95 & EXIT 76,Midway,GA,195,3.52566666,31.8003,-81.419
4164,CIRCLE K #2723897,"I-75, EXIT 138",Thomasville,GA,20,3.23566666,30.8394,-83.9782
4169,TA KINGMAN TRAVEL CENTER,"I-40, EXIT 48 & US-93",Kingman,AZ,910,3.899,35.217,-114.0105
4171,PETRO SERVE USA #11,US-2 & US-71,Bemidji,MN,355,3.499,47.4828,-94.8797
4172,FLYING J TRAVEL PLAZA #639,"I-90, EXIT 2",Post Falls,ID,970,3.76233333,47.7213,-116.9384
4179,CIRCLE K #2705352,"I-95/SR-405, EXIT 109 & SR-30/SR-21",Port Wentworth,GA,195,3.099,32.1951,-81.1991
4187,FLYING J TRAVEL PLAZA #632,"I-75, EXIT 320",Resaca,GA,285,3.29566666,34.5789,-84.9439
4193,TIGER MART #63,"I-20, EXIT 454",Grand Prairie,TX,630,3.599,32.6871,-97.0208
4199,PWI #574,"I-70, EXIT 193/US-40",Bunker Hill,KS,357,2.959,38.8753,-98.6989
4204,PILOT TRAVEL CENTERS #415,"I-59, EXIT 4",Rising Fawn,GA,285,3.859,34.76008,-85.53108
4204,PILOT TRAVEL CENTER #415,"I-59, EXIT 4",Rising Fawn,GA,285,3.819,34.76008,-85.53108
4211,FLYING J #513,"I-15, EXIT 1",Jean,NV,910,3.73233333,35.77887,-115.32388
4220,KENNETT TRUCK STOP,"I-275, EXIT 16",Lawrenceburg,IN,300,3.424,39.0986,-84.8713
4222,Circle K #4703906,"I-24, EXIT 24 & SR-49",Pleasant View,TN,460,2.899,36.3893,-87.0455
4223,TA PEMBROKE TRAVEL CENTER,"I-90, EXIT 48A",Corfu,NY,38,3.939,42.9611,-78.4028
4223,TA PEMBROKE TRAVEL CENTER,"I-90, EXIT 48A",Corfu,NY,38,3.889,42.9611,-78.4028
4223,TA PEMBROKE TRAVEL CENTER,"I-90, EXIT 48A",Corfu,NY,38,3.829,42.9611,-78.4028
4223,TA PEMBROKE TRAVEL CENTER,"I-90, EXIT 48A",Corfu,NY,38,3.839,42.9611,-78.4028
4227,LOVES TRAVEL STOP #203,"I-40, EXIT 140",Oklahoma City,OK,483,3.35566666,35.4676,-97.5136
4233,QUIKTRIP #7220,"I-20, EXIT 8",Shreveport,LA,745,2.89233333,32.4653,-93.7955
4239,SPEEDWAY #8256,"I-64, EXIT 94 & SR-1958 & US-60",Winchester,KY,410,2.92233333,38.0018,-84.1908
4241,EXXON,"I-285, EXIT 53",Conley,GA,18,3.999,33.6399,-84.3376
4267,CONOCO,US-30 & SR-41,Gap,PA,160,3.799,39.9888,-76.0212
4292,KUM & GO #0032,"I-80/US-6, EXIT 155 & SR-117",Colfax,IA,320,3.08233333,41.6802,-93.2385
4301,TIGER DISCOUNT TRUCKSTOP,"I-94, EXIT 64 & I-94 BUS",Dickinson,ND,807,3.51566666,46.8918,-102.7925
4311,Saveway Truck Plaza,"I-65, EXIT 164 & US-31",Hope Hull,AL,720,3.139,32.26986,-86.35719
4331,KWIK STOP C STORES,US-61/US-151,Dubuque,IA,335,3.559,42.5002,-90.707
4332,PILOT TRAVEL CENTER #468,"I-57, EXIT 283 & US-24",Gilman,IL,280,3.399,40.7626,-87.9975
4332,PILOT TRAVEL CENTER #468,"I-57, EXIT 283 & US-24",Gilman,IL,280,3.559,40.7626,-87.9975
4332,PILOT TRAVEL CENTER #468,"I-57, EXIT 283 & US-24",Gilman,IL,280,3.439,40.7626,-87.9975
4332,PILOT TRAVEL CENTERS #468,"I-57, EXIT 283 & US-24",Gilman,IL,280,3.459,40.7626,-87.9975
4335,HIGHWAY 20  AUTO TRUCK PLAZA,US-20,Peosta,IA,335,3.489,42.4477,-90.8448
4339,ROAD RANGER #273,I-69E/US-77 & SR-107,Combes,TX,639,3.049,26.2448,-97.7257
4349,ROAD RANGER #144,"I-380, EXIT 68US-20, EXIT 68",Evansdale,IA,565,3.729,42.4635,-92.2766
4363,EL CHEAPO #4,"I-95, EXIT 87",Richmond Hill,GA,195,3.09566666,31.9012,-81.3125
4368,HOODS SERVICE CENTER,"I-44, EXIT 61",Bois D Arc,MO,535,3.074,37.32,-93.43
4372,GRADYS TRUCKSTOP,"I-16, EXIT 111",Pulaski,GA,195,3.46566666,32.3904,-81.9565
4373,KUM & GO #0043,"I-35, EXIT 43 & SR-207/CRG76",New Virginia,IA,320,3.114,41.1818,-93.7311
4389,TAYLOR QUIK-PIK,"I-29, EXIT 75 & US-30",Missouri Valley,IA,486,3.399,41.5592,-95.9028
4395,BREAK TIME #3147,"I-55, EXIT 67 & US-62",Sikeston,MO,275,3.499,36.8854,-89.5877
4417,TA MORIARITY TRAVEL CENTER,"I-40, EXIT 194",Moriarty,NM,580,3.21733333,35.0034,-106.0444
4419,CASEYS #3081,"I-35, EXIT 92 & US-136",Bethany,MO,400,3.06066666,40.2684,-94.0282
4427,CASEYS #2654,"I-80/US-6, EXIT 93 & CR-P28",Stuart,IA,320,3.099,41.5004,-94.3182
4431,CASEYS #2653,"US-63 & US-30, EXIT 202",Toledo,IA,320,3.349,41.9902,-92.5803
4437,UNDERWOOD TRUCK STOP I 80,"I-80, EXIT 17",Underwood,IA,319,3.00066666,41.3807,-95.6821
4441,PILOT TRAVEL CENTERS #51,"I-81 BAILEYTON RD, EXIT 36",Greeneville,TN,405,3.56233333,36.168,-82.8197
4442,Minuteman Food Mart #58,US-74/US-76,Delco,NC,245,3.50733333,34.3188,-78.2267
4445,TA Rogers,"I-94/US-52, EXIT 207 & SR-101",Rogers,MN,448,3.274,45.1865,-93.5783
4446,LOVES TRAVEL STOP #200,I-40 EXIT 74,Amarillo,TX,585,3.209,35.1984,-101.8316
4451,PRAIRIE JUNCTION TRUCK STOP,"I-29, EXIT 109 & SR-34",Colman,SD,530,3.099,43.9835,-96.8148
4452,CASEYS #2867,US-63 & US-20,Waterloo,IA,380,3.499,42.4918,-92.3522
4458,KUM & GO #1443,"I-80, EXIT 216",Williamsburg,IA,380,3.13066666,41.6683,-92.0103
4460,EXIT 62 TRUCKSTOP,"I-71, EXIT 62 & US-127",Glencoe,KY,415,3.16566666,38.7253,-84.8238
4463,QUIKTRIP #7901,"I-20, EXIT 556 & US-69",Lindale,TX,710,2.80733333,32.4933,-95.4069
4482,FLYING J TRAVEL PLAZA #777,"I-84, EXIT 54(FEDERAL WAY)",Boise,ID,785,3.809,43.6005,-116.2308
4482,FLYING J FUEL STOP #777,"I-84, EXIT 54(FEDERAL WAY)",Boise,ID,785,3.76566666,43.6005,-116.2308
4492,3 MILE CORNER TRUCK STOP,US-2 & US-95,Bonners Ferry,ID,970,3.734,48.6928,-116.3184
4525,STINKER #42,US-12/US-95 & SR-128,Lewiston,ID,970,3.69733333,46.3934,-116.9933
4528,WENATCHEE VALLEY TRUCK STOP,US-97 ALT,Wenatchee,WA,920,4.199,47.436,-120.3295
4528,WENATCHEE VALLEY TRUCK STOP,US-97 ALT,Wenatchee,WA,920,4.119,47.436,-120.3295
4528,WENATCHEE VALLEY TRUCK STOP,US-97 ALT,Wenatchee,WA,920,4.089,47.436,-120.3295
4533,SPEEDWAY #1449,"I-65, EXIT 262B",Birmingham,AL,615,2.97566666,33.5279,-86.7971
4544,BIG CHARLIES TRUCK PLAZA,"I-64, EXIT 282 & US-13",Virginia Beach,VA,130,3.489,36.7335,-76.0435
4555,PILOT TRAVEL CENTERS #406,"I-65, EXIT 22 & US-31A/SR-11",Cornersville,TN,460,3.799,35.3634,-86.8584
4560,FAST STOP TRAVEL CENTERS #1109,"I-15, EXIT 392",Plymouth,UT,835,3.58233333,41.8734,-112.1454
4563,PILOT TRAVEL CENTERS #299,"I-55/I-74/US-51, EXIT 160 & US-150/SR-9",Bloomington,IL,280,3.599,40.4757,-88.9703
4563,PILOT TRAVEL CENTERS #299,"I-55/I-74/US-51, EXIT 160 & US-150/SR-9",Bloomington,IL,280,3.399,40.4757,-88.9703
4563,PILOT TRAVEL CENTER #299,"I-55/I-74/US-51, EXIT 160 & US-150/SR-9",Bloomington,IL,280,3.399,40.4757,-88.9703
4563,PILOT TRAVEL CENTERS #299,"I-55/I-74/US-51, EXIT 160 & US-150/SR-9",Bloomington,IL,280,3.499,40.4757,-88.9703
4563,PILOT TRAVEL CENTER #299,"I-55/I-74/US-51, EXIT 160 & US-150/SR-9",Bloomington,IL,280,3.499,40.4757,-88.9703
4563,PILOT TRAVEL CENTER #299,"I-55/I-74/US-51, EXIT 160 & US-150/SR-9",Bloomington,IL,280,3.599,40.4757,-88.9703
4568,ONVO TRAVEL PLAZA,"I-90, EXIT 28",Fultonville,NY,12,3.199,42.9463,-74.3704
4568,ONVO TRAVEL PLAZA,"I-90, EXIT 28",Fultonville,NY,12,3.159,42.9463,-74.3704
4569,METROPOLIS TRUCK STOP,"I-24, EXIT 37 & US-45",Metropolis,IL,490,3.599,37.1565,-88.7082
4574,Circle K #4701432,"I-74, EXIT 174",Mahomet,IL,280,3.669,40.1888,-88.3901
4582,BIG CHIEF TRUCK STOP,"I-94/US-52, EXIT 61 & US-59/CR-82",Fergus Falls,MN,250,3.23566666,46.2854,-96.0758
4605,PILOT DEALER #898 SADLERS TRUCK STOP,"I-95, EXIT 11B & US-58",Emporia,VA,180,3.799,36.6953,-77.5356
4618,OUTPOST TRAVEL CENTER,"I-20, EXIT 5 & US-80",Greenwood,LA,745,2.899,32.4359,-93.9643
4620,PILOT TRAVEL CENTERS #95,"I-75, EXIT 329 & SR-44",Wildwood,FL,225,3.22566666,28.7752,-82.0075
4620,PILOT TRAVEL CENTER #95,"I-75, EXIT 329 & SR-44",Wildwood,FL,225,3.319,28.7752,-82.0075
4622,TA LEE HI TRAVEL PLAZA,"I-81,  EXIT 195",Lexington,VA,185,3.659,37.7825,-79.4441
4628,QUARLES #4601,US-29/US-17/US-15,Warrenton,VA,60,3.32233333,38.7176,-77.7976
4637,THORNTONS #369 DBA PILOT TRAVEL CENTER #514,"I-55, EXIT 126 & SR-10",Lincoln,IL,318,3.399,40.1508,-89.372
4637,THORNTONS #369 DBA PILOT TRAVEL CENTER #514,"I-55, EXIT 126 & SR-10",Lincoln,IL,318,3.499,40.1508,-89.372
4637,PILOT TRAVEL CENTER #514 - THORNTONS #369,"I-55, EXIT 126 & SR-10",Lincoln,IL,318,3.499,40.1508,-89.372
4637,PILOT TRAVEL CENTER #514 - THORNTONS #369,"I-55, EXIT 126 & SR-10",Lincoln,IL,318,3.399,40.1508,-89.372
4642,MARSHAL JUNCTION,"I-70, EXIT 147 & SR-1",Marshall,IL,510,3.199,39.3986,-87.69
4642,MARSHAL JUNCTION,"I-70, EXIT 147 & SR-1",Marshall,IL,510,3.399,39.3986,-87.69
4644,CIRCLE K #4706703,"I-80, EXIT 145A",Mokena,IL,290,3.399,41.5327,-87.8781
4644,CIRCLE K #4706703,"I-80, EXIT 145A",Mokena,IL,290,3.339,41.5327,-87.8781
4654,7-ELEVEN #35087,"I-490, EXIT 2 & SR-33 & SR-19",Bergen,NY,190,4.029,43.08534,-77.94223
4655,QUICKLEES TRAVEL CENTER,"I-86, EXIT 30 & CR-20",Belmont,NY,190,3.999,42.2226,-78.0327
4690,PWI #401,"I-20 & I-30, EXIT 1B",Aledo,TX,630,2.799,32.6974,-97.6069
4700,A C TRUCKSTOP,"I-80, EXIT 290",Laramie,WY,795,3.079,41.3099,-105.6085
4704,THE RIDGE,"I-68/US-219, EXIT 14 & US-40",Accident,MD,165,4.199,39.6257,-79.32
4707,SMITHTON TRUCKSTOP,"I-70, EXIT 39 & SR-3059",Smithton,PA,165,3.899,40.1538,-79.7424
4729,MINIT MART #600244,"I-70, EXIT 131",Straughn,IN,457,3.859,39.8082,-85.2909
4742,FLYING J TRAVEL PLAZA #684,"I-94, EXIT 1 & SR-16",Beach,ND,807,3.96566666,46.9189,-104.0055
4750,BROOKE TRAVEL PLAZA,"I-80, EXIT 259",West Liberty,IA,380,2.98733333,41.5727,-91.2623
4762,TA MONROE TRAVEL CENTER,"I-75, EXIT 15",Monroe,MI,325,3.349,41.9155,-83.3849
4762,TA MONROE TRAVEL CENTER,"I-75, EXIT 15",Monroe,MI,325,3.249,41.9155,-83.3849
4762,TA MONROE TRAVEL CENTER,"I-75, EXIT 15",Monroe,MI,325,3.369,41.9155,-83.3849
4762,TA MONROE TRAVEL CENTER,"I-75, EXIT 15",Monroe,MI,325,3.299,41.9155,-83.3849
4806,TRACK AND TRAVEL,"I-20, EXIT 406",Weatherford,TX,630,2.91733333,32.7536,-97.7723
4818,PILOT TRAVEL CENTER #350,"I-84 & US-20, EXIT 95",Mountain Home,ID,785,3.799,43.1324,-115.697
4818,PILOT TRAVEL CENTERS #350,"I-84 & US-20, EXIT 95",Mountain Home,ID,785,3.759,43.1324,-115.697
4819,Alta Convenience #6333,"I-25, EXIT 11",Trinidad,CO,803,3.399,37.1751,-104.4908
4826,I-20 Truck Stop,"I-20, EXIT 165",Lincoln,AL,615,2.999,33.5935,-86.1365
4827,PETRO BEAUMONT #304,"I-10, EXIT 848",Beaumont,TX,610,3.33066666,30.0849,-94.1451
4837,SHELL,US-10 & SR-210,Motley,MN,522,3.399,46.3349,-94.6423
4856,PILOT TRAVEL CENTER #910- TOWN PUMP,"I-90, EXIT 274 & US-287",Three Forks,MT,786,3.59733333,45.8899,-111.5525
4858,PILOT TRAVEL CENTER #1346,"I-135, EXIT 31",Newton,KS,570,3.3115,38.0368,-97.3449
4858,PILOT DEALER #1346,"I-135, EXIT 31",Newton,KS,570,3.409,38.0368,-97.3449
4860,PILOT TRAVEL CENTER #476,"I-74, EXIT 32 & SR-17",Woodhull,IL,270,3.899,41.1784,-90.3221
4860,PILOT TRAVEL CENTERS #476,"I-74, EXIT 32 & SR-17",Woodhull,IL,270,3.899,41.1784,-90.3221
4872,TA COMMERCE TRAVEL CENTER,"I-85, EXIT 149 & US-441",Commerce,GA,16,3.21566666,34.2134,-83.4733
4874,PWI #110,"I-20, EXIT 112 & FM-1936",Odessa,TX,710,3.049,31.8801,-102.3448
4878,SHELL DBA ONE9 #1426,"I-84, EXIT 35",Nampa,ID,785,3.374,43.5844,-116.5638
4881,PETRO STOPPING CENTER #14,"I-295, EXIT 56",Bordentown,NJ,230,4.029,40.14622,-74.71183
4885,LOVES TRAVEL STOP #384,"I-70, EXIT 45",Greenville,IL,540,3.689,38.8867,-89.3894
4885,LOVES TRAVEL STOP #384,"I-70, EXIT 45",Greenville,IL,540,3.749,38.8867,-89.3894
4885,LOVES TRAVEL STOP #384,"I-70, EXIT 45",Greenville,IL,540,3.689,38.8867,-89.3894
4885,LOVES TRAVEL STOP #384,"I-70, EXIT 45",Greenville,IL,540,3.689,38.8867,-89.3894
4885,LOVES TRAVEL STOP #384,"I-70, EXIT 45",Greenville,IL,540,3.689,38.8867,-89.3894
4885,LOVES TRAVEL STOP #384,"I-70, EXIT 45",Greenville,IL,540,3.749,38.8867,-89.3894
4887,SUNOCO,"I-80 & I-90, EXIT 3",Wauseon,OH,550,3.699,41.5532,-84.141
4894,CLOVERDALE TRAVEL PLAZA,"I-70, EXIT 41 & US-231",Cloverdale,IN,375,3.699,39.5211,-86.7995
4905,HY-MILER #2204,SR-250,Sandusky,OH,550,3.53233333,41.4468,-82.7024
4909,CIRCLE K #2723916,US-441/US-301/US/27/SR-500,Ocala,FL,140,3.459,29.178,-82.1511
4910,PILOT TRAVEL CENTER #892,"I-70 EXIT 164, & US-50",Green River,UT,835,3.68566666,38.9935,-110.1723
4918,PILOT TRAVEL CENTERS #219,"I-40, EXIT 398",Knoxville,TN,405,3.699,35.9692,-83.9496
4920,TA LAPLACE,"I-10, EXIT 209 & US-5",La Place,LA,600,3.22733333,30.0731,-90.4758
4921,PILOT TRAVEL CENTERS #231,"I-75, EXIT 29",Corbin,KY,410,3.609,36.9323,-84.1006
4927,CIRCLE K #2704886,"I-65, EXIT 205 & US-31/SR-22",Clanton,AL,720,3.20733333,32.8444,-86.6233
4933,VILLAGE TRUCK STOP,"I-81, EXIT 18",Rural Retreat,VA,185,3.299,36.901,-81.2765
4977,KWIK TRIP #331,SR-54,Wisconsin Rapids,WI,395,3.26233333,44.3927,-89.8265
4981,JOHNNYS MARKET,"I-94, EXIT 110 & US-27",Marshall,MI,385,3.499,42.2618,-84.9598
4983,KWIK TRIP #603,"I-94, EXIT 28 & SR-128",Wilson,WI,451,3.549,44.9586,-92.1705
4996,ZIP TRIP #54,"I-90, EXIT 452",Billings,MT,780,3.59066666,45.7891,-108.5526
5003,TRAILWAY TRUCK STOP,US-301/SR-304,Centreville,MD,22,3.259,39.042,-76.063
5006,SUNOCO,US-1/US-9,Linden,NJ,79,3.799,40.6251,-74.2383
5024,I 55 MOTOR PLAZA,"I-55,  EXIT 180",Pevely,MO,540,2.99066666,38.2867,-90.3988
5030,YESWAY #1030,US-63 & E MARY ST,Ottumwa,IA,320,3.399,41.0195,-92.4186
5044,TA MOUNT VERNON TRAVEL CENTER,"I-44, EXIT 46 & SR-39/SR265",Mount Vernon,MO,535,3.409,37.105,-93.819
5050,ROCK PORT TRUCK PLAZA,"I-29 & US-136, EXIT 110",Rock Port,MO,400,3.099,40.4109,-95.5332
5056,TREX MART #16,"I-35, EXIT, 61 & US-69",Winston,MO,276,3.119,39.8699,-94.1416
5057,PHILLIPS 66,"I-35, EXIT 54 & I-35 BUS/US-36",Cameron,MO,276,3.099,39.7444,-94.2329
5060,CRAZY FREDS TRUCK SHOP,"I-40, EXIT 44 & US-66",Kingman,AZ,910,3.539,35.217,-114.0105
5064,CLARK OIL #44,"I-59, EXIT 97",Laurel,MS,620,2.879,31.6956,-89.1449
5079,FASTLANE TAYLOR 63,US-61 & SR-6,Taylor,MO,494,3.01566666,39.9381,-91.52377
5085,K AN T TRUCKSTOP,"I-79, EXIT 137 & SR-310",Fairmont,WV,165,3.399,39.4768,-80.1491
5111,CIRCLE K #2723385,"I-59, EXIT 67 & US-49/SR-42",Hattiesburg,MS,620,3.149,31.3074,-89.317
5117,CIRCLE K #4702361,"I-65, EXIT 130 & SR-334",Whitestown,IN,375,3.29233333,39.9706,-86.3612
5128,CASEYS #2769,"I-80, EXIT 220 & SR-149",Williamsburg,IA,380,3.14233333,41.6683,-92.0103
5131,TRAILS END TRUCK STOP,"I-29, EXIT 110 & US-136",Rock Port,MO,486,3.40566666,40.4109,-95.5332
5132,Travel Centers of America,"I-44, EXIT 208 & SR-19",Cuba,MO,574,3.26566666,38.0671,-91.4057
5160,FUEL MART #727,"I-70, EXIT 193",Quaker City,OH,249,3.16566666,39.9697,-81.2973
5163,Blue Sky #733,"US-78, EXIT 81 & SR-178",Belden,MS,742,2.939,34.31038,-88.78839
5165,ONE9 #046,"I-65, EXIT 6 & SR-100",Franklin,KY,415,3.08566666,36.7177,-86.5595
5167,SPEEDWAY #7575,"I-65, EXIT 255",Hobart,IN,290,3.63233333,41.514,-87.2729
5170,FLYING J #516,"I-76, EXIT 161 & I-70",Breezewood,PA,14,5.099,39.99925,-78.23862
5183,PETRO STOPPING CENTER #74,I-95 & EXIT 106,Kenly,NC,205,3.709,35.5885,-78.137
5191,NORTH POINT PLAZA,"I-90 & I-94, EXIT 115",Poynette,WI,420,3.17233333,43.3922,-89.4059
5202,Chevron #306185,US-30,Montpelier,ID,825,3.699,42.326,-111.2988
5203,OASIS TRAVEL CENTER,"I-10, EXIT 53",Robertsdale,AL,715,3.469,30.5535,-87.7023
5207,JJ TRAVEL PLAZA,"I-70, EXIT 70 & US-83",Oakley,KS,525,3.61566666,39.1233,-100.8449
5227,PILOT TRAVEL CENTERS #900,"I-95, EXIT 75",Dunn,NC,205,3.709,35.3114,-78.6129
5230,ONE9 #496,"I-80, EXIT 265",Atalissa,IA,270,3.01566666,41.5715,-91.1664
5232,CM EUNICE,US-190,Eunice,LA,730,3.399,30.4904,-92.4191
5234,SINCLAIR,SR-37,Monett,MO,277,3.29066666,36.9218,-93.9278
5236,FLYING J #875,"I-95,  EXIT 109",Elkton,MD,243,4.199,39.6066,-75.8209
5245,CASEYS #3842,US-36 & US-283,Norton,KS,357,3.15733333,39.8362,-99.8916
5247,EDGERTON TRAVEL PLAZA,"I-90, EXIT 160 & US-51",Edgerton,WI,420,3.199,42.8385,-89.0699
5249,Taylor's Stateline Travel Center,US-67 & SR-278,Neelyville,MO,275,2.999,36.5562,-90.5139
5254,TA CANDLER TRAVEL CENTER,"I-40, EXIT 37",Candler,NC,210,3.799,35.5365,-82.69291
5255,7-ELEVEN #35788,"I-35, EXIT 215",Olathe,KS,400,3.339,38.8833,-94.82
5258,PT TRUCK STOP,"I-12, EXIT 42",Hammond,LA,623,3.249,30.5061,-90.4563
5282,CASEYS #3548,US-54 & US-61,Pratt,KS,357,3.14066666,37.6765,-98.7451
5285,TULLO TRUCK STOP,"I-95, EXIT 15E & US-1/US-9",Kearny,NJ,79,3.799,40.7528,-74.1202
5297,ERNIES TRUCK STOP,"I-90,  EXIT 179 & I-90 BUS/SR-17",Moses Lake,WA,920,3.999,47.1279,-119.2759
5297,ERNIES TRUCK STOP,"I-90,  EXIT 179 & I-90 BUS/SR-17",Moses Lake,WA,920,3.949,47.1279,-119.2759
5297,ERNIES TRUCK STOP,"I-90,  EXIT 179 & I-90 BUS/SR-17",Moses Lake,WA,920,4.179,47.1279,-119.2759
5299,Sudden Service #62,"I-65, EXIT 6 & SR-100",Franklin,KY,460,3.084,36.7177,-86.5595
5302,ONE9 #258,"I-81, EXIT 150 & US-220 ALT & US-11",Troutville,VA,185,3.03233333,37.4168,-79.8779
5306,PILOT TRAVEL CENTERS #11,"I-76, EXIT 232",North Lima,OH,573,3.799,40.9497,-80.6611
5309,NEWBORN TRUCK STOP,I-20 EXIT 5,Tallapoosa,GA,48,3.40733333,33.7335,-85.2859
5310,FLYING J #576,"I-35, EXIT 69",Northfield,MN,515,3.859,44.455,-93.1698
5324,HY-MILER #2245,SR-53,Fremont,OH,550,3.38233333,41.3535,-83.1147
5341,KWIK STAR #1160,"US-75, EXIT 118 & SR-3",Le Mars,IA,408,3.299,42.781,-96.1733
5349,JET FOOD STORE #17,US-1/SR=4/SR-540 & US-220/SR-47,Wrens,GA,135,3.41566666,33.207,-82.3878
5363,SPEEDWAY #6767,"I-75, EXIT 20",Manheim,PA,70,4.499,40.163,-76.3964
5389,FLYING J TRAVEL PLAZA #744,"I-15, EXIT 343",Ogden,UT,835,3.749,41.2279,-111.9682
5391,PWI #605,"I-10, EXIT 378",San Simon,AZ,640,2.959,32.2682,-109.2302
5399,FLYING J TRAVEL PLAZA #750,"I-81 & I-77, EXIT 80",Max Meadows,VA,185,3.549,36.9798,-80.9678
5407,CASEYS #4535,US 81,Concordia,KS,570,2.91233333,39.5669,-97.6467
5414,One9 #1216,"I-10 ,EXIT 200 & SR-84",Eloy,AZ,930,3.199,32.747,-111.5992
5414,Pride Travel Center dba One9 #1216,"I-10 ,EXIT 200 & SR-84",Eloy,AZ,930,3.199,32.747,-111.5992
5419,USA TRAVEL CENTER,"I-40, EXIT 48 & US-93",Kingman,AZ,910,3.399,35.217,-114.0105
5422,K AND H TRUCK PLAZA,"I-57, EXIT 283 & US-24",Gilman,IL,290,3.159,40.7626,-87.9975
5422,K AND H TRUCK PLAZA,"I-57, EXIT 283 & US-24",Gilman,IL,290,3.099,40.7626,-87.9975
5424,WK TRUCK STOP,"US-231 & SR-9001, EXIT 75",Beaver Dam,KY,340,3.399,37.4042,-86.8741
5435,MEADE AUTO AND TRUCK PLAZA,US-54,Meade,KS,525,3.799,37.2836,-100.343
5436,PARKWAY MARATHON,"US-79, EXIT 94",Caneyville,KY,415,3.73233333,37.4241,-86.4906
5446,PETRO STOPPING CENTER #308,"I-20, EXIT 8 & SR-526",Shreveport,LA,745,3.17566666,32.4653,-93.7955
5462,BOOZER KWIK STOP,"I-15, EXIT 118",Idaho Falls,ID,825,3.44733333,43.4871,-112.0362
5464,PILOT TRAVEL CENTERS #48,"I-65, EXIT 86",Glendale,KY,415,3.609,37.60173,-85.90552
5474,One9 #88,"I-95/SR-9, EXIT 201 & SR-520",Cocoa,FL,143,3.37566666,28.382,-80.7675
5477,CHEVRON #383766,"I-5, EXIT 216",Halsey,OR,935,3.099,44.3827,-123.111
5479,PILOT TRAVEL CENTERS #94,"I-75, EXIT 161",Punta Gorda,FL,225,3.799,26.8941,-82.0513
5479,PILOT TRAVEL CENTER #94,"I-75, EXIT 161",Punta Gorda,FL,225,3.799,26.8941,-82.0513
5491,49ER FUEL CENTER,"I-75, EXIT 49",East Bernstadt,KY,410,2.999,37.1923,-84.1209
5492,BFS FOODS #68,"I-70, EXIT 3",Hancock,MD,22,4.129,39.7054,-78.1749
5522,ONE9 #301,"I-55,  EXIT 40",Marston,MO,275,3.109,36.5177,-89.6063
5523,TA LIMON TRAVEL CENTER,"I-70, EXIT 359 & US-24",Limon,CO,800,3.92066666,39.2653,-103.6857
5529,FLYING J #549,"I-77, EXIT 100 & 101",Mount Airy,NC,65,3.599,36.5083,-80.6155
5537,HUCKS TRAVEL CENTER #51 DBA FLYING J #889,"I-57/I-64, EXIT 95 & SR-15",Mount Vernon,IL,574,3.459,38.314,-88.9174
5537,HUCKS TRAVEL CENTER #51 dba FLYING J #889,"I-57/I-64, EXIT 95 & SR-15",Mount Vernon,IL,574,3.499,38.314,-88.9174
5537,HUCKS TRAVEL CENTER #51 DBA FLYING J #889,"I-57/I-64, EXIT 95 & SR-15",Mount Vernon,IL,574,3.359,38.314,-88.9174
5537,HUCKS TRAVEL CENTER #51 DBA FLYING J #889,"I-57/I-64, EXIT 95 & SR-15",Mount Vernon,IL,574,3.599,38.314,-88.9174
5537,HUCKS TRAVEL CENTER #51 dba FLYING J #889,"I-57/I-64, EXIT 95 & SR-15",Mount Vernon,IL,574,3.399,38.314,-88.9174
5554,Southfork TRUCK STOP,"I-30, EXIT 63 & SR-53",Gurdon,AR,635,3.459,33.9154,-93.1545
5560,MIDWAY TRAVEL PLAZA,I-70 EXIT 121 & US-40,Columbia,MO,310,3.539,38.9472,-92.3268
5569,TA EXPRESS NORWOOD #0450,US-60,Norwood,MO,535,3.449,37.1072,-92.4189
5570,PETRO STOPPING CENTER #310,"I-12, EXIT 40 & US-51 BUS",Hammond,LA,725,3.249,30.5061,-90.4563
5579,SAPP BROS TRAVEL CENTER,US-30,Columbus,NE,486,3.219,41.4366,-97.3565
5592,TA COLUMBIA NORTH,"I-20, EXIT 71 & US-21",Columbia,SC,46,3.439,34.0378,-80.9036
5597,CM LAKE CHARLES FUEL STOP 36,"I-10, EXIT 36 & SR-397",Lake Charles,LA,690,3.299,30.201,-93.2111
5601,BP,"I-24, EXIT 16",Paducah,KY,490,3.429,37.0711,-88.644
5603,TA NORTH CANTON TRAVEL CENTER,"I-77, EXIT 111",North Canton,OH,249,3.624,40.8742,-81.3971
5606,FLYING J #511,"I-94, EXIT 147",Mandan,ND,273,3.95233333,46.829,-100.887
5607,RICE MART,"I-45 & FM 1603, EXIT 238",Rice,TX,630,3.019,32.2389,-96.4978
5608,SHOP A LOTT  #3,US-84 & US-171,Mansfield,LA,766,3.13566666,32.0355,-93.7004
5613,CHEVRON #381108,"I-82, EXIT 36",Yakima,WA,925,3.999,46.5923,-120.5496
5618,MCCLURE OIL #52,"I-65/US-52, EXIT 140 & SR-32",Lebanon,IN,375,3.584,40.0324,-86.4551
5649,Fast Stop,"I-10, EXIT 182 & SR-22",Sorrento,LA,623,3.699,30.1828,-90.8674
5651,LOVES TRAVEL STOP #303,"I-64, EXIT 43 & SR-395",Waddy,KY,415,3.749,38.13702,-85.0744
5659,TEX-BEST #526,US-59 & US-281,George West,TX,625,3.299,28.33,-98.1183
5660,Pride Convenience Store,"I-90, EXIT 51 & I-291",Chicopee,MA,100,3.509,42.1764,-72.5719
5661,TA Express #287,"I-40, EXIT 288 & SR-111",Cookeville,TN,460,3.299,36.1482,-85.5109
5667,PILOT TRAVEL CENTERS #393,"I-40, EXIT 24 & SR-209",Waynesville,NC,210,3.759,35.4854,-82.9996
5669,KWIK TRIP #497,I-90 EXIT 266 & CR-12,Dakota,MN,515,3.474,43.9106,-91.3605
5670,TA MOUNT VERNON TRAVEL CENTER,"I-57 & I-64, EXIT 95",Mount Vernon,IL,574,3.449,38.314,-88.9174
5670,TA MOUNT VERNON TRAVEL CENTER,"I-57 & I-64, EXIT 95",Mount Vernon,IL,574,3.499,38.314,-88.9174
5670,TA MOUNT VERNON TRAVEL CENTER,"I-57 & I-64, EXIT 95",Mount Vernon,IL,574,3.539,38.314,-88.9174
5674,TA MADISON TRAVEL CENTER,"I-20, EXIT 114 & US-441",Madison,GA,16,3.89066666,33.5793,-83.4758
5677,YESWAY #1178,CR-13,Kadoka,SD,506,3.189,43.8325,-101.5081
5691,Pilot Travel Center #666,"I-94, EXIT 30",Benton Harbor,MI,465,3.059,42.1159,-86.4488
5700,BEACON & BRIDGE #18,US-131 BUS,Big Rapids,MI,456,3.559,43.6992,-85.4806
5700,BEACON & BRIDGE #18,US-131 BUS,Big Rapids,MI,456,3.319,43.6992,-85.4806
5700,BEACON & BRIDGE #18,US-131 BUS,Big Rapids,MI,456,3.339,43.6992,-85.4806
5718,TOOT N TOTUM #104,US-287,Dalhart,TX,585,3.199,36.058,-102.5123
5721,TA BALTIMORE SOUTH TRAVEL CENTER,"I-95, EXIT 41A & SR-175 & US-1",Jessup,MD,22,4.599,39.1488,-76.7772
5729,MENOMONIE FARMERS UNION,"I-94, EXIT 45 & CR-B",Menomonie,WI,295,3.649,44.8893,-91.9084
5730,SCOTTS QUICK STOP,SR-53 & SR-46,Marlette,MI,342,3.399,43.3268,-83.0806
5739,PILOT TRAVEL CENTERS #284,"I-75, EXIT 18",Monroe,MI,325,3.399,41.9155,-83.3849
5739,PILOT TRAVEL CENTERS #284,"I-75, EXIT 18",Monroe,MI,325,3.299,41.9155,-83.3849
5739,PILOT TRAVEL CENTERS #284,"I-75, EXIT 18",Monroe,MI,325,3.559,41.9155,-83.3849
5739,PILOT TRAVEL CENTERS #284,"I-75, EXIT 18",Monroe,MI,325,3.249,41.9155,-83.3849
5739,PILOT TRAVEL CENTERS #284,"I-75, EXIT 18",Monroe,MI,325,3.439,41.9155,-83.3849
5751,TA LAKE PARK TRAVEL CENTER,"I-75,  EXIT 2",Lake Park,GA,20,3.31566666,30.6851,-83.1873
5754,ROAD TRIP OASIS PERRY,"I-69, EXIT 105 & SR-52",Perry,MI,406,3.799,42.8195,-84.232
5754,ROAD TRIP OASIS PERRY,"I-69, EXIT 105 & SR-52",Perry,MI,406,3.699,42.8195,-84.232
5758,SPEEDY Q MARKET #8206,"I-94, EXIT 274",Port Huron,MI,325,3.899,42.9821,-82.4388
5770,Kwik Trip # 1281,"I-43, EXIT 107",Belgium,WI,444,3.25566666,43.5018,-87.8476
5771,DUNES AUTO TRUCK PLAZA,"I-94, EXIT 12",Sawyer,MI,465,3.499,41.88532,-86.58947
5771,DUNES AUTO TRUCK PLAZA,"I-94, EXIT 12",Sawyer,MI,465,3.599,41.88532,-86.58947
5774,PJ TRAVEL PLAZA,"I-80, EXIT 192 & SR-880",Loganton,PA,138,3.479,41.0338,-77.3023
5780,BILLS TRUCKSTOP,"I-85, EXIT 86",Linwood,NC,65,3.449,35.75069,-80.31783
5799,STAPLES OIL,"I-90, EXIT 146",Alden,MN,425,3.299,43.6695,-93.5735
5801,TA WYTHEVILLE TRAVEL CENTER,"I-81, EXIT 72 & I-77, EXIT 41",Wytheville,VA,185,3.519,36.953,-81.0881
5821,TA PORTLAND TRAVEL CENTER,"I-5,  EXIT 278",Aurora,OR,935,4.03233333,45.2284,-122.7573
5823,ENMARKET #863,"I-95, EXIT 8 & SR-88",Hardeeville,SC,195,3.08233333,32.2949,-81.0321
5830,115 TRUCKSTOP #5001,"I-94, EXIT 115",Marshall,MI,431,3.429,42.2618,-84.9598
5830,115 TRUCKSTOP #5001,"I-94, EXIT 115",Marshall,MI,431,3.499,42.2618,-84.9598
5830,115 TRUCKSTOP #5001,"I-94, EXIT 115",Marshall,MI,431,3.589,42.2618,-84.9598
5842,PETRO STOPPING CENTER #6367,"I-57,  EXIT 335",Monee,IL,290,3.459,41.4181,-87.7502
5842,PETRO STOPPING CENTER #6367,"I-57,  EXIT 335",Monee,IL,290,3.499,41.4181,-87.7502
5842,PETRO STOPPING CENTER #6367,"I-57,  EXIT 335",Monee,IL,290,3.399,41.4181,-87.7502
5860,SPEEDWAY #4610,"I-35, EXIT 59 & SR-21",Faribault,MN,448,3.759,44.2996,-93.2789
5873,SOUTHERN VALLEY COOP,ST 14 BYPASS,Mankato,MN,425,3.499,44.1715,-93.9772
5901,ROTHSAY TRUCK STOP,"I-94, EXIT 38",Rothsay,MN,341,3.209,46.4731,-96.2842
5903,Circle K #2746447,I-94/US-52 EXIT 127 & US-71/SR-28,Sauk Centre,MN,250,3.189,45.736,-94.9523
5907,SPEEDWAY #4035,CR-101,Shakopee,MN,448,3.599,44.7745,-93.4772
5909,SINCLAIR,"I-90, EXIT 233",Saint Charles,MN,515,3.529,43.9687,-92.0593
5927,HARRISONBURG TRAVEL CENTER,"I-81,  EXIT 243 & US-11",Harrisonburg,VA,185,2.899,38.4362,-78.8735
5935,WESTHAMPTON VALERO,I-295 EXIT 47A,Mount Holly,NJ,160,3.329,39.99289,-74.78766
5942,EXPRESS MART TRUCK STOP,"I-55, EXIT 185 & US-67/US-61",Barnhart,MO,540,2.99733333,38.336,-90.4046
5944,LAKE MILLS TRAVEL PLAZA,"I-94, EXIT 259 & SR- 89/CR-G",Lake Mills,WI,420,3.36066666,43.0775,-88.9055
5946,PILOT TRAVEL CENTERS #918,I-90 EXIT 55,Rapid City,SD,506,3.999,44.0716,-103.2204
5949,EXXON,US-59 & LOOP 151,Texarkana,TX,723,3.16566666,33.45,-94.0847
5951,ROAD RANGER #157,I-64 EXIT 41,Okawville,IL,540,3.799,38.4344,-89.548
5963,OZONA ONE STOP,"I-10, EXIT 372",Ozona,TX,710,2.98233333,30.7074,-101.206
5965,TRUCK TOWNE,I-29 EXIT 47 & SR-46,Beresford,SD,572,3.159,43.0797,-96.7803
5971,WACO TRAVEL CENTER,SR-19,Perry,FL,20,3.699,30.109,-83.5821
5979,TA LAFAYETTE TRAVEL CENTER,"I-10 & SR-182, EXIT 101",Lafayette,LA,600,3.134,30.2082,-92.0325
5980,THRIFT MART TRUCK PLAZA,"I-85/US-460, EXIT 63A & US-1/US-460 BUS",Petersburg,VA,180,3.199,37.2043,-77.3913
5990,360 TRUCK STOP,US-360,Amelia Court House,VA,180,3.599,37.3367,-77.9882
5996,Fast Stop Travel Centers #1134,"I-80/US-30, EXIT 99 & US-191/SR-373",Rock Springs,WY,827,3.499,41.5947,-109.2209
5999,PILOT TRAVEL STOP #492,"I-30, EXIT 78 & SR-7",Arkadelphia,AR,635,3.559,34.1253,-93.0729
5999,PILOT TRAVEL CENTER #492,"I-30, EXIT 78 & SR-7",Arkadelphia,AR,635,3.499,34.1253,-93.0729
6001,ALLSUPS #2392,US-70 & US-285,Roswell,NM,700,3.199,33.373,-104.5294
6009,CASEYS #2652,US-65 & US-36,Chillicothe,MO,400,3.289,39.7953,-93.5499
6010,SEGOVIA TRUCK STOP,"I-10, EXIT 465",Junction,TX,739,2.999,30.4906,-99.7726
6018,TA BLOOMINGTON TRAVEL CENTER,"I-55, I-74 & I-39 , EXIT 160",Bloomington,IL,280,3.619,40.4757,-88.9703
6018,TA BLOOMINGTON TRAVEL CENTER,"I-55, I-74 & I-39 , EXIT 160",Bloomington,IL,280,3.649,40.4757,-88.9703
6018,TA BLOOMINGTON TRAVEL CENTER,"I-55, I-74 & I-39 , EXIT 160",Bloomington,IL,280,3.599,40.4757,-88.9703
6018,TA BLOOMINGTON TRAVEL CENTER,"I-55, I-74 & I-39 , EXIT 160",Bloomington,IL,280,3.449,40.4757,-88.9703
6018,TA BLOOMINGTON TRAVEL CENTER,"I-55, I-74 & I-39 , EXIT 160",Bloomington,IL,280,3.539,40.4757,-88.9703
6033,EMERY'S,US-54,Deerfield,MO,277,3.349,37.8386,-94.5078
6037,CRYSTAL OIL,"I-129/US-20/US-75,  EXIT 2",South Sioux City,NE,527,3.549,42.4627,-96.4125
6041,COCKERHAM FUEL CENTER #4,"I-77, EXIT 14 & US-58/US-221",Hillsville,VA,185,3.28233333,36.7613,-80.7371
6047,FAST LANE #26,US-61,Eolia,MO,494,3.099,39.2388,-91.012
6051,CIRCLE K #2709846,"I-25, EXIT 240",Longmont,CO,800,3.05733333,40.1686,-105.1005
6057,PILOT TRAVEL CENTER #903,"I-70/US-40, EXIT 252",Salina,KS,523,3.759,38.8136,-97.6143
6057,PILOT TRAVEL CENTERS #903,"I-70/US-40, EXIT 252",Salina,KS,523,3.779,38.8136,-97.6143
6058,MOTOR INN AUTO TRUCK STOP,I-75 EXIT 110,Mendon,OH,370,3.199,40.6733,-84.5174
6068,AYERCO #24,US-61 & CR MM,Hannibal,MO,494,3.099,39.7098,-91.3939
6082,Palmetto Truck Plaza,US-27/SR-25 & SR-826,Hialeah,FL,95,3.399,25.8696,-80.3045
6083,BP,"I-35, EXIT 33",Holt,MO,400,3.049,39.4552,-94.3371
6087,BREAK TIME #3173,US-54 & CR-HH,Fulton,MO,310,3.299,38.8551,-91.951
6093,ONE9 #901,"I-80 & US-183, EXIT 257",Elm Creek,NE,330,2.96566666,40.7201,-99.3755
6096,Waverly Travel Center,US-23,Waverly,OH,315,3.41566666,39.1256,-82.9836
6097,SAPP BROS TRAVEL CENTER,"I-80, EXIT 263",Elm Creek,NE,330,3.18733333,40.7201,-99.3755
6106,TA HUNTINGTON,"I-84, EXIT 353",Huntington,OR,982,3.639,44.3501,-117.2668
6111,HAWGS EXXON,US-167/SR-25,Batesville,AR,418,3.359,35.7687,-91.6227
6150,CIRCLE K #2723707,"I-81,  EXIT 150",Troutville,VA,65,3.06566666,37.4168,-79.8779
6154,TA MOBILE TRAVEL CENTER,"I-10,  EXIT 4",Grand Bay,AL,715,3.13566666,30.4717,-88.345
6164,PILOT TRAVEL CENTER #268,"I-80/US-6, EXIT 284",Walcott,IA,270,3.859,41.5989,-90.7744
6164,PILOT TRAVEL CENTERS #268,"I-80/US-6, EXIT 284",Walcott,IA,270,3.88566666,41.5989,-90.7744
6165,TEMP STOP #117,I-70 & GRAIN VALLEY RD EXIT 24,Grain Valley,MO,400,2.959,39.0171,-94.2084
6167,PILOT TRAVEL CENTERS #167,US-71,Nevada,MO,277,3.49566666,37.8445,-94.3492
6172,SPEEDWAY #2319,"I-96, EXIT 77",Portland,MI,431,3.699,42.8697,-84.8991
6172,SPEEDWAY #2319,"I-96, EXIT 77",Portland,MI,431,3.549,42.8697,-84.8991
6173,PILOT TRAVEL CENTERS #21,"I-94, EXIT 167",Dexter,MI,325,3.659,42.3319,-83.8803
6173,PILOT TRAVEL CENTERS #21,"I-94, EXIT 167",Dexter,MI,325,3.599,42.3319,-83.8803
6173,PILOT TRAVEL CENTERS #21,"I-94, EXIT 167",Dexter,MI,325,3.579,42.3319,-83.8803
6173,PILOT TRAVEL CENTERS #21,"I-94, EXIT 167",Dexter,MI,325,3.649,42.3319,-83.8803
6175,ONVO TRAVEL PLAZA - MIFFLINTOWN,US-322/US-22 & SR-35,Mifflintown,PA,138,3.479,40.5713,-77.3951
6179,HENDERSON TRAVEL PLAZA,"I-10, EXIT 115 & SR-347",Breaux Bridge,LA,690,3.38566666,30.2829,-91.9043
6180,Circle #4703923,"I-24, EXIT 180B & US-27",Chattanooga,TN,285,2.78566666,35.066,-85.2481
6182,Exxon,"I-20, EXIT 205 & SR-46",Heflin,AL,587,3.01566666,33.647,-85.5698
6188,SIGNAL FOOD STORE #112,US-65 & SR-J,Ozark,MO,535,2.999,37.0365,-93.2158
6198,DAVIS TRAVEL CENTER #102,"I-95/US-301, EXIT 33 & SR-602",Stony Creek,VA,180,3.06566666,36.948,-77.4001
6200,KWIK FILL #388,"I-80, EXIT 29 & SR-8",Harrisville,PA,165,3.404,41.1365,-80.0105
6206,PETRO PORTAGE,"I-90 & I-94, EXIT 108-A",Portage,WI,420,3.80733333,43.5489,-89.4658
6212,MR FUEL,"I-55, EXIT 180",Pevely,MO,540,3.01566666,38.2867,-90.3988
6214,PIONEER Travel Plaza,"I-41, EXIT 60 & SR-145",Richfield,WI,444,3.21566666,43.2372,-88.2413
6215,FUEL HUB,"I-87, EXIT 21B",West Coxsackie,NY,12,3.599,42.36064,-73.81679
6218,LOVES TRAVEL STOP #215,"I-40, EXIT 16 & US-40 BUS/US-66",Gallup,NM,580,3.43733333,35.5182,-108.7431
6219,SCHATZ CROSSROADS,US-2 /US-52,Minot,ND,452,3.549,48.2375,-101.278
6221,LOVES TRAVEL STOP #214,I-10 EXIT 37,El Paso,TX,640,3.07566666,31.8476,-106.43
6222,QUIKTRIP #236,"I-29/US-71, EXIT 18 & SR-92",Platte City,MO,400,2.999,39.3574,-94.7651
6227,MARLOWS FUEL CENTER,"I-20, EXIT 479",Dallas,TX,630,3.24066666,32.7935,-96.7667
6229,FUEL MART #764,"I-70, EXIT 66 & SR- 54",South Vienna,OH,315,3.129,39.9294,-83.6138
6232,OASIS TRUCK STOP,"I-44 & SR-133, MM 145",Richland,MO,416,3.324,37.861,-92.3993
6242,TA FORISTELL TRAVEL CENTER,"I-70, EXIT 203",Foristell,MO,540,3.019,38.8156,-90.9627
6243,GARDEN INN TRAVEL PLAZA,US-60/US-63,Cabool,MO,535,3.299,37.1262,-92.1032
6251,BREAUX BRIDGE VALERO #1408,"I-10 & SR-347, EXIT 115",Breaux Bridge,LA,730,3.499,30.2829,-91.9043
6252,PILOT TRAVEL CENTERS #12,I-80 & I-90 EXIT 71,Perrysburg,OH,550,3.759,41.5377,-83.6413
6258,CASEYS #6342,"I-29, EXIT 144 & US-169",Saint Joseph,MO,400,3.169,39.7598,-94.821
6271,TA DENTON TRAVEL CENTER,"I-35, EXIT 471 & US-77",Denton,TX,630,3.254,33.2175,-97.1418
6275,TA SEATTLE EAST TRAVEL CENTER,"I-90, EXIT 34",North Bend,WA,962,3.959,47.49,-121.7741
6275,TA SEATTLE EAST TRAVEL CENTER,"I-90, EXIT 34",North Bend,WA,962,3.899,47.49,-121.7741
6275,TA SEATTLE EAST TRAVEL CENTER,"I-90, EXIT 34",North Bend,WA,962,3.859,47.49,-121.7741
6284,7-ELEVEN #40513,I-90/80-IN TOLL RD MM 22W,Portage,IN,365,3.999,41.5856,-87.1797
6286,APPLE MARKET #526,"I-64, EXIT 94",Winchester,KY,410,2.91566666,38.0018,-84.1908
6290,FUEL KING NAPOLEON TRAVEL CENTER,"US-6/US-24/SR/CR-3, EXIT 41",Napoleon,OH,550,3.439,41.3977,-84.1244
6293,PETRO STOPPING CENTER #313,"I-40, EXIT 79",Milan,NM,580,3.57066666,35.1949,-107.8946
6296,GRAY TRUCK STOP,US-71/US-136,Maryville,MO,400,3.26566666,40.3428,-94.8702
6299,HWY 34 TRUCKSTOP,"US-34, EXIT 258",West Burlington,IA,345,3.374,40.8215,-91.1755
6305,I-95 Fuel Stop,"I-95, EXIT 126 & US-17/US-1",Fredericksburg,VA,180,3.264,38.2992,-77.4872
6307,QUIKTRIP #608,"I-70, MID RIVERS MALL",Saint Peters,MO,540,2.904,38.7825,-90.6061
6308,Pilot Travel Centers #354,"I-64, EXIT 28",Simpsonville,KY,415,3.759,38.2167,-85.3515
6309,WINNERS CIRCLE #1,"I-30 & US-270, EXIT 98A",Malvern,AR,695,3.35233333,34.3734,-92.8205
6310,CIRCLE K #2707515,US-27/SR-25 & US-98/US-700/SR-700/SR-66,Sebring,FL,140,3.389,27.477,-81.453
6315,AYERCO #25,US-24,Taylor,MO,494,3.01566666,39.9381,-91.52377
6318,Chisholm Corner #15,"I-35, EXIT 72 & US-19",Pauls Valley,OK,569,3.38733333,34.7231,-97.2281
6326,KANZA TRAVEL PLAZA,"I-35, EXIT 231 AND US-177",Braman,OK,500,3.02733333,36.9236,-97.3358
6327,PETRO STOPPING CENTER #312,"I-40 & I-75, EXIT 369",Knoxville,TN,405,3.42566666,35.9692,-83.9496
6330,TA EDINBURG TRAVEL CENTER,I-69C/US-281 & FM-2812,Edinburg,TX,639,3.01066666,26.3196,-98.1597
6334,231 PLAZA AND TRUCK STOP,US-231/SR-75 & SR-20,Youngstown,FL,20,3.494,30.36436,-85.43826
6341,TA RAWLINS TRAVEL CENTER,"I-80, EXIT 214",Rawlins,WY,795,3.72233333,41.7849,-107.2265
6346,SPEEDWAY #4710,US-71/SR-60,Windom,MN,425,3.299,43.8736,-95.1201
6351,FLYING J TRAVEL PLAZA #608,"I-10, EXIT 1",Ehrenberg,AZ,930,3.959,33.6175,-114.4883
6356,CIRCLE K #2721536,ST 6 EAST,Batesville,MS,435,3.24066666,34.3148,-89.9249
6370,TA ROCKWALL TRAVEL CENTER,"I-30/US-67, EXIT 68 & SR-205",Rockwall,TX,630,3.13733333,32.9169,-96.4374
6374,TA ELGIN WEST TRAVEL CENTER,I-90 &  US-20,Hampshire,IL,290,3.459,42.1124,-88.5118
6374,TA ELGIN WEST TRAVEL CENTER,I-90 &  US-20,Hampshire,IL,290,3.539,42.1124,-88.5118
6374,TA ELGIN WEST TRAVEL CENTER,I-90 &  US-20,Hampshire,IL,290,3.599,42.1124,-88.5118
6374,TA ELGIN WEST TRAVEL CENTER,I-90 &  US-20,Hampshire,IL,290,3.499,42.1124,-88.5118
6374,TA ELGIN WEST TRAVEL CENTER,I-90 &  US-20,Hampshire,IL,290,3.469,42.1124,-88.5118
6387,FLYING J FRANCHISE #966,"I-80, EXIT 229",Battle Mountain,NV,966,3.79233333,40.6299,-116.9518
6391,TOOT N TOTUM #106,US-287,Dumas,TX,585,3.00566666,35.8613,-101.9642
6393,PILOT TRAVEL CENTER #478,"I-64, EXIT 92",Leavenworth,IN,415,3.959,38.1997,-86.3454
6393,PILOT TRAVEL CENTERS #478,"I-64, EXIT 92",Leavenworth,IN,415,3.959,38.1997,-86.3454
6401,CIRCLE K #2723457,"I-10, EXIT 34-B",Gulfport,MS,715,2.989,30.4274,-89.0704
6434,AMPRIDE ALL ROUND TRUCK STOP,US-20,Fort Dodge,IA,343,3.299,42.5098,-94.1751
6441,GRAND OIL,"I-75, EXIT 41 & SR-80",London,KY,410,3.499,37.1175,-84.0767
6442,CLARK OIL #49,US-84,Laurel,MS,620,2.999,31.6956,-89.1449
6448,CIRCLE K #2723392,"I-59, EXIT 97 & US-84",Laurel,MS,620,2.95233333,31.6956,-89.1449
6462,ARCO #471770,US-281 & SR-5,Dunseith,ND,452,3.499,48.813,-100.0622
6468,TA SAYRE TRAVEL CENTER,"I-40 & CEMETARY RD, EXIT 26",Sayre,OK,483,3.064,35.2966,-99.6286
6480,FLYING J #934,"I-84, EXIT 265",La Grande,OR,982,3.53566666,45.3242,-118.0865
6492,FLICKS,US-49,Richland,MS,760,2.999,32.2309,-90.1591
6496,SPEEDY EXPRESS #38,"I-35, EXIT 305",Mathis,TX,625,3.199,28.0909,-97.817
6502,SQUAW CREEK TRAVEL PLAZA,"I-29, EXIT 79 & US-159",Forest City,MO,400,3.339,39.9829,-95.1883
6517,HARDYS #5,"I-80, EXIT 4   4",Wendover,UT,835,3.499,40.7241,-114.025
6518,TOWN PUMP FOOD STORE #310,"I-15, EXIT 164",Boulder,MT,816,3.559,46.2359,-112.1198
6526,TULIP CITY TRUCK STOP,"I-196 & SR-40, EXIT 49",Holland,MI,344,3.739,42.7677,-86.0984
6527,ZIP TRIP #50,"I-90, EXIT 426",Park City,MT,780,3.584,45.631,-108.9253
6547,FLYING J TRAVEL PLAZA #762,"I-90, EXIT 126 & SR-59",Gillette,WY,836,3.899,44.2752,-105.4982
6562,PILOT #1323,"I-29, EXIT 35",Faucett,MO,400,3.27233333,39.6005,-94.7976
6563,Road Ranger #282,"I-35, EXIT 500",Gainesville,TX,630,3.17566666,33.639,-97.1487
6564,FLYING J FRANCHISE #970,US-395,Pasco,WA,925,4.599,46.2506,-119.1305
6565,TA Greeneville Travel Center,"I-81,  EXIT 36",Greeneville,TN,405,3.55233333,36.168,-82.8197
6567,YELLOWSTONE TRUCK SHOP,"I-90, EXIT 330",Livingston,MT,786,3.649,45.6665,-110.5539
6577,AC & T TRAVEL CENTER,"I-81, EXIT 5 W",Hagerstown,MD,70,3.659,39.6401,-77.7217
6578,PILOT TRAVEL CENTER #909- TOWN PUMP,"I-15 & US-2, EXIT 363",Shelby,MT,815,3.63566666,48.5031,-111.8614
6588,TOWN PUMP FOOD STORE #4300,"I-90, EXIT 249",Whitehall,MT,786,3.659,45.8709,-112.0976
6593,LITTLE AMERICA TRAVEL CENTER,"I-40, EXIT 198",Flagstaff,AZ,930,3.539,35.1872,-111.6194
6607,TRANSIT TRUCK STOP,"I-97, EXIT 10",Millersville,MD,22,3.46566666,39.05955,-76.64802
6608,7-ELEVEN #35560,SR-16,Charlotte,NC,46,3.999,35.2083,-80.8303
6628,FLYING J TRAVEL PLAZA #682,"I-85, EXIT 150",Haw River,NC,65,3.94233333,36.0926,-79.3615
6632,TA SAVANNAH TRAVEL CENTER,"I-95/SR-405,  EXIT 87 & US-17/SR-25",Richmond Hill,GA,195,3.35066666,31.9012,-81.3125
6633,BAKER TRUCK CORRAL,"I-84, EXIT 304",Baker City,OR,982,3.42566666,44.7749,-117.832
6640,PETRO STOPPING CENTER JOHNSTOWN,"I-25, EXIT 254",Johnstown,CO,800,3.42733333,40.3499,-104.9482
6642,TA VERO BEACH TRAVEL CENTER #197,"I-95/SR-9, EXIT 147 & SR-60",Vero Beach,FL,95,3.484,27.6463,-80.393
6646,FAMILY EXPRESS #35 (DISCOUNT AVAILABLE),"I-65, EXIT 215 & SR-114",Rensselaer,IN,365,3.13233333,40.9375,-87.1684
6655,BP DBA TA ELKTON TRAVEL CENTER,"I-95,  EXIT 109B",Elkton,MD,150,4.969,39.6066,-75.8209
6659,GURNEE TRUCK STOP,US-41,Gurnee,IL,290,3.289,42.3708,-87.9392
6659,GURNEE TRUCK STOP,US-41,Gurnee,IL,290,3.379,42.3708,-87.9392
6661,TA FRANKLIN TRAVEL CENTER,"I-65, EXIT 61",Franklin,TN,460,3.839,35.92,-86.8516
6663,TA of Mocksville,"I-40, EXIT 170 & US-601",Mocksville,NC,46,3.699,35.9007,-80.5631
6677,ROADWAY TRAVEL CENTER,"I-29, EXIT 73",Sioux Falls,SD,530,3.199,43.5396,-96.7311
6693,SAPP BROS TRAVEL CENTER,US-77,Fremont,NE,486,3.34566666,41.4395,-96.4873
6701,JACKS TRUCK STOP,"I-65, EXIT 304 & SR-69",Cullman,AL,615,3.999,34.1775,-86.8407
6704,FL Roberts,"I-91, EXIT 24",Whately,MA,100,3.559,42.43981,-72.63481
6716,MARATHON,"I-29/US-81, EXIT 65 & I-94 BUS/US-10",Fargo,ND,341,3.449,46.8651,-96.8292
6721,STAMART 1222,"I-29, EXIT 64",Fargo,ND,341,3.38566666,46.8651,-96.8292
6725,TA EXPRESS GRAND FORKS #948,"I-29, EXIT 141 & US-2",Grand Forks,ND,355,3.539,47.9214,-97.0884
6734,TOMAHAWK TRUCK STOP,"I-25, EXIT 128",Fountain,CO,803,3.299,38.6886,-104.6829
6736,EAGLEVILLE TRAVEL CENTER,"I-35 & ROUTE N, EXIT 106",Eagleville,MO,320,2.93566666,40.4685,-93.9862
6742,Holiday #3810,"I-94/US-52, EXIT 178 & SR-24",Clearwater,MN,453,3.22066666,45.4102,-94.0447
6744,FLYING J #550,US-2/US-52,Minot,ND,273,3.93566666,48.2375,-101.278
6745,TIGER TRUCK STOP,"I-10, EXIT 139",Grosse Tete,LA,600,3.059,30.4148,-91.4395
6755,PETRO STOPPING CENTER #326,"I-40, EXIT 161 & SR-391",North Little Rock,AR,695,3.20733333,34.7807,-92.2371
6760,BETTY BEAVERS TRUCKSTOP,"I-87, EXIT 32",Lewis,NY,12,3.719,44.27505,-73.56569
6760,BETTY BEAVERS TRUCKSTOP,"I-87, EXIT 32",Lewis,NY,12,3.619,44.27505,-73.56569
6765,CIRCLE C TRAVEL PLAZA,"I-95, EXIT 68 & SR-61",Walterboro,SC,195,3.079,32.901,-80.676
6806,Onvo Travel Plaza,"I-78/US-22, EXIT 45 & SR-863",Kutztown,PA,90,3.32733333,40.5212,-75.7772
6810,TA RICHMOND,"I-95, EXIT 89 & SR-802",Ashland,VA,180,3.60566666,37.7597,-77.4716
6811,PUMP & PANTRY #24,US-6/CR-74,Hastings,NE,330,3.399,40.5961,-98.39
6823,PETRO STOPPING CENTER #301,"I-10, EXIT 37",El Paso,TX,640,3.124,31.8476,-106.43
6840,PETRO DEMING,"I-10, EXIT 68",Deming,NM,640,3.38566666,32.2631,-107.7525
6842,FLYNNS TRUCK PLAZA,"US-20, EXIT 11 & SR-140",Shrewsbury,MA,175,3.61566666,42.29593,-71.71285
6845,NEBRASKALAND TIRE SHOP,"I-80, EXIT 237 & US-283",Lexington,NE,330,2.999,40.7779,-99.7461
6850,BROKEN WHEEL TRUCK STOP,"I-25, EXIT 135",Douglas,WY,790,3.759,42.7542,-105.3969
6857,TA SPARKS TRAVEL CENTER,"I-80, EXIT 19 & SR-659",Sparks,NV,966,3.899,39.5736,-119.7161
6859,PRIME STOP,US-81,Norfolk,NE,470,3.229,42.0324,-97.4217
6864,JJS TRUCK STOP,"I-30, EXIT 106",Malvern,AR,695,3.31566666,34.3734,-92.8205
6869,TA WHEELING TRAVEL CENTER,"I-70, EXIT 11 & CR-41",Valley Grove,WV,165,3.529,40.0901,-80.5691
6883,PILOT TRAVEL CENTERS #517,US- 22 & SR-322,Duncannon,PA,70,4.199,40.3952,-77.0277
6885,GO MART FOOD STORE #31,"I-77, EXIT 95 & SR-61",Charleston,WV,44,3.499,38.3484,-81.6322
6886,PWI #535,"I-70, EXIT 47",Palisade,CO,800,3.379,39.1084,-108.3573
6897,Speedee Mart #2890,US-20 & US-83,Valentine,NE,475,3.329,42.8758,-100.5466
6901,PRIME STOP,US-275,Wisner,NE,470,3.259,41.9891,-96.9147
6915,FLITE LINE SUNOCO,"I-95, EXIT 3",Portsmouth,NH,34,3.69566666,43.058,-70.7826
6927,TORCH 85 TRUCK PLAZA,"I-85, EXIT 42",Tuskegee,AL,720,3.27233333,32.4409,-85.7131
6944,CROSSROADS TRUCK STOP,"I-82, EXIT 1 & US-730",Umatilla,OR,982,3.239,45.9119,-119.3133
6948,PILOT #4563,"I-8I, EXIT 77",Harrisburg,PA,70,3.869,40.2752,-76.8843
6951,ARROWHEAD TRAVEL PLAZA,"I-84, EXIT 216 & SR 331,",Pendleton,OR,982,3.259,45.6757,-118.8201
6954,BOLLA MARKET #198,SR-17MAHWA,Mahwah,NJ,115,3.58566666,41.08871,-74.14376
6960,FLYING J TRAVEL PLAZA #761,"I-80 & US-189, EXIT 3",Evanston,WY,835,3.699,41.2602,-110.9646
6961,LITTLE AMERICA,"I-80, EXIT 358 & I-25, EXIT 9 & US-30",Cheyenne,WY,795,3.709,41.135,-104.7902
6962,LITTLE AMERICA TRAVEL CENTER,"I-80, EXIT 68 & SR-374",Little America,WY,835,3.52566666,41.547,-109.8642
6963,Atlantis Fresh Market #553,"I-84, EXIT 1",Montague,NJ,120,3.509,41.30315,-74.7935
6968,R STORE #4513,US-41,Fond Du Lac,WI,360,3.299,43.7718,-88.4397
6970,TA Twin City East Travel Center,I-94  EXIT 4 & US-12,Hudson,WI,450,3.54733333,44.9639,-92.7312
6971,KWIK TRIP #1013,"I-41, EXIT 57 & SR-167",Richfield,WI,444,3.39066666,43.2372,-88.2413
6975,TRUCKERS INN STOP,"I-90/I-94, EXIT 132 & US-51",De Forest,WI,420,3.199,43.2301,-89.3431
6976,MOASIS TRUCK CENTER,US-41,Little Chute,WI,444,3.199,44.2906,-88.3208
6980,TA MADISON TRAVEL CENTER,"I-90/I-94/I-39, EXIT 132 & US-51",De Forest,WI,420,3.839,43.2301,-89.3431
6981,Kwik Trip #1197,"US-151, EXIT 26",Belmont,WI,335,3.564,42.7379,-90.3346
6984,TA HURRICANE TRAVEL CENTER,"I-64, EXIT 39 & SR-34",Hurricane,WV,255,3.63233333,38.4293,-82.0182
6986,LOVES TRAVEL STOP #448,"I-5, EXIT 136B, SR-509",Tacoma,WA,977,4.589,47.2431,-122.4531
6986,LOVES TRAVEL STOPS #448,"I-5, EXIT 136B, SR-509",Tacoma,WA,977,4.589,47.2431,-122.4531
6987,One9 #965,"I-90, EXIT 109 & US-97",Ellensburg,WA,977,3.859,46.9999,-120.5475
6987,One9 #965,"I-90, EXIT 109 & US-97",Ellensburg,WA,977,3.839,46.9999,-120.5475
6987,One9 #965,"I-90, EXIT 109 & US-97",Ellensburg,WA,977,3.899,46.9999,-120.5475
6992,FLYING J #1169,"I-5, EXIT 99",Tumwater,WA,977,4.599,46.9891,-122.9175
6994,FLYING J FRANCHISE #967,"I-90, EXIT 286",Spokane,WA,970,4.059,47.6671,-117.433
6994,FLYING J FRANCHISE #967,"I-90, EXIT 286",Spokane,WA,970,3.999,47.6671,-117.433
6994,FLYING J FRANCHISE #967,"I-90, EXIT 286",Spokane,WA,970,4.029,47.6671,-117.433
6994,FLYING J FRANCHISE #967,"I-90, EXIT 286",Spokane,WA,970,4.159,47.6671,-117.433
6994,FLYING J FRANCHISE #967,"I-90, EXIT 286",Spokane,WA,970,3.929,47.6671,-117.433
6999,SIMMONS TRAVEL CENTER,"I-85, EXIT 4 & SR-93/SR-903",Bracey,VA,180,3.099,36.5762,-78.1107
7003,TA ASHLAND TRAVEL CENTER,"I-95, EXIT 92 & SR-54",Ashland,VA,180,3.64233333,37.7597,-77.4716
7004,FRANKS TRUCKING CENTER,"I-264, EXIT 13B",Chesapeake,VA,130,3.449,36.6778,-76.3023
7005,PETRO STOPPING CENTER,"I-81 & I-64, EXIT 205",Raphine,VA,185,3.659,37.93735,-79.23281
7007,KUM & GO #0201,"I-80, EXIT 242",Coralville,IA,380,3.294,41.699,-91.5967
7013,ERNIES TRUCK PLAZA,"I-15, EXIT 112",Beaver,UT,910,3.399,38.2759,-112.6383
7016,TA SALT LAKE CITY TRAVEL CENTER,"I-80, EXIT 99",Tooele,UT,835,3.769,40.5393,-112.3082
7018,FLYING J TRAVEL PLAZA #746,"I-15 & I-80 SR 201, EXIT 305",Salt Lake City,UT,835,3.73233333,40.7776,-111.9311
7023,TA AMARILLO WEST TRAVEL CENTER,"I-40, EXIT 74",Amarillo,TX,585,3.279,35.1984,-101.8316
7037,SAMS TRUCK STOP,"I-10, EXIT 138",Van Horn,TX,640,3.999,31.0407,-104.8341
7045,BUBBLE CITY TRUCK STOP,US-64,Farmington,NM,614,3.70566666,36.7555,-108.1823
7051,PILOT #887,US-84 & US-180,Snyder,TX,575,3.24566666,32.7133,-100.9116
7056,TA SWEETWATER TRAVEL CENTER,"I-20, EXIT 242",Sweetwater,TX,575,3.15233333,32.4692,-100.4092
7058,YESWAY #1125,"I-27, EXIT 1C",Lubbock,TX,700,2.969,33.5657,-101.8879
7059,TA BIG SPRING TRAVEL CENTER,"I-20, EXIT 177 & US-87",Big Spring,TX,612,3.699,32.2389,-101.4799
7064,SPEEDWAY #9804,"I-10, EXIT 25",El Paso,TX,640,3.41566666,31.8476,-106.43
7066,REFUEL #328,"I-35,  EXIT 204",San Marcos,TX,595,2.999,29.8734,-97.9356
7072,TA ANTIOCH TRAVEL CENTER,"I-24, EXIT 62",Antioch,TN,460,3.50566666,35.78979,-88.97423
7077,THE TENNESSEAN TRUCKSTOP,"I-65, EXIT 22 & US-31 ALT/SR-11",Cornersville,TN,460,3.799,35.3634,-86.8584
7078,TA DENMARK TRAVEL CENTER,"I-40 & SR-138, EXIT 68",Denmark,TN,435,3.539,36.33839,-87.72919
7080,ONE9 #1422,"I-40, EXIT 197",Moriarty,NM,580,3.11566666,35.0034,-106.0444
7082,Chevron,"I-65, EXIT 6",Ardmore,TN,460,3.599,35.0031,-86.8548
7084,Holiday StationStore #2746500,US-12 & US-281,Aberdeen,SD,248,3.114,45.4649,-98.4686
7087,PILOT #599,"I-90, EXIT 192 & I-90 BUS/US-83",Murdo,SD,506,3.799,43.8893,-100.7142
7088,FLYING J FRANCHISE #931,"I-90, EXIT 61",Rapid City,SD,506,3.15733333,44.0716,-103.2204
7092,LOVES TRAVEL STOP #445,I-90 EXIT 399 & SR 115,Sioux Falls,SD,530,3.889,43.5396,-96.7311
7095,TA MANNING TRAVEL CENTER,"I-95, EXIT 119",Manning,SC,135,3.51733333,33.6933,-80.2167
7106,PILOT DEALER #1163,"I-80, EXIT 42",Emlenton,PA,165,4.03566666,41.1806,-79.7073
7112,TA HARRISBURG TRAVEL CENTER,"I-81, EXIT 77 & SR-39",Harrisburg,PA,70,3.81566666,40.2752,-76.8843
7116,TA MILESBURG TRAVEL CENTER,"I-80, EXIT 158",Milesburg,PA,14,4.049,40.9426,-77.792
7121,TA BLOOMSBURG TRAVEL CENTER,"I-80, EXIT 232",Bloomsburg,PA,138,3.95733333,41.0027,-76.4561
7126,SAPP BROS TRAVEL CENTER,"I-80, EXIT 120",Clearfield,PA,14,3.899,41.0216,-78.439
7128,FLYING J #518,"I-78, EXIT 10 (PA 645)",Myerstown,PA,208,3.869,40.3722,-76.3055
7129,TA BROOKVILLE TRAVEL CENTER,"I-80 EXIT 78, & SR-36",Brookville,PA,14,4.029,41.1615,-79.0827
7131,TA BREEZEWOOD TRAVEL CENTER,"I-76 & US30, EXIT 161",Breezewood,PA,14,4.299,39.99925,-78.23862
7132,Terrible Herbst dba/One9 #1395,"I-15, EXIT 12",Jean,NV,910,3.459,35.77887,-115.32388
7135,PETRO STOPPING CENTER #336,"I-81, EXIT 52 & I-76, EXIT 226",Carlisle,PA,70,4.149,40.2,-77.2034
7136,TA LAMAR TRAVEL CENTER,"I-80, EXIT 173 & SR-64",Lamar,PA,14,4.03566666,41.01618,-77.5311
7137,TA BARKEYVILLE TRAVEL CENTER,"I-80, EXIT 29 & SR-8",Harrisville,PA,165,4.044,41.1365,-80.0105
7147,JUBITZ TRAVEL PLAZA,"I-5, EXIT 307",Portland,OR,935,3.859,45.5371,-122.65
7148,TA TROUTDALE TRAVEL CENTER,"I-84, EXIT 17",Troutdale,OR,935,3.93233333,45.5372,-122.3955
7154,TA OKLAHOMA CITY WEST TRAVEL CENTER,"I-40, EXIT 140",Oklahoma City,OK,483,3.30233333,35.4676,-97.5136
7156,TA OKLAHOMA CITY EAST TRAVEL CENTER,"I-40, EXIT 142",Oklahoma City,OK,483,3.30066666,35.4676,-97.5136
7166,TA London Travel Center,"I-70 & US-42, EXIT 79",London,OH,315,3.49233333,39.8935,-83.4375
7169,TA YOUNGSTOWN TRAVEL CENTER,"I-80 & SR 46, EXIT 223",Youngstown,OH,573,3.444,41.0993,-80.6463
7170,TRUCK WORLD TRUCKSTOP,"I-80, EXIT 234",Hubbard,OH,573,3.259,41.1595,-80.5672
7172,TA TOLEDO EAST TRAVEL CENTER,"I-80 & I-280, EXIT 71",Perrysburg,OH,550,3.78066666,41.5377,-83.6413
7173,SPEEDWAY #9954,"SR-17, EXIT 66",Apalachin,NY,32,3.999,42.0639,-76.1567
7173,SPEEDWAY #9954,"SR-17, EXIT 66",Apalachin,NY,32,4.099,42.0639,-76.1567
7176,TA DAYTON TRAVEL CENTER,"I-70,  EXIT 10 & US-127",Eaton,OH,317,3.40066666,39.7506,-84.6342
7179,JIMS TRUCK PLAZA,"I-90, EXIT 52E",Buffalo,NY,38,3.799,42.9018,-78.8487
7179,JIMS TRUCK PLAZA,"I-90, EXIT 52E",Buffalo,NY,38,3.659,42.9018,-78.8487
7180,TA HebronTravel Center,"I-70, EXIT 126 & SR-37",Hebron,OH,315,3.38233333,39.9644,-82.4898
7183,TA KINGSVILLE TRAVEL CENTER,"I-90, EXIT 235 & SR-193",Kingsville,OH,305,3.88233333,41.8869,-80.6771
7184,TA JEFFERSONVILLE EAST TRAVEL CENTER,"I-71, EXIT 65 & SR-435 & US-35",Jeffersonville,OH,315,3.32733333,39.6522,-83.555
7189,S and R Truck Plaza,"I-94, EXIT 260",Jamestown,ND,390,3.58566666,46.9063,-98.6937
7190,Tower Travel Center,"I-94, EXIT 307",Tower City,ND,341,3.51566666,46.9263,-97.676
7196,SALUDA TRUCK PLAZA,"I-26, EXIT 28",Saluda,NC,210,3.099,35.2375,-82.3469
7197,7-ELEVEN #35115,"I-90, EXIT 42",Phelps,NY,190,4.049,42.95756,-77.05747
7197,7-ELEVEN #35115,"I-90, EXIT 42",Phelps,NY,190,4.019,42.95756,-77.05747
7198,LOVES TRAVEL STOP #507,"I-85, EXIT 71",Salisbury,NC,46,3.51066666,35.6658,-80.4905
7212,ONVO TRAVEL PLAZA,"I-90 & RTE 22, EXIT B-3",Canaan,NY,12,3.439,42.41203,-73.44706
7212,ONVO TRAVEL PLAZA,"I-90 & RTE 22, EXIT B-3",Canaan,NY,12,3.399,42.41203,-73.44706
7213,SENECA ONE STOP,"I-90, EXIT 58",Irving,NY,38,2.899,42.56756,-79.11282
7213,SENECA ONE STOP,"I-90, EXIT 58",Irving,NY,38,2.999,42.56756,-79.11282
7215,TA FULTONVILLE TRAVEL CENTER,"I-90, EXIT 28",Fultonville,NY,12,4.039,42.9463,-74.3704
7216,ONVO TRAVEL PLAZA - LOUNSBERRY,"SR-17, EXIT 63",Nichols,NY,220,3.399,42.02174,-76.36688
7216,ONVO TRAVEL PLAZA - LOUNSBERRY,"SR-17, EXIT 63",Nichols,NY,220,3.439,42.02174,-76.36688
7220,CUMBERLAND FARMS #001662,US-9W/SR-32,Glenmont,NY,12,3.799,42.6048,-73.76957
7220,CUMBERLAND FARMS #001662,US-9W/SR-32,Glenmont,NY,12,3.749,42.6048,-73.76957
7222,TA SANTA ROSA TRAVEL CENTER,"I-40/US-54, EXIT 277 & US-84",Santa Rosa,NM,580,3.45233333,34.9361,-104.6769
7225,LOVES TRAVEL STOP #329,US-60,Clovis,NM,593,4.089,34.4376,-103.1923
7226,TA LAS CRUCES TRAVEL CENTER,"I-10, EXIT 139",Las Cruces,NM,640,3.14066666,32.3265,-106.7893
7227,NATIONAL TRUCK STOP,"I-10, VADO EXIT 155",Vado,NM,640,2.999,32.1278,-106.6571
7228,MAVERIK COUNTRY STORE #638,"I-40, EXIT 159D & I-25/US-85, EXIT 227",Albuquerque,NM,580,3.20733333,35.1054,-106.6465
7229,TA GALLUP TRAVEL CENTER,"I-40, EXIT 16 & HWY 66",Gallup,NM,580,3.43233333,35.5182,-108.7431
7230,DEMING TRUCK STOP,"I-10, EXIT 81",Deming,NM,640,2.899,32.2631,-107.7525
7231,TA ALBUQUERQUE TRAVEL CENTER,"I-25, EXIT 227 OR 225",Albuquerque,NM,580,3.58733333,35.1054,-106.6465
7234,TA BLOOMSBURY TRAVEL CENTER,"I-78/US-22, EXIT 7 & SR-173",Bloomsbury,NJ,115,3.79066666,40.6537,-75.084
7237,TA COLUMBIA TRAVEL CENTER,"I-80, EXIT 4 & SR-94",Columbia,NJ,115,4.099,40.926,-75.0945
7239,TA PAULSBORO TRAVELCENTER,"I-295, EXIT 18A",Paulsboro,NJ,150,3.999,39.84,-75.2397
7240,Pilot Travel Centers #190,"I-78, EXIT 12 & US-22",Hampton,NJ,105,3.809,40.70704,-74.956
7244,TA LAS VEGAS TRAVEL CENTER,"I-15, EXIT 33",Las Vegas,NV,910,3.73566666,36.2333,-115.2654
7248,WILD WILD WEST TRAVEL PLAZA,"I-15, EXIT 37",Las Vegas,NV,910,3.76733333,36.2333,-115.2654
7263,FLYING J #904,"I-80, EXIT 107",Big Springs,NE,475,3.48233333,41.0609,-102.0745
7264,TA GRAND ISLAND WEST TRAVEL CENTER,"I-80, EXIT 305",Alda,NE,330,3.169,40.8666,-98.468
7265,Fast Stop Travel Centers #1151,"I-80, EXIT 164 & CR-56C",Hershey,NE,475,3.499,41.1602,-100.9985
7267,TA OGALLALA TRAVEL CENTER,"I-80, EXIT 126",Ogallala,NE,475,3.46566666,41.1292,-101.7211
7268,SAPP BROS TRAVEL CENTER,"I-80, EXIT 440 & SR-50, EXIT 440",Omaha,NE,486,3.28066666,41.2627,-96.0529
7269,GRAND ISLAND TRAVEL CENTER,"I-80, EXIT 312 & US-281/US-34",Grand Island,NE,330,3.26566666,40.9218,-98.3586
7282,ALLTOWN FRESH,"I-87, EXIT 17N & US-9",Fort Edward,NY,12,3.759,43.26702,-73.58456
7282,ALLTOWN FRESH,"I-87, EXIT 17N & US-9",Fort Edward,NY,12,3.779,43.26702,-73.58456
7284,MURALTS TRUCK PLAZA,"I-90, EXIT 96 & US-93/SR-200",Missoula,MT,820,3.609,46.8751,-114.0214
7285,SENECA ONE STOP,"SR-17, EXIT 20",Salamanca,NY,38,3.309,42.1631,-78.7233
7286,TA MISSOULA,"I-90, EXIT 96 & US-93",Missoula,MT,820,3.699,46.8751,-114.0214
7288,TA LAUREL,"I-90, EXIT 437",Laurel,MT,780,3.61233333,45.6735,-108.7707
7289,TA STRAFFORD,"I-44, EXIT 88 & SR-125",Strafford,MO,535,3.36566666,37.2689,-93.1183
7291,TA OAK GROVE TRAVEL CENTER,"I-70, EXIT 28",Oak Grove,MO,400,3.22233333,39.0075,-94.1282
7293,TA Matthews Travel Center,"I-55, EXIT 58 & SR-80",Matthews,MO,574,3.20566666,36.7584,-89.5688
7299,GASPERS - FAST LANE,"I-70, EXIT 148 & US-54",Kingdom City,MO,392,2.959,38.9473,-91.9389
7300,B AND D AUTO TRUCK PLAZA,"I-44, EXIT 127",Lebanon,MO,416,3.099,37.6717,-92.6603
7310,AAA HOSPITALITY,"I-55, EXIT 220",Tillatoba,MS,435,2.784,33.9851,-89.896
7312,208 FUEL PLAZA,"I-70, EXIT 208",Belmont,OH,430,3.419,40.028,-81.0409
7314,TA MERIDIAN TRAVEL CENTER,"I-20 & I-59, EXIT 160",Meridian,MS,705,2.91233333,32.3846,-88.6896
7323,TRUCKERS INN,"I-94/US-52, EXIT 127 & US-71",Sauk Centre,MN,453,3.22566666,45.736,-94.9523
7326,PETRO STOP #398,"I-35 & I-90, EXIT 11",Albert Lea,MN,515,4.099,43.6548,-93.3643
7327,TA TEKONSHA,"I-69,EXIT 25 & SR-60",Tekonsha,MI,385,3.599,42.0964,-84.9903
7327,TA TEKONSHA,"I-69,EXIT 25 & SR-60",Tekonsha,MI,385,3.699,42.0964,-84.9903
7327,TA TEKONSHA,"I-69,EXIT 25 & SR-60",Tekonsha,MI,385,3.589,42.0964,-84.9903
7331,SPEEDWAY #9266,US-52 & SR-234,Ironton,OH,255,3.699,38.5323,-82.6779
7332,FLYING J #895,"I-75, EXIT 32A",Trenton,MI,325,3.559,42.1394,-83.1929
7332,FLYING J #895,"I-75, EXIT 32A",Trenton,MI,325,3.299,42.1394,-83.1929
7332,FLYING J #895,"I-75, EXIT 32A",Trenton,MI,325,3.249,42.1394,-83.1929
7332,FLYING J #895,"I-75, EXIT 32A",Trenton,MI,325,3.349,42.1394,-83.1929
7332,FLYING J #895,"I-75, EXIT 32A",Trenton,MI,325,3.439,42.1394,-83.1929
7335,TA SAWYER TRAVEL CENTER,"I-94, EXIT 12",Sawyer,MI,465,3.699,41.88532,-86.58947
7335,TA SAWYER TRAVEL CENTER,"I-94, EXIT 12",Sawyer,MI,465,3.689,41.88532,-86.58947
7337,TA BATTLE CREEK,"I-94, EXIT 104",Battle Creek,MI,385,4.039,42.2985,-85.2296
7337,TA BATTLE CREEK,"I-94, EXIT 104",Battle Creek,MI,385,3.999,42.2985,-85.2296
7337,TA BATTLE CREEK,"I-94, EXIT 104",Battle Creek,MI,385,3.979,42.2985,-85.2296
7337,TA BATTLE CREEK,"I-94, EXIT 104",Battle Creek,MI,385,3.989,42.2985,-85.2296
7341,INTERSTATE TRAVEL PLAZA,"I-495, EXIT 14A & US-1",Wrentham,MA,175,3.699,42.06677,-71.32811
7344,BEST QUICK STOP,US-1,Peabody,MA,178,3.61566666,42.5335,-70.9725
7353,DYSARTS SERVICE,"I-95, EXIT 44",Bangor,ME,26,3.799,44.8323,-68.7906
7354,CIRCLE K #4707065,"I-95, EXIT 2",Kittery,ME,125,3.899,43.08814,-70.73616
7357,TA SLIDELL TRAVEL CENTER,"I-10, EXIT 266 & US-190",Slidell,LA,725,3.154,30.2887,-89.7828
7360,KINGS TRUCK STOP,ST 103,Port Barre,LA,600,3.189,30.5565,-91.9565
7364,Petro Stopping Center,"I-80, EXIT 226",Girard,OH,573,3.45233333,41.1665,-80.6963
7370,TA SMITHS GROVE,"I-65, EXIT 38 & SR-101",Smiths Grove,KY,415,3.43233333,37.0503,-86.2083
7371,One9 #392,"I-65, EXIT 81 & SR-84",Sonora,KY,415,3.19566666,37.5319,-85.8947
7372,TA WALTON #28,"I-75/I-71, EXIT 175 & SR-338",Walton,KY,300,3.00233333,38.8645,-84.6122
7379,KEYSTOP TRAVEL CENTER,"I-65, EXIT 2 & US-31W",Franklin,KY,460,2.899,36.7177,-86.5595
7382,TA FLORENCE TRAVEL CENTER,"I-75, EXIT 181",Florence,KY,300,3.07066666,38.9899,-84.6471
7385,WAKEENEY 24 7 STORE #3,"I-70/US-40, EXIT 127 & US-283",Wakeeney,KS,525,3.09066666,39.0234,-99.8815
7387,TA Oakley,"I-70, EXIT 76 & US-40/US-83",Oakley,KS,525,3.649,39.1233,-100.8449
7389,GO MART FOOD STORE #58,"I-77, EXIT 1 & SR-7",Marietta,OH,430,3.799,39.4241,-81.4465
7396,7-ELEVEN #36180,US-20/SR-18,Monroeville,OH,550,3.614,41.244,-82.7018
7398,FLYING J #913,"I-80, EXIT 142 & US-65",Altoona,IA,320,3.35566666,41.6483,-93.4783
7398,FLYING J TRAVEL PLAZA #913,"I-80, EXIT 142 & US-65",Altoona,IA,320,3.34233333,41.6483,-93.4783
7403,FUEL MART #714,"I-75, EXIT 168",North Baltimore,OH,550,3.11233333,41.1803,-83.6695
7406,PILOT TRAVEL CENTER #594,"I-29, EXIT 143",Sioux City,IA,527,3.60566666,42.4959,-96.3901
7406,PILOT #594,"I-29, EXIT 143",Sioux City,IA,527,3.699,42.4959,-96.3901
7407,TA IOWA 80 TRAVEL PLAZA,"I-80, EXIT 284",Walcott,IA,270,3.90233333,41.5989,-90.7744
7408,FRIENDSHIP FOOD MART #99,US-224 & SR-61/SR-598,Willard,OH,249,3.63233333,41.0518,-82.7232
7410,PILOT TRAVEL CENTERS #373,"I-35 & I-80, EXIT 126",Urbandale,IA,320,3.35566666,41.639,-93.7812
7410,PILOT TRAVEL CENTER #373,"I-35 & I-80, EXIT 126",Urbandale,IA,320,3.34233333,41.639,-93.7812
7412,PETRO STOPPING CENTER #374,"I-69, EXIT 245 & SR-28",Gaston,IN,457,3.53566666,40.314,-85.501
7416,GOOD TO GO #40,"I-65, EXIT 215 & SR-114",Rensselaer,IN,290,3.20066666,40.9375,-87.1684
7417,SKY CITGO,US-30 & SR-23,Grovertown,IN,365,3.499,41.375,-86.5047
7418,JJS TRAVEL PLAZA,US-31 & US-24,Peru,IN,370,3.444,40.7593,-86.0756
7421,MIDLAND #1901,"I-70, EXIT 137 AT MILE 137",Cambridge City,IN,375,3.43233333,39.8125,-85.1703
7425,Petro Brazil,"I-70,  EXIT 23",Brazil,IN,375,3.989,39.5226,-87.124
7429,TA CLAYTON,"I-70, EXIT 59 & SR-39",Clayton,IN,375,3.939,39.6892,-86.5234
7435,PETRO STOPPING CENTER #375,"I-65, EXIT 201 & US-231/US-24",Remington,IN,365,3.699,40.7667,-87.1391
7436,TA WHITESTOWN,"I-65/US-52, EXIT 130",Whitestown,IN,375,3.57066666,39.9706,-86.3612
7437,PETRO STOPPING CENTER #379,"I-74,  EXIT 143",Greensburg,IN,375,3.999,39.3518,-85.5028
7457,TA EFFINGHAM TRAVEL CENTER,"I-57 & I-70, EXIT 160",Effingham,IL,574,3.349,39.1205,-88.5509
7457,TA EFFINGHAM TRAVEL CENTER,"I-57 & I-70, EXIT 160",Effingham,IL,574,3.399,39.1205,-88.5509
7457,TA EFFINGHAM TRAVEL CENTER,"I-57 & I-70, EXIT 160",Effingham,IL,574,3.439,39.1205,-88.5509
7457,TA EFFINGHAM TRAVEL CENTER,"I-57 & I-70, EXIT 160",Effingham,IL,574,3.549,39.1205,-88.5509
7459,TA Morris Travel Center,"I-80, EXIT 112 & SR-47",Morris,IL,290,3.849,41.3749,-88.4304
7466,PILOT #595,"I-57, EXIT 54B & SR-13",Marion,IL,540,3.759,37.7345,-88.942
7466,PILOT TRAVEL CENTER #595,"I-57, EXIT 54B & SR-13",Marion,IL,540,3.759,37.7345,-88.942
7469,PILOT TRAVEL CENTERS #313,"I-70/I-55, EXIT 4 & SR-203",East Saint Louis,IL,540,3.439,38.6245,-90.15094
7469,PILOT TRAVEL CENTER #313,"I-70/I-55, EXIT 4 & SR-203",East Saint Louis,IL,540,3.699,38.6245,-90.15094
7469,PILOT TRAVEL CENTER #313,"I-70/I-55, EXIT 4 & SR-203",East Saint Louis,IL,540,3.579,38.6245,-90.15094
7469,PILOT TRAVEL CENTER #313,"I-70/I-55, EXIT 4 & SR-203",East Saint Louis,IL,540,3.379,38.6245,-90.15094
7471,ROAD RANGER #185,"I-55, EXIT 145 & US-136",Mc Lean,IL,280,3.349,40.3136,-89.1686
7471,ROAD RANGER #185,"I-55, EXIT 145 & US-136",Mc Lean,IL,280,3.449,40.3136,-89.1686
7482,TA BOISE TRAVEL CENTER,"I-84, EXIT 54",Boise,ID,785,3.77066666,43.6005,-116.2308
7492,Mobil dba One9 #1365,"I-85, EXIT 70",Cusseta,AL,720,2.999,32.7876,-85.3057
7492,One9 #1365,"I-85, EXIT 70",Cusseta,AL,720,2.999,32.7876,-85.3057
7495,RACETRAC #2574,"I-75, EXIT 237, SR-331 & US-41",Forest Park,GA,18,3.109,33.6209,-84.359
7504,TEXACO,"I-75, EXIT 306 & SR-140",Adairsville,GA,193,3.10566666,34.3709,-84.9212
7506,CHAPMANS TRUCK STOP,"I-85 & SR-219, EXIT 13",Lagrange,GA,50,3.91566666,33.0274,-85.0384
7523,EXPRESS STOP FOOD STORE #4644,"I-75, EXIT 181",Pinconning,MI,260,3.639,43.8573,-83.9638
7533,TA WILDWOOD TRAVEL CENTER,"I-75, EXIT 329 & SR-44",Wildwood,FL,225,3.214,28.7752,-82.0075
7534,TA BALDWIN TRAVEL CENTER,"I-10, EXIT 343 & US-301",Jacksonville,FL,75,3.899,30.3322,-81.6749
7535,GIANT #198,"I-4/SR-400, EXIT 7 & US-301/SR-41",Tampa,FL,225,3.25733333,27.9945,-82.4447
7543,TA NEW HAVEN TRAVEL CENTER,"I-95, EXIT 56",Branford,CT,100,5.069,41.27954,-72.8151
7545,CITGO,"I-95, EXIT 40",Milford,CT,100,3.399,41.22232,-73.0565
7546,SHELL DBA PILOT DEALER #882,"I-95, EXIT 93 & SR-216",North Stonington,CT,73,4.299,41.44093,-71.88118
7546,PILOT TRAVEL CENTERS #882,"I-95, EXIT 93 & SR-216",North Stonington,CT,73,4.299,41.44093,-71.88118
7551,PWI #525,"I-70, EXIT 295",Watkins,CO,800,3.139,39.6984,-104.5773
7552,TA DENVER WEST TRAVEL CENTER,"I-70, EXIT 266",Wheat Ridge,CO,800,3.41566666,39.7728,-105.1028
7553,BRUSH TRAVEL PLAZA,"I-76, EXIT 90B & SR-71",Brush,CO,800,3.699,40.2598,-103.6323
7574,108 FOOD AND FUEL,"I-40, EXIT 108 & US-66/US-281 BUS",Calumet,OK,483,3.13566666,35.6014,-98.1248
7611,LOVES TRAVEL STOP #167,"I-44, EXIT 83",Chickasha,OK,483,3.16566666,35.0409,-97.9474
7615,HOPI TRAVEL PLAZA CONOCO DBA ONE9 #1270,"I-40, EXIT 292",Holbrook,AZ,930,3.139,34.9044,-110.1672
7615,HOPI TRAVEL PLAZA,"I-40, EXIT 292",Holbrook,AZ,930,3.219,34.9044,-110.1672
7617,TUCSON TRUCK TERMINAL,"I-10, EXIT 268",Tucson,AZ,980,3.22233333,32.1541,-110.8787
7622,COPAN TRUCK STOP,US-75,Copan,OK,307,3.119,36.9004,-95.9253
7624,WILLCOX TRUCK PLAZA,"I-10, EXIT 340",Willcox,AZ,980,3.34066666,32.2515,-109.8359
7625,LOVES TRAVEL STOP #248,"I-40, EXIT 71",Clinton,OK,483,3.17233333,35.5069,-98.9706
7627,DAVIS TRADING POST,"I-35, EXIT 55",Davis,OK,569,2.979,34.4575,-97.1566
7629,ARNOLDS TRUCK STOP,US-72/SR-20/SR-157 & CR-59,Tuscumbia,AL,615,3.169,34.7204,-87.7035
7635,TA MONTGOMERY TRAVEL CENTER,"I-65, EXIT 168 & US-80/US-82/SR-6/SR-8",Montgomery,AL,720,3.25233333,32.3482,-86.2668
7636,PILOT TRAVEL CENTER #76,"I-20 & I-59, EXIT 76",Tuscaloosa,AL,615,2.999,33.2348,-87.5268
7636,PILOT TRAVEL CENTERS #76,"I-20 & I-59, EXIT 76",Tuscaloosa,AL,615,3.099,33.2348,-87.5268
7655,LOVES TRAVEL STOP #253,I-40 EXIT 7 & SR 30,Erick,OK,483,3.20566666,35.2156,-99.8686
7705,FLYING J TRAVEL PLAZA #610,"I-40, EXIT 53",Kingman,AZ,910,3.88233333,35.217,-114.0105
7708,PILOT TRAVEL CENTER #352,"I-75, EXIT 139",Fort Myers,FL,225,3.799,26.6194,-81.8302
7708,PILOT TRAVEL CENTERS #352,"I-75, EXIT 139",Fort Myers,FL,225,3.799,26.6194,-81.8302
7715,LONDON AUTO TRUCK CENTER,"I-75, EXIT 41 & SR-80",London,KY,405,3.399,37.1175,-84.0767
7718,MR FUEL #717,"I-44, EXIT 251",Villa Ridge,MO,540,3.01566666,38.4676,-90.8854
7719,FLYING J TRAVEL PLAZA #674,"I-70, EXIT 188",Warrenton,MO,540,3.11566666,38.8187,-91.1385
7721,TRAIL STAR TRUCK STOP,"ST 16, EXIT 213",Glendive,MT,807,3.459,47.1101,-104.707
7722,SAPP BROS TRAVEL CENTER,"I-80, EXIT 353 & US-81",York,NE,330,3.324,40.8701,-97.5928
7724,FUEL MART #767,US-6 & US-23,Bradner,OH,550,3.40733333,41.3237,-83.4363
7725,BELL STORES #48,US-30 & SR-94,Dalton,OH,249,3.38566666,40.7995,-81.7033
7733,FLYING J TRAVEL PLAZA #723,"I-40, EXIT 76",Amarillo,TX,585,3.26566666,35.1984,-101.8316
7746,PILOT TRAVEL CENTER #888,"I-27, EXIT 74",Tulia,TX,585,3.34066666,34.5374,-101.7741
7753,LOVES TRAVEL STOP #166,SR-351,Muskogee,OK,560,3.33733333,35.7432,-95.3567
7767,FLYING J TRAVEL PLAZA #759,"I-25, EXIT 7",Cheyenne,WY,795,3.709,41.135,-104.7902
7768,BIG D #30,"I-25/US-87, EXIT 9 & I-80, EXIT 359C & I-80 BUS/US-30",Cheyenne,WY,795,3.204,41.135,-104.7902
7792,FLYING J TRAVEL PLAZA #630,"I-75/SR-401, EXIT 201 & SR-36",Jackson,GA,67,3.384,33.292,-83.9679
7798,CIRCLE K #2745100,"I-95, EXIT 7",Woodbine,GA,75,3.23233333,30.9598,-81.7176
7825,PILOT TRAVEL CENTERS #356,"I-65, EXIT 121",Shepherdsville,KY,415,3.609,37.9813,-85.7007
7838,PILOT #581,"US-52/SR-55, & 117TH ST, MM300",Inver Grove Heights,MN,515,3.579,44.8247,-93.0596
7871,STRIPES 7FLEET #42454,"US-60, US-70 & US-84",Texico,NM,700,3.829,34.3897,-103.0513
7873,One9 #387,"I-80, EXIT 280 & SR- 278",Carlin,NV,835,3.439,40.719,-116.1081
7886,PETRO STOPPING CENTER #357,"I-70, EXIT 156B & US-40",New Paris,OH,317,3.48733333,39.8565,-84.792
7930,I 24 TRUCK PLAZA,"I-24, EXIT 114 & US-41",Manchester,TN,460,3.099,35.463,-86.0774
7946,PILOT TRAVEL CENTERS #289,"I-90/I-39, EXIT 158 & I-43/SR-81, EXIT 1",Beloit,WI,520,3.799,42.523,-89.0184
7959,SPF #45,"I-25/US-87, EXIT 7 & US-212",Cheyenne,WY,795,3.22566666,41.135,-104.7902
8840,LOVES TRAVEL STOP #211,"I-35, EXIT 120",Oklahoma City,OK,483,3.25566666,35.4676,-97.5136
8895,PAULS VALLEY TRAVEL CENTER,"I-35, EXIT 72  & SR-19",Pauls Valley,OK,569,2.999,34.7231,-97.2281
8927,LOVES TRAVEL STOP #219,"I-40, EXIT 200",Seminole,OK,560,3.36233333,35.2348,-96.6493
8936,CIRCLE K #107,US-220 & CR-902,Ridgeway,VA,65,3.399,36.5781,-79.8583
8948,PARK N PUMP CIRCLE C,"I-15, EXIT 222",Nephi,UT,835,3.449,39.7069,-111.8326
8961,FLYING J TRAVEL PLAZA #736,"I-20, EXIT 42 & US-285",Pecos,TX,710,3.46566666,31.42291,-103.49323
8977,LOVES TRAVEL STOP #168,"I-44, EXIT 20",Walters,OK,253,3.194,34.3612,-98.3568
8987,LOVES TRAVEL STOP #255,"I-40, EXIT 287 & SR-100",Webbers Falls,OK,645,3.789,35.5105,-95.1601
9160,PILOT TRAVEL CENTERS #912,"I-80, EXIT 300 & SR-40D",Wood River,NE,330,3.28233333,40.8196,-98.6041
9161,TREXLER PLAZA TRUCK STOP,I-78/US-22,Allentown,PA,160,3.63233333,40.5961,-75.4756
9206,CIRCLE K #4707005,US-2 & SR-4,Farmington,ME,170,3.899,44.67062,-70.15117
9216,309 TRUCK STOP,SR-309,Coopersburg,PA,90,3.759,40.5102,-75.3915
9241,7-ELEVEN #40286,"I-76,  EXIT 23/312",Elverson,PA,160,3.889,40.1559,-75.8304
9280,ONVO TRAVEL PLAZA - LAKEWOOD,"I-84, EXIT 20 & SR-507",Greentown,PA,200,3.54566666,41.32176,-75.30546
9289,ONVO EXPRESS,"I-81, EXIT 217 & SR-547",Harford,PA,200,3.609,41.7834,-75.7036
9340,LANCASTER TRAVEL PLAZA,US-30,Ronks,PA,208,3.899,40.0267,-76.171
9354,BFS FOODS TRUCK PLAZA,"I-79, EXIT 1",Mount Morris,PA,165,4.499,39.7342,-80.0755
9365,FLYING J TRAVEL PLAZA #713,"I-95, EXIT 181",Latta,SC,63,3.349,34.339,-79.4337
9381,SCOTT FUEL TRAVEL PLAZA,"I-81, EXIT 199",Dalton,PA,200,3.599,41.5382,-75.739
9382,PILOT TRAVEL CENTERS #286,"I-70, EXIT 10 & SR-127",Eaton,OH,317,3.46233333,39.7506,-84.6342
9383,PILOT TRAVEL CENTERS #285,"I-70, EXIT 126 & SR-37",Hebron,OH,315,3.44566666,39.9644,-82.4898
9386,PETRO STOPPING CENTER #325,"I-75,  EXIT 167",North Baltimore,OH,550,3.27066666,41.1803,-83.6695
9403,PILOT TRAVEL CENTERS #280,"I-78, EXIT 7 & SR-173",Bloomsbury,NJ,105,3.809,40.6537,-75.084
9415,7-ELEVEN #40287,"I-76, EXIT 24A/326",Wayne,PA,160,3.889,40.0409,-75.3945
9423,PETRO STOPPING CENTER #318,"I-70, EXIT 148",Kingdom City,MO,540,3.05733333,38.9473,-91.9389
9449,CORNER PANTRY #127,"I-26, EXIT 115 & US-321",West Columbia,SC,135,3.41233333,33.9932,-81.0936
9451,TA BETO JUNCTION TRAVEL CENTER,"I-35, EXIT 155 & US-75",Lebo,KS,336,3.23066666,38.4156,-95.8622
9467,TA PORTER TRAVEL CENTERS,"I-94, EXIT 22B & US-20",Chesterton,IN,365,3.849,41.5997,-87.055
9468,TA LAKE STATION,"I-80 & I-94, EXIT 15B",Lake Station,IN,365,3.849,41.5729,-87.2599
9469,TA EXPRESS COWPENS #477,"I-85, EXIT 83 & SR-110",Cowpens,SC,210,3.399,35.0186,-81.8041
9485,PILOT TRAVEL CENTER #4559,"I-20, EXIT 26",Villa Rica,GA,18,3.389,33.7294,-84.9177
9485,PILOT #4559,"I-20, EXIT 26",Villa Rica,GA,18,3.449,33.7294,-84.9177
9513,CIRCLE K #2705350,"I-20, EXIT 5 & US-25",North Augusta,SC,135,3.159,33.5214,-81.9547
9525,SCOTCHMAN #3891,"I-77, EXIT 65 & SR-9",Richburg,SC,46,3.109,34.7168,-81.0196
9528,GO MART FOOD STORE #43,"I-64, EXIT 39 & SR-34",Teays,WV,44,3.499,38.44176,-81.95291
9542,SPINX #266,"I-26, EXIT 104",Columbia,SC,135,3.13233333,34.0378,-80.9036
9550,Mauston Interstate BP,"I-90/I-94, EXIT 69 & SR-82",Mauston,WI,420,3.22733333,43.7995,-90.0775
9553,LYNDON STATION BP,I-90 & 94 EXIT 79,Lyndon Station,WI,420,3.177,43.7088,-89.8937
9554,BIG D OIL #2,US-85 & US-34,Belle Fourche,SD,506,3.22733333,44.664,-103.8564
9614,DITTYS,"I-90, EXIT 284 & SR-45",Kimball,SD,455,3.089,43.7468,-98.9569
9618,FLYING J #477,US-75,Anna,TX,630,3.239,33.3472,-96.5508
9638,PILOT TRAVEL CENTERS #62,"I-95, EXIT 170 & SR-327",Florence,SC,46,3.349,34.178,-79.7898
9668,COFFEE CUP FUEL STOP #4,"I-90, EXIT 310 & SR-281",Plankinton,SD,455,3.02733333,43.7155,-98.4837
9675,FLYING J TRAVEL PLAZA #722,"I-75 & I-40, EXIT 369",Knoxville,TN,405,3.439,35.9692,-83.9496
9699,SPEEDWAY #9400,US-30/US-62 & SR-297,Canton,OH,249,3.369,40.8078,-81.3676
9703,PILOT TRAVEL CENTERS #2,"I-90, EXIT 223 & SR-45",Austinburg,OH,305,3.859,41.7692,-80.8556
9712,TA GREENSBORO TRAVEL CENTER,"I-40 & I-85, EXIT 138 & SR-61",Whitsett,NC,65,3.99733333,36.0784,-79.5721
9713,TA Express Vermillion #275,"I-29, EXIT 26 & SR-50",Burbank,SD,572,3.099,42.7461,-96.8326
9717,COFFEE CUP FUEL STOP #8,"I-90, EXIT 212 & SR-83",Vivian,SD,455,3.09733333,43.9273,-100.3011
9724,One9 #1339,"I-81,  EXIT 34",Parish,NY,190,3.799,43.40618,-76.12576
9746,TA MILL CITY TRAVEL CENTER,"I-80, EXIT 151",Imlay,NV,966,3.794,40.6581,-118.1441
9747,GOOD TO GO TRAVEL CENTER,"I-80, EXIT 353 & US-81",York,NE,350,3.31733333,40.8701,-97.5928
9763,DELUXE TRUCK STOP,SR-759,Saint Joseph,MO,400,3.149,39.7598,-94.821
9783,KANGAROO CROSSING #1101,"I-55, EXIT 144",Pickens,MS,705,3.099,32.8913,-89.9696
9803,TA KNOXVILLE WEST TRAVEL CENTER,"I-40 & I-75, EXIT 369",Knoxville,TN,405,3.42566666,35.9692,-83.9496
9808,TA ANN ARBOR TRAVEL CENTER,"I-94, EXIT 167",Dexter,MI,325,3.699,42.3319,-83.8803
9808,TA ANN ARBOR TRAVEL CENTER,"I-94, EXIT 167",Dexter,MI,325,3.499,42.3319,-83.8803
9808,TA ANN ARBOR TRAVEL CENTER,"I-94, EXIT 167",Dexter,MI,325,3.649,42.3319,-83.8803
9808,TA ANN ARBOR TRAVEL CENTER,"I-94, EXIT 167",Dexter,MI,325,3.629,42.3319,-83.8803
9812,LEES FOOD MART #1398,"I-40, EXIT 398",Knoxville,TN,405,3.299,35.9692,-83.9496
9818,CIRCLE K #4707002,"I-95, EXIT 157",Newport,ME,170,3.899,44.83534,-69.27394
9821,PILOT TRAVEL CENTERS #52,"I-24, EXIT 64",La Vergne,TN,460,3.47233333,36.02,-86.5586
9842,Petes #03,US-59 & US-54,Moran,KS,336,3.26566666,37.9166,-95.1716
9843,MAPLE HILL TRUCK STOP,"I-70, EXIT 341",Maple Hill,KS,553,3.05233333,39.0855,-96.0278
9851,KWIK STOP #86,US-151/US-52/US-61,Dubuque,IA,335,3.489,42.5002,-90.707
9855,PILOT TRAVEL CENTER #37,"I-65, EXIT 95",Whiteland,IN,375,3.959,39.5505,-86.0739
9855,PILOT TRAVEL CENTERS #37,"I-65, EXIT 95",Whiteland,IN,375,3.959,39.5505,-86.0739
9860,PARADISE AUTO TRUCK PLAZA,US-31,Rochester,IN,370,3.40566666,41.0591,-86.1959
9862,PILOT TRAVEL CENTER #271,"I-80, EXIT 6",Gary,IN,365,3.829,41.5905,-87.3473
9862,PILOT TRAVEL CENTERS #271,"I-80, EXIT 6",Gary,IN,365,3.799,41.5905,-87.3473
9887,7-ELEVEN #40354,"I-95, EXIT 173",Palm Bay,FL,140,3.21566666,27.9631,-80.6593
9941,FLYING J TRAVEL PLAZA #609,"I-10, EXIT 208-A",Eloy,AZ,930,3.45233333,32.747,-111.5992
9945,CIRCLE K #2706690,"I-85/US-29, EXIT 62 & US-280/US-431/SR-38/SR-1",Opelika,AL,50,2.999,32.6612,-85.3769
9959,FLYING J #876,"I-95, EXIT 104",Ruther Glen,VA,180,3.619,37.92875,-77.45582
9962,STRIPES #40673,"I-45, EXIT 179",Mcallen,TX,639,3.289,26.2252,-98.2467
9971,TA DANSVILLE TRAVEL CENTER,"I-390 & COMMERCE, EXIT 5",Dansville,NY,190,4.499,42.5625,-77.6968
9973,BOLLA MARKET,"I-287, EXIT 66",Mahwah,NJ,115,3.53233333,41.08871,-74.14376
9990,JIMS  BEST STOP,US-45 & US-64,Selmer,TN,435,3.174,35.1708,-88.5955
9995,LOVES TRAVEL STOP #411,"I-35 & I-80, EXIT 125 & US-6",Clive,IA,320,3.34066666,41.6147,-93.798
9997,Circle K #2723687,"I-20, EXIT 11 & US-27/SR-1",Bremen,GA,193,3.08733333,33.7085,-85.1495
10006,FLINT HILLS FUEL MART,US-50 & US-77,Florence,KS,336,3.499,38.2428,-96.9289
10007,CIRCLE K #2705346,SR-307,Savannah,GA,195,3.03233333,32.0286,-81.1821
10014,Sudden Service #6604,"I-40, EXIT 212",Nashville,TN,460,3.399,36.1715,-86.7842
10015,Loves Travel Stop #429,"I-65 & I-24, EXIT 87",Nashville,TN,460,3.46233333,36.1715,-86.7842
10020,Maplefields,"US-4, EXIT 2 & SR-22A",Fair Haven,VT,39,3.599,43.59479,-73.26567
10024,MILLERS TRAVEL CENTER,US-6 & US-50,Wellington,UT,835,3.659,39.5358,-110.7344
10028,GOOD TO GO #10,US-35,Winamac,IN,290,3.914,41.0535,-86.6037
10030,LOVES TRAVEL STOP #715,I-77 EXIT 58 & SR-666 & US-52,Bastian,VA,185,3.59733333,37.1535,-81.1525
10033,SHELL,"I-95, EXIT 133 & US-17 BUS",Fredericksburg,VA,180,3.25566666,38.2992,-77.4872
10047,TOWN PUMP FOOD STORE #8929,"I-15, EXIT 339",Conrad,MT,815,3.599,48.1741,-111.9467
10053,BECKS #27,"I-39/US-51, EXIT 72 & US-34",Mendota,IL,270,3.269,41.5553,-89.1041
10057,Flying J Travel Plaza #649,"I-465, EXIT 4",Indianapolis,IN,375,3.899,39.7771,-86.1458
10057,Flying J TravelPlaza #649,"I-465, EXIT 4",Indianapolis,IN,375,3.899,39.7771,-86.1458
10058,CITGO,US-431/SR-1 & SR-27,Abbeville,AL,10,3.399,31.5664,-85.2528
10065,ROAD MART,US-71/US-59,Ashdown,AR,723,3.299,33.6746,-94.1265
10077,FLYING J TRAVEL PLAZA #607,"I-55, EXIT 4 & I-40, EXIT 280",West Memphis,AR,435,3.15066666,35.153,-90.1996
10085,EL CENTRO TRAVEL CENTER,"I-8, EXIT 115 & SR-86",El Centro,CA,900,4.499,32.7865,-115.5595
10101,PILOT TRAVEL CENTERS #65,"I-20, EXIT 194",Augusta,GA,135,3.859,33.3645,-82.0708
10101,PILOT TRAVEL CENTER #65,"I-20, EXIT 194",Augusta,GA,135,3.859,33.3645,-82.0708
10104,GEO H GREEN OIL,"I-85/SR-403, EXIT 41 & US-27 ALT",Newnan,GA,18,3.199,33.3767,-84.7761
10109,GIT N GO CONVENIENCE STORE #34,"US-30, EXIT 185 & SR-14",Marshalltown,IA,320,3.119,42.0343,-92.9068
10110,JACKSON'S FOODS DBA ONE9 #1427,"I-84, EXIT 36",Nampa,ID,785,3.37066666,43.5844,-116.5638
10116,Petro Stopping Center #359,"I-39/US-51, EXIT 99 & SR-38",Rochelle,IL,520,3.759,41.9197,-89.0629
10122,LOVES TRAVEL STOP #417,"I-80 & I-94, EXIT 9A",Gary,IN,365,3.809,41.5905,-87.3473
10126,PILOT TRAVEL CENTERS #152,"I-65, EXIT 16 & MEMPHIS RD",Memphis,IN,415,3.959,38.4891,-85.7679
10126,PILOT TRAVEL CENTER #152,"I-65, EXIT 16 & MEMPHIS RD",Memphis,IN,415,3.959,38.4891,-85.7679
10128,PETES #20,US-54/SR-7 & US-69,Fort Scott,KS,307,3.199,37.8283,-94.7038
10135,YESWAY #1116,"I-35, EXIT 60",Mcpherson,KS,434,3.259,38.3714,-97.6605
10142,PILOT TRAVEL CENTERS #438,"I-65, EXIT 6 & SR-100",Franklin,KY,415,3.169,36.7177,-86.5595
10144,PILOT TRAVEL CENTERS #358,"I-24 & US-305, EXIT 3",Paducah,KY,490,3.699,37.0711,-88.644
10146,PILOT TRAVEL CENTERS #437,"I-75, EXIT 11 & SR-92",Williamsburg,KY,410,3.609,36.7393,-84.1647
10150,PILOT TRAVEL CENTERS #300,"I-12, EXIT 40",Hammond,LA,725,3.23233333,30.5061,-90.4563
10154,I 49 TRUCK STOP,"I-49, EXIT 23 & US-167",Opelousas,LA,600,3.199,30.5252,-92.0816
10157,J AND  H OIL,"US-131, EXIT 72",Byron Center,MI,344,3.599,42.8121,-85.7279
10157,J AND  H OIL,"US-131, EXIT 72",Byron Center,MI,344,3.499,42.8121,-85.7279
10161,SPEEDWAY #8740,"I-69, EXIT 87",Dewitt,MI,342,3.759,42.8364,-84.575
10161,SPEEDWAY #8740,"I-69, EXIT 87",Dewitt,MI,342,3.599,42.8364,-84.575
10168,Express Stop,"I-94, EXIT 145",Jackson,MI,385,3.589,42.2431,-84.4038
10172,EXPRESS STOP FOOD STORE #4647,"I-75, EXIT 151 & SR- 81",Saginaw,MI,260,3.399,43.4199,-83.9501
10181,QUIKTRIP #611,I-55 EXIT 178,Herculaneum,MO,540,2.99066666,38.2579,-90.3948
10184,CIRCLE K #2721544,"I-55, EXIT 243 & US-278/SR-6",Batesville,MS,435,3.309,34.3148,-89.9249
10192,INTERSTATE STATION #8,"I-55, EXIT 78",Natchez,MS,760,3.399,31.5437,-91.3867
20000,BIG BOYS TRUCK STOP,"I-95, EXIT 105",Kenly,NC,205,3.299,35.5885,-78.137
20003,PILOT #7976,"I-77, EXIT 42",Troutman,NC,46,3.659,35.6873,-80.883
20006,CENEX C STORE,US-52,Kenmare,ND,452,3.46733333,48.6729,-102.0721
20009,BIG SPRINGS TRUCK AND TRAVEL,"I-80, EXIT 107",Big Springs,NE,475,3.074,41.0609,-102.0745
20011,CUBBYS #111,US-81,Norfolk,NE,470,3.209,42.0324,-97.4217
20012,FLYING J TRAVEL PLAZA #686,"I-80, EXIT 432",Gretna,NE,319,3.28233333,41.1314,-96.245
20014,SIMONS EXIT 16,"I-89, EXIT 16",Enfield,NH,39,3.499,43.64063,-72.14398
20019,SUNOCO,"I-295, EXIT 2C & SR-140",Penns Grove,NJ,150,3.459,39.7275,-75.4691
20024,LOVES TRAVEL STOP #259,"I-10 & AIRPORT RD, EXIT 132",Las Cruces,NM,640,3.214,32.3265,-106.7893
20027,LOVES TRAVEL STOP #262,"I-40, EXIT 333",Tucumcari,NM,585,3.889,35.17,-103.7046
20028,MORTONS TRUCK STOP,"I-15, EXIT 46",North Las Vegas,NV,910,3.399,36.2883,-115.0888
20031,FLYING J TRAVEL PLAZA #770,"I-80, EXIT 176",Winnemucca,NV,966,3.77733333,40.9645,-117.7247
20033,LOVES TRAVEL STOP #772,"I-86 & SR-17, EXIT 37",Bath,NY,190,4.489,42.33702,-77.31776
20036,SMOKIN JOES,I-90 EXIT 24,Sanborn,NY,38,3.699,43.1451,-78.8777
20042,FLYING J TRAVEL PLAZA #700,I-80 & I-90 EXIT 71,Perrysburg,OH,550,3.759,41.5377,-83.6413
20043,FRIENDSHIP FOOD MART #70,SR-2 & SR-53,Port Clinton,OH,550,3.939,41.5094,-82.9385
20045,PILOT TRAVEL CENTERS #281,"I-80, EXIT 226",Girard,OH,573,3.45233333,41.1665,-80.6963
20049,LOVES TRAVEL STOP #263,"I-44, EXIT 45 & SR-49",Lawton,OK,569,3.21733333,34.6175,-98.4202
20050,LOVES TRAVEL STOP #260,"I-35, EXIT 106 & SR-9 W",Norman,OK,483,3.254,35.2335,-97.3471
20054,Jacksons Food Stores,"I-84, EXIT 261",La Grande,OR,925,3.687,45.3242,-118.0865
20062,PILOT TRAVEL CENTERS #298,"I-80, EXIT 256 & SR-93",Drums,PA,200,3.97566666,41.01814,-75.99493
20066,KWIK FILL #228,"I-90, EXIT 45 & US-20",North East,PA,240,4.089,42.21561,-79.83422
20070,ONVO TRAVEL PLAZA - PROMISED LAND,"I-84, EXIT 26 & SR-390",Tafton,PA,200,3.54566666,41.40453,-75.18295
20072,PILOT TRAVEL CENTERS #310,"I-85, EXIT 63 & SR-290",Duncan,SC,210,3.43233333,34.9342,-82.1443
20079,PETRO KINGSTON SPRINGS #349,"I-40, EXIT 188",Kingston Springs,TN,460,3.23233333,36.0842,-87.1039
20082,GOLDEN EXPRESS TRUCK STOP,US-287/US-81 & CR-1595,Alvord,TX,637,3.049,33.3569,-97.696
20083,FLYING J TRAVEL PLAZA #724,"I-10, EXIT 0",Anthony,TX,640,3.459,31.9876,-106.5933
20086,LOVES TRAVEL STOP #609,"I-35, EXIT 471 & US-77",Denton,TX,630,3.24733333,33.2175,-97.1418
20105,CEFCO #1050,"I-30, EXIT 146 & US-37",Mount Vernon,TX,723,2.94233333,33.176,-95.2253
20108,TEX-BEST #501,"I-37, EXIT 125",Elmendorf,TX,740,2.949,29.258,-98.3218
20109,PILOT TRAVEL CENTERS #306,"I-10, EXIT 582",San Antonio,TX,740,3.214,29.4632,-98.5238
20114,CROSSROADS,"I-10, EXIT 829 & SR-124",Winnie,TX,610,4.249,29.8167,-94.3807
20118,KWIK TRIP #648,"I-94, EXIT 116 & SR-54",Black River Falls,WI,395,3.23733333,44.2981,-90.842
20119,FREMONT CITGO,US-10 & SR-110,Fremont,WI,444,3.399,44.2602,-88.8715
20121,GO MART FOOD STORE #50,"I-77/I-64, EXIT 44 & SR-3",Beckley,WV,44,3.599,37.7877,-81.1841
44228,I-69 TRUCKSTOP TRAVEL CENTER,"I-69, EXIT 184 & SR-19",Memphis,MI,342,3.599,42.8956,-82.7689
44228,I-69 TRUCKSTOP TRAVEL CENTER,"I-69, EXIT 184 & SR-19",Memphis,MI,342,3.499,42.8956,-82.7689
44228,I-69 TRUCKSTOP TRAVEL CENTER,"I-69, EXIT 184 & SR-19",Memphis,MI,342,3.549,42.8956,-82.7689
52040,REBEL TRUCK STOP,"I-5, EXIT 27",Kalama,WA,935,4.499,46.0164,-122.8402
52048,PILOT TRAVEL CENTERS #302,"I-10, EXIT 13 & CR-30",Theodore,AL,715,3.199,30.5408,-88.1885
52048,PILOT TRAVEL CENTER #302,"I-10, EXIT 13 & CR-30",Theodore,AL,715,3.159,30.5408,-88.1885
52052,EXPRESSWAY MOBIL,US-63 & US-167,El Dorado,AR,635,3.599,33.2184,-92.664
52065,76 DBA ONE9 #1415,"I-75, EXIT 49",Lake Panasoffkee,FL,225,3.17233333,28.785,-82.1258
52067,PETRO STOPPING CENTER #322,"I-285, EXIT 12",Atlanta,GA,18,3.44566666,33.7628,-84.422
52070,FRIENDLY EXPRESS #31,US-1 & US-301,Folkston,GA,75,3.099,30.8392,-82.0073
52081,MCCLURE OIL #9,US-31 & SR-18,Kokomo,IN,375,3.839,40.464,-86.1277
52085,RUSSELL 24/7,"I-70, EXIT 184",Russell,KS,357,3.00733333,38.8874,-98.8514
52088,CASEYS #4459,"I-64, EXIT 265",Mayfield,KY,490,3.249,36.7371,-88.6447
52089,SHELL,US-84 & SR-28,Jonesville,LA,719,3.399,31.6238,-91.83
52090,SHOP A LOTT #10,"I-49, EXIT 138 & SR-6",Natchitoches,LA,766,3.12566666,31.7315,-93.0975
52099,BEACON & BRIDGE #7,"I-75, EXIT 126",Mount Morris,MI,342,3.379,43.1176,-83.6987
52103,SPRINT MART #27,US-45 & US-72,Corinth,MS,435,3.05566666,34.9474,-88.5143
52104,BLUE SKY #734,SR-1,Saltillo,MS,435,3.08233333,34.379,-88.6938
52106,FLYING J TRAVEL PLAZA #923 -TOWN PUMP,"I-90, EXIT 455",Billings,MT,780,3.58066666,45.7891,-108.5526
52107,PILOT #7983,"I-85,  EXIT 71",Salisbury,NC,46,3.499,35.6658,-80.4905
52112,SROKAS SERVICE CENTER,SR-149,Fort Ann,NY,12,3.799,43.41424,-73.48761
52112,SROKAS SERVICE CENTER,SR-149,Fort Ann,NY,12,3.899,43.41424,-73.48761
52112,SROKAS SERVICE CENTER,SR-149,Fort Ann,NY,12,3.999,43.41424,-73.48761
52128,Sudden Service #8087,I-40 EXIT 238,Lebanon,TN,460,3.199,36.204,-86.3481
52140,Sinclair,"I-82, EXIT 69",Sunnyside,WA,925,4.599,46.3157,-120.0058
52142,PILOT TRAVEL CENTERS #296,"I-94 & BAKER RD, EXIT 167",Dexter,MI,325,3.499,42.3319,-83.8803
52142,PILOT TRAVEL CENTERS #296,"I-94 & BAKER RD, EXIT 167",Dexter,MI,325,3.659,42.3319,-83.8803
52142,PILOT TRAVEL CENTERS #296,"I-94 & BAKER RD, EXIT 167",Dexter,MI,325,3.579,42.3319,-83.8803
52142,PILOT TRAVEL CENTERS #296,"I-94 & BAKER RD, EXIT 167",Dexter,MI,325,3.649,42.3319,-83.8803
52143,One9 #319,"I-75, EXIT 328",Dalton,GA,285,3.01566666,34.769,-84.972
52145,Pilot Travel Center #318,"I-465/I-74/US-52/US-40/SR-67, EXIT 4 & SR-37",Indianapolis,IN,375,3.899,39.7771,-86.1458
52145,Pilot Travel Centers#318,"I-465/I-74/US-52/US-40/SR-67, EXIT 4 & SR-37",Indianapolis,IN,375,3.899,39.7771,-86.1458
52146,FLYING J TRAVEL PLAZA #758,"I-25, EXIT 185 & SR-258",Casper,WY,790,3.999,42.842,-106.3208
52149,PILOT TRAVEL CENTERS #321,"I-75/71, EXIT 175 & SR-338",Walton,KY,300,3.08566666,38.8645,-84.6122
52150,PILOT TRAVEL CENTERS #311,"I-90, EXIT 27 & SR-97",Erie,PA,240,4.21566666,42.1167,-80.0733
52152,PILOT TRAVEL CENTERS #308,"I-80 , EXIT 310",Laramie,WY,795,3.609,41.3099,-105.6085
52153,PILOT TRAVEL CENTER #1412,"I-94 & RUSSELL RD, EXIT 1",Wadsworth,IL,444,3.769,42.4448,-87.9202
52153,PILOT #1412,"I-94 & RUSSELL RD, EXIT 1",Wadsworth,IL,444,3.829,42.4448,-87.9202
52153,PILOT #1412,"I-94 & RUSSELL RD, EXIT 1",Wadsworth,IL,444,3.769,42.4448,-87.9202
52155,TA SOUTHINGTON TRAVEL CENTER,"I-84, EXIT 28 & US-65",Milldale,CT,100,5.199,41.56593,-72.89177
52163,PILOT TRAVEL CENTER #67,"I-75, EXIT 296",Cartersville,GA,18,3.56566666,34.1644,-84.8009
52163,PILOT TRAVEL CENTERS #67,"I-75, EXIT 296",Cartersville,GA,18,3.549,34.1644,-84.8009
52212,FLYING J TRAVEL PLAZA #763,"I-80, EXIT 209",Rawlins,WY,795,3.749,41.7849,-107.2265
52221,FLYING J TRAVEL PLAZA #726,"I-20, EXIT 472",Dallas,TX,630,3.18233333,32.7935,-96.7667
52222,FLYING J TRAVEL PLAZA #735,"I-10, EXIT 873 & SR-62",Orange,TX,610,3.309,30.1226,-93.7607
52230,ONE9 #294,"I-15 & I-84, EXIT 344 SR-39",Ogden,UT,835,3.32566666,41.2279,-111.9682
52233,SPEEDWAY #2953,"US-80, EXIT 3",Yuma,AZ,900,3.46566666,32.5995,-114.5491
52235,PETRO STOPPING CENTER #303,"I-80, EXIT 310",Laramie,WY,795,3.57566666,41.3099,-105.6085
52236,CHEVRON,US-60,Globe,AZ,930,4.299,33.387,-110.7513
52239,PILOT TRAVEL CENTER #192,"I-75, EXIT 60",Tifton,GA,10,3.619,31.4624,-83.5203
52239,PILOT TRAVEL CENTERS #192,"I-75, EXIT 60",Tifton,GA,10,3.599,31.4624,-83.5203
52241,Rocket,"I-25/US-85/US-87, EXIT 161 & SR-105",Monument,CO,803,3.195,39.0736,-104.8467
52250,PILOT TRAVEL CENTERS #222,I-84 EXIT 1,Sturbridge,MA,215,4.159,42.10843,-72.07869
52255,GREATER CHICAGO I 55,"I-55, EXIT 267 & SR-53",Bolingbrook,IL,290,3.609,41.6901,-88.1021
52255,GREATER CHICAGO I 55,"I-55, EXIT 267 & SR-53",Bolingbrook,IL,290,3.319,41.6901,-88.1021
52262,CIRCLE K #2721577,US-84 & SR-21,Monroeville,AL,715,3.434,31.5162,-87.3279
52278,NEIGHBORS EXPRESS,US-25/SR-121/SR-23/SR-67,Millen,GA,135,3.38233333,32.8071,-81.9423
52297,IGA EXPRESS SHELL #874,"I-65, EXIT 20",Bowling Green,KY,460,2.999,36.9716,-86.4378
52299,415 TRUCK STOP,"I-10, EXIT 151 & SR-415",Port Allen,LA,600,3.089,30.4456,-91.2098
52302,LONGHORN TRUCK AND CAR PLAZA,"I-10, EXIT 4",Vinton,LA,690,3.274,30.1957,-93.5818
52304,Fast Stop,"I-10, EXIT 182 & SR-22",Sorrento,LA,600,3.699,30.1828,-90.8674
52307,CASEYS #3002,SR-60 & SR-30/SR-4,Saint James,MN,425,3.219,43.9833,-94.6249
52313,CIRCLE K #2723445,"I-20, EXIT 5A & US-61/SR-27",Vicksburg,MS,760,2.959,32.3173,-90.8868
52322,BOLLA MARKET,"I-95, EXIT 13",Elizabeth,NJ,115,3.099,40.6658,-74.1913
52323,POWER,"I-78, EXIT 58 & SR-9/SR-1",Newark,NJ,115,4.299,40.7245,-74.1725
52325,MIRABITO #69,"I-88, EXIT 15 & SR-23",Oneonta,NY,12,3.999,42.4551,-75.0666
52326,MR FUEL #715,"I-70, EXIT 203",Foristell,MO,540,2.92566666,38.8156,-90.9627
52334,KWIK TRIP #775,"I-90, EXIT 69 & SR-82",Mauston,WI,420,3.28733333,43.7995,-90.0775
52335,SHELL,"I-295, EXIT 3",Disputanta,VA,180,3.029,37.1236,-77.2249
52340,KWIK FILL #249,US-22,Duncansville,PA,14,4.07233333,40.4263,-78.4303
52344,STAMART 1224,"I-94, EXIT 166",Bismarck,ND,273,3.61566666,46.8143,-100.7694
52346,QUARLES #4436,"I-695, EXIT 41 & SR-151",Dundalk,MD,22,3.699,39.2704,-76.4942
52348,SHELL,"I-75, EXIT47 & SR-85",Detroit,MI,325,3.699,42.3834,-83.1024
52361,PAYLESS FUEL TRAVEL CENTER,"I-20, EXIT 470",Dallas,TX,630,2.98566666,32.7935,-96.7667
52363,SPEEDWAY #2376,US-131 & SR-46,Cedar Springs,MI,456,3.899,43.2201,-85.5535
52364,PILOT TRAVEL CENTERS #335,"I-20 & SR-137, EXIT 138",Rayville,LA,760,3.21233333,32.4707,-91.7576
52365,MOORES SUPER STORE,US-43/US-278/SR-171,Hamilton,AL,615,3.799,34.1346,-87.9755
52366,ALMA TRAVEL MART,"I-40, EXIT 13 & US-71",Alma,AR,645,3.33233333,35.4919,-94.2165
52367,DOSWELL TRUCK STOP,"I-95, EXIT 98 & SR-30",Doswell,VA,180,2.899,37.86014,-77.46415
52383,FLYING J TRAVEL PLAZA #601,"I-20/I-59, EXIT 104",Mc Calla,AL,615,3.17066666,33.3023,-87.0302
52384,PILOT TRAVEL CENTERS #337,"I-95, EXIT 164 & US-52",Florence,SC,46,3.349,34.178,-79.7898
52385,Flying J Travel Plaza #696,"I-71, EXIT 131",Sunbury,OH,315,3.719,40.2485,-82.8806
52387,MARATHON,"I-55, EXIT 265 & SR-4",Senatobia,MS,435,3.199,34.6081,-89.9762
52388,FLYING J TRAVEL PLAZA #711,"I-85, EXIT 102",Blacksburg,SC,46,3.429,35.122,-81.5182
52393,CASEYS #3004,SR-15 & CR-52,Truman,MN,425,3.299,43.8279,-94.4366
52400,PILOT TRAVEL CENTERS #324,"I-94/US-41, EXIT 329",Franksville,WI,444,3.889,42.76002,-87.91341
52401,LOVES TRAVEL STOP #267,"I-40, EXIT 107 & SR-95",Morrilton,AR,695,3.36066666,35.1558,-92.7387
52402,FLYING J TRAVEL PLAZA #665,"I-20, EXIT 3 & SR-79",Greenwood,LA,745,3.14566666,32.4359,-93.9643
52403,FLYING J TRAVEL PLAZA #676,"I-10, EXIT 31",Gulfport,MS,733,3.14566666,30.4274,-89.0704
52404,PETRO WELLS,"I-80, EXIT 352",Wells,NV,835,3.73233333,41.1132,-114.9535
52405,FLYING J TRAVEL PLAZA #636,"I-80, EXIT 292",Davenport,IA,270,3.87233333,41.5565,-90.6053
52411,SAPP BROS TRAVEL CENTER,"I-215, EXIT 21",Salt Lake City,UT,835,3.399,40.7776,-111.9311
52413,PILOT TRAVEL CENTERS #360,"I-75 & SR-613, EXIT 164",Findlay,OH,411,3.31566666,41.0469,-83.6379
52414,Mobil dba ONE9 #1341,"I-5, EXIT 208",Arlington,WA,977,3.799,48.1701,-122.1442
52421,SHEETZ #194,"I-80, EXIT 97",Falls Creek,PA,14,3.30733333,41.1421,-78.8067
52422,KWIK TRIP #674,"I-94, EXIT 45 & US-12/SR-29",Menomonie,WI,295,3.499,44.8893,-91.9084
52423,PILOT TRAVEL CENTER #908- TOWN PUMP,"I-15 & I-90, EXIT 122",Butte,MT,816,3.56566666,45.902,-112.6571
52426,J MART #322,"I-65, EXIT 322",Falkville,AL,615,3.199,34.3793,-86.9086
52427,PILOT TRAVEL CENTERS #340,"I-80, EXIT 46",Fernley,NV,966,3.91566666,39.5627,-119.1906
52428,PILOT TRAVEL CENTERS #338,"I-26, EXIT 115 & US-321",West Columbia,SC,135,3.499,33.9932,-81.0936
52430,CHEVRON FOOD MART,"I-75, EXIT 350 & SR-2",Ringgold,GA,285,2.859,34.9136,-85.1215
52431,WOODBINE TRAVEL CENTER,"I-95, EXIT 14",Woodbine,GA,75,3.03233333,30.9598,-81.7176
52435,CM WINNERS CHOICE,"I-10 & SR-108, EXIT 23",Sulphur,LA,690,3.299,30.2286,-93.3566
52438,NEW MADRID,"I-55, EXIT 52/SR-P",New Madrid,MO,275,3.269,36.5878,-89.5505
52439,CIRCLE K #2723395,US-11,Hattiesburg,MS,620,3.199,31.3074,-89.317
52441,PILOT #6990,"I-95, EXIT 106",Kenly,NC,205,3.709,35.5885,-78.137
52450,PILOT #1290,"I-35, EXIT 410 & US-77",Red Oak,TX,630,3.299,32.5212,-96.7866
52452,PLAINVIEW TRAVEL PLAZA,"US-41, EXIT 113 & SR-26",Oshkosh,WI,444,3.199,44.0227,-88.5619
52454,PILOT TRAVEL CENTERS #6,"I-70, EXIT 178 & SR-209",Cambridge,OH,315,3.509,40.0221,-81.5869
52455,LOVES TRAVEL STOP #266,"I-35, EXIT 32",Ardmore,OK,253,3.649,34.1949,-97.1256
52456,PILOT TRAVEL CENTERS #317,"I-44, EXIT 4 (ST 435)",Joplin,MO,277,3.41233333,37.0757,-94.5018
52458,PILOT TRAVEL CENTERS #332,"I-40, EXIT 161 & SR-391",North Little Rock,AR,695,3.239,34.7807,-92.2371
52458,PILOT TRAVEL CENTER #332,"I-40, EXIT 161 & SR-391",North Little Rock,AR,695,3.237,34.7807,-92.2371
52461,FLORENCE VALERO,US-130,Burlington,NJ,160,3.13566666,40.07122,-74.86489
52463,PILOT TRAVEL CENTERS #341,"I-15, EXIT 48",North Las Vegas,NV,910,3.69566666,36.2883,-115.0888
52464,7-ELEVEN #40118,ST 220 & I-180,Muncy,PA,138,4.359,41.2021,-76.7854
52465,FLYING J TRAVEL PLAZA #605,"I-40, EXIT 84",Russellville,AR,695,3.369,35.2762,-93.1383
52466,FLYING J TRAVEL PLAZA #784,"I-95, EXIT 100 & SR-272",North East,MD,22,4.199,39.6076,-75.9414
52467,FLYING J TRAVEL PLAZA #712,"I-20, EXIT 70",Columbia,SC,135,3.43233333,34.0378,-80.9036
52468,FLYING J TRAVEL PLAZA #703,"I-40, EXIT 140",Oklahoma City,OK,483,3.309,35.4676,-97.5136
52469,LOVES TRAVEL STOPS #269,US-287/US-82/SR-79 & US-281,Wichita Falls,TX,770,3.149,33.9072,-98.5291
52469,LOVES TRAVEL STOP #269,US-287/US-82/SR-79 & US-281,Wichita Falls,TX,770,3.123,33.9072,-98.5291
52470,QUIKTRIP #562,"I-80, EXIT 136",Des Moines,IA,320,3.04733333,41.5725,-93.6105
52471,FLYING J TRAVEL PLAZA #695,"I-75, EXIT 135",Beaverdam,OH,411,3.33066666,40.8328,-83.9739
52472,FLYING J TRAVEL PLAZA #708,"I-81, EXIT 52",Carlisle,PA,70,4.109,40.2,-77.2034
52473,FLYING J TRAVEL PLAZA #743,"I-15, EXIT 222",Nephi,UT,835,3.71566666,39.7069,-111.8326
52474,PILOT TRAVEL CENTERS #17,"I-94, EXIT 104",Battle Creek,MI,406,3.959,42.2985,-85.2296
52474,PILOT TRAVEL CENTERS #17,"I-94, EXIT 104",Battle Creek,MI,406,3.999,42.2985,-85.2296
52474,PILOT TRAVEL CENTERS #17,"I-94, EXIT 104",Battle Creek,MI,406,3.979,42.2985,-85.2296
52477,PETRO FARGO #361,"I-94, EXIT 348",Fargo,ND,341,3.499,46.8651,-96.8292
52478,LOVES TRAVEL STOP #418,"I-64, EXIT 172",Grayson,KY,255,3.75566666,38.3317,-82.9371
52479,PETRO CARNESVILLE #377,"I-85, EXIT 160",Carnesville,GA,16,3.154,34.3729,-83.2328
52480,LOVES TRAVEL STOP #268,US6-9 & US-75,Atoka,OK,253,3.489,34.386,-96.1317
52482,KING TRAVEL PLAZA,"I-95, EXIT 6",Kingsland,GA,75,3.109,30.8194,-81.7216
52483,FLYING J TRAVEL PLAZA #659,"I-70, EXIT 253",Salina,KS,523,3.77233333,38.8136,-97.6143
52484,KWIK STAR #303,"I-80, EXIT 201 & US-21",Brooklyn,IA,380,3.129,41.732,-92.445
52510,Valero,SR-9,Maysville,KY,312,3.599,38.6455,-83.7911
52511,JOES JUNCTION #9,"I-65, RAYMOND EXIT",Indianapolis,IN,375,3.459,39.7771,-86.1458
52512,LOVES TRAVEL STOPS #270,"I-20, EXIT 349",Ranger,TX,575,3.189,32.4693,-98.6751
52512,LOVES TRAVEL STOP #270,"I-20, EXIT 349",Ranger,TX,575,3.213,32.4693,-98.6751
52513,FLYING J TRAVEL PLAZA #678,"I-20 & I-55, EXIT 47",Pearl,MS,760,3.149,32.273,-90.0918
52514,FLYING J TRAVEL PLAZA #671,"I-55, EXIT 58",Matthews,MO,275,3.239,36.7584,-89.5688
52516,FLYING J TRAVEL PLAZA #612,"I-40, EXIT 255",Winslow,AZ,930,3.624,35.0243,-110.7095
52517,STRIPES 7FLEET #42562,US-84 & US-385,Littlefield,TX,700,3.199,33.9192,-102.3348
52520,DANDY MINI MART #19,"ROUTE 17, EXIT 59-A",Sayre,PA,190,3.99233333,41.9856,-76.5207
52527,PETRO STOPPING CENTER #323,"I-75, EXIT 368",Reddick,FL,225,3.35233333,29.3687,-82.1976
52528,QUIKTRIP #150,"I-70, EXIT 28",Oak Grove,MO,400,2.959,39.0075,-94.1282
52529,BIG SKY TRUCK STOP,"I-15, EXIT 56 N",Dillon,MT,786,3.689,45.218,-112.6345
52531,FLYING J FUEL STOP #768,"I-435, EXIT 57",Kansas City,MO,400,3.38233333,39.1238,-94.5541
52534,LEES FOOD MART #1122,"I-75, EXIT 122 & SR-61",Clinton,TN,405,2.969,36.0981,-84.1283
52535,PWI #115,"I-45, EXIT 178",Buffalo,TX,765,2.899,31.46,-96.066
52537,TA Express Osseo #431,"I-94, EXIT 88",Osseo,WI,448,3.469,44.5795,-91.212
52539,PILOT TRAVEL CENTERS #331,"I-285 , EXIT 51",Atlanta,GA,18,3.599,33.7628,-84.422
52539,PILOT TRAVEL CENTER #331,"I-285 , EXIT 51",Atlanta,GA,18,3.599,33.7628,-84.422
52541,PANTRY TRUCKSTOP,US-2/US-41,Rapid River,MI,360,3.499,45.9264,-86.9743
52541,PANTRY TRUCKSTOP,US-2/US-41,Rapid River,MI,360,3.319,45.9264,-86.9743
52541,PANTRY TRUCKSTOP,US-2/US-41,Rapid River,MI,360,3.399,45.9264,-86.9743
52542,FLYING J TRAVEL PLAZA #624,"I-75, EXIT 285 & SR-52",San Antonio,FL,225,3.599,28.3395,-82.2786
52546,CIRCLE K #2723910,US-84 & US-27,Bainbridge,GA,20,3.599,30.9052,-84.5732
52548,Henderson Fuel Mart,"I-80, EXIT 342",Henderson,NE,350,2.899,40.78,-97.8117
52549,SPEEDWAY #3328,"I-77, EXIT 159 A",Cleveland,OH,305,3.799,41.4764,-81.6805
52550,PILOT TRAVEL CENTERS #404,"I-24, EXIT 81 SE",Murfreesboro,TN,460,3.47233333,35.849,-86.4121
52551,PILOT TRAVEL CENTERS #374,"I-10, EXIT 142 & SR-71",Marianna,FL,20,3.599,30.7943,-85.2259
52551,PILOT TRAVEL CENTER #374,"I-10, EXIT 142 & SR-71",Marianna,FL,20,3.599,30.7943,-85.2259
52552,FLYING J TRAVEL PLAZA #672,"I-49/US-71, EXIT167 & CR-J",Peculiar,MO,400,3.42233333,38.7306,-94.4735
52553,FLYING J TRAVEL PLAZA #689,"I-40, EXIT 153",Albuquerque,NM,580,3.549,35.1054,-106.6465
52557,SPRINT MART #40,US-72 & SR-247,Tuscumbia,AL,615,3.189,34.7204,-87.7035
52558,LOVES TRAVEL STOP #271,"I-40, EXIT 37 & US-219",Ozark,AR,695,3.39233333,35.4991,-93.8438
52562,MOBIL,"I-87, EXIT 36",Plattsburgh,NY,39,3.799,44.6951,-73.4563
52563,FLYING J TRAVEL PLAZA #631,"I-75, EXIT 2",Lake Park,GA,20,3.32233333,30.6851,-83.1873
52564,FLYING J TRAVEL PLAZA #669,"I-44, EXIT 11A & US-71/SR-249 & SR-FF",Joplin,MO,277,3.41233333,37.0757,-94.5018
52565,PILOT TRAVEL CENTERS #377,"I-35, EXIT 13",Laredo,TX,693,3.599,27.5625,-99.4874
52566,YUMM,"I-35, EXIT 8",Laredo,TX,598,2.87566666,27.5625,-99.4874
52575,PILOT TRAVEL CENTERS #775,"I-15, EXIT 4",Saint George,UT,910,3.67566666,37.0758,-113.5752
52577,PILOT TRAVEL CENTER #329,"I-29 & I-80, EXIT 1B",Council Bluffs,IA,319,3.659,41.2369,-95.8516
52577,PILOT TRAVEL CENTERS #329,"I-29 & I-80, EXIT 1B",Council Bluffs,IA,319,3.659,41.2369,-95.8516
52580,LOVES TRAVEL STOP #405,"I-95, EXIT 29",Brunswick,GA,75,3.321,31.1449,-81.4746
52580,LOVES TRAVEL STOPS #405,"I-95, EXIT 29",Brunswick,GA,75,3.389,31.1449,-81.4746
52581,TA WILLCOX TRAVEL CENTER,"I-10, EXIT 340",Willcox,AZ,980,3.28233333,32.2515,-109.8359
52582,JRs Oasis,SR-50,Yankton,SD,572,3.149,42.8901,-97.3927
52585,SUPERPUMPER #22,"I-94, EXIT 42",Belfield,ND,807,3.529,46.886,-103.1952
52587,PILOT TRAVEL CENTERS #380,"I-81, EXIT 25 & I-90, EXIT 36",Liverpool,NY,220,4.159,43.1065,-76.2095
52588,STRIPES #42564,US-87,Lubbock,TX,700,3.199,33.5657,-101.8879
52590,FLYING J TRAVEL PLAZA #661,"I-65, EXIT 2 & US-31W",Franklin,KY,415,3.169,36.7177,-86.5595
52591,FLYING J TRAVEL PLAZA #749,"I-95, EXIT 104",Ruther Glen,VA,180,3.619,37.92875,-77.45582
52594,PILOT TRAVEL CENTERS #348,"I-70, EXIT 32B",Bentleyville,PA,165,4.109,40.1178,-80.0044
52595,7-ELEVEN #40281,"I-476,  EXIT 35/95",Jim Thorpe,PA,90,3.589,40.8712,-75.7433
52597,7-ELEVEN #40278,"I-81, EXIT 44 & I-76",Plainfield,PA,70,3.96733333,40.20314,-77.28998
52598,7-ELEVEN #40283,"I-76, EXIT 19/247",Middletown,PA,70,3.97066666,40.201,-76.7289
52599,7-ELEVEN #40285,"I-76, EXIT 21/286",Bowmansville,PA,208,3.97066666,40.2029,-76.0211
52601,LOVES TRAVEL STOP #236,"I-40, EXIT 161 & SR-391",North Little Rock,AR,695,3.22066666,34.7807,-92.2371
52602,7-ELEVEN #40277,"I-76, EXIT 16/226",Newburg,PA,70,4.299,40.137,-77.5546
52603,CASEYS #3364,US-281 & SR-200,Carrington,ND,341,3.439,47.452,-99.1307
52605,PILOT TRAVEL CENTER #39,"I-57, EXIT 335",Monee,IL,290,3.559,41.4181,-87.7502
52605,PILOT TRAVEL CENTERS #39,"I-57, EXIT 335",Monee,IL,290,3.459,41.4181,-87.7502
52605,PILOT TRAVEL CENTERS #39,"I-57, EXIT 335",Monee,IL,290,3.399,41.4181,-87.7502
52605,PILOT TRAVEL CENTER #39,"I-57, EXIT 335",Monee,IL,290,3.399,41.4181,-87.7502
52605,PILOT TRAVEL CENTER #39,"I-57, EXIT 335",Monee,IL,290,3.439,41.4181,-87.7502
52607,PILOT TRAVEL CENTERS #409,"I-40, EXIT 172",Dickson,TN,460,3.19233333,36.0637,-87.3665
52608,PILOT #7971,"I-40, EXIT 133",Conover,NC,46,3.699,35.7154,-81.2174
52610,TA HARBORCREEK TRAVEL CENTER,"I-90, EXIT 35",Erie,PA,240,4.199,42.1167,-80.0733
52611,STRIPES #40530,SR-239,Del Rio,TX,740,3.229,29.3708,-100.8801
52612,STRIPES 7FLEET #42568,US-60 & CR-G,Hereford,TX,700,3.35066666,34.8225,-102.4001
52615,PILOT TRAVEL CENTERS #4,"I-90, EXIT 151",Avon,OH,305,3.879,41.4485,-82.0187
52616,PILOT TRAVEL CENTER #28,I-69 EXIT 234,Daleville,IN,457,3.649,40.1187,-85.5567
52616,PILOT TRAVEL CENTERS #28,I-69 EXIT 234,Daleville,IN,457,3.519,40.1187,-85.5567
52618,PILOT TRAVEL CENTERS #63,"I-85, EXIT 35",Piedmont,SC,30,3.22233333,34.7074,-82.4651
52620,GOODLAND 24/7 STORE,"I-70, EXIT 19",Goodland,KS,525,3.08733333,39.3489,-101.7143
52621,CORNER MARKET #111,"I-70, EXIT 27",Goodland,KS,525,3.059,39.3489,-101.7143
52622,STRIPES 7FLEET #42567,I-20,Stanton,TX,700,3.01566666,32.1317,-101.7927
52623,TA WILLINGTON TRAVEL CENTER,"I-84, EXIT 71",Willington,CT,100,5.199,41.88,-72.26
52624,PILOT TRAVEL CENTERS #390,"I-84, EXIT 188 & US-395",Stanfield,OR,982,3.469,45.7846,-119.2187
52625,FLYING J TRAVEL PLAZA #673,"I-44, EXIT 226 & SR-85",Sullivan,MO,540,3.324,38.2129,-91.1637
52626,FLYING J TRAVEL PLAZA #627,"I-95/SR-405, EXIT 29 & US-82/US-17/SR-25/SR-520",Brunswick,GA,75,3.39566666,31.1449,-81.4746
52628,One9 Pride #1215,"I-10, EXIT 45",Salome,AZ,930,3.379,33.7778,-113.606
52628,Pride Travel Center dba One9 #1215,"I-10, EXIT 45",Salome,AZ,930,3.359,33.7778,-113.606
52629,LOVES TRAVEL STOPS #413,"I-90, EXIT 106 & US-97",Ellensburg,WA,977,3.889,46.9999,-120.5475
52629,LOVES TRAVEL STOP #413,"I-90, EXIT 106 & US-97",Ellensburg,WA,977,3.829,46.9999,-120.5475
52629,LOVES TRAVEL STOP #413,"I-90, EXIT 106 & US-97",Ellensburg,WA,977,3.949,46.9999,-120.5475
52629,LOVES TRAVEL STOP #413,"I-90, EXIT 106 & US-97",Ellensburg,WA,977,3.889,46.9999,-120.5475
52630,PILOT TRAVEL CENTERS #386,"I-5, EXIT 263",Salem,OR,935,3.859,44.9233,-123.0244
52632,LOVES TRAVEL STOP #451,"I-65, EXIT 95 & CR-500",Whiteland,IN,375,3.949,39.5505,-86.0739
52633,PILOT TRAVEL CENTERS #57,"I-40 & I-85, EXIT 152",Mebane,NC,65,3.959,36.0852,-79.2736
52634,PETRO STOPPING CENTER #362,"I-80, EXIT 353",York,NE,330,3.299,40.8701,-97.5928
52635,E EXPRESS at MLK,"I-40 & I-35, EXIT 127",Oklahoma City,OK,483,2.889,35.4676,-97.5136
52636,LOVES TRAVEL STOP #414,"I-64, EXIT 25B & US-41",Haubstadt,IN,340,3.949,38.2039,-87.5751
52638,STRIPES 7FLEET #42555,"I-20, EXIT 80 & SR-18",Monahans,TX,710,2.929,31.6289,-103.0403
52640,SPEEDWAY #8316,US-30 & US-41,Dyer,IN,290,3.649,41.4977,-87.509
52641,PILOT TRAVEL CENTERS #71,"I-95, EXIT 109",Port Wentworth,GA,195,3.37233333,32.1951,-81.1991
52641,PILOT TRAVEL CENTER #71,"I-95, EXIT 109",Port Wentworth,GA,195,3.419,32.1951,-81.1991
52642,One9 #61,"I-26, EXIT 52 & SR-56",Clinton,SC,30,3.099,34.4781,-81.8638
52643,Minit Mart #3,HIGHWAY 277 & FM 1589,Eagle Pass,TX,693,3.199,28.7125,-100.484
52644,ONE9 #058,"I-95, EXIT 180 & SR-48",Pleasant Hill,NC,205,3.399,36.258,-80.8904
52646,FLYING J TRAVEL PLAZA #619,"I-70, EXIT 285",Aurora,CO,800,3.39233333,39.7083,-104.7237
52647,FLYING J TRAVEL PLAZA #699,"I-70, EXIT 122",Millersport,OH,315,3.44566666,39.898,-82.5387
52648,Stripes #42566,US-67 & SR-158,Ballinger,TX,612,3.05566666,31.7394,-99.9559
52649,FLYING J TRAVEL PLAZA #623,"I-10, EXIT 192 & US-90",Midway,FL,20,3.799,30.4169,-87.0229
52651,TA NEW BRAUNFELS TRAVEL CENTER,"I-35, EXIT 193",New Braunfels,TX,740,3.449,29.6994,-98.1148
52652,PILOT TRAVEL CENTERS #47,"I-275, EXIT 129",Georgetown,KY,410,3.20566666,38.2247,-84.5487
52656,TRAVELING TIGER CENTER,"I-10, EXIT 87",Sierra Blanca,TX,640,3.15566666,31.1835,-105.3395
52658,LOVES TRAVEL STOP #274,"I-40, EXIT 221 & SR-27",Okemah,OK,560,3.35566666,35.4292,-96.2998
52659,LOVES TRAVEL STOP #276,"I-10, EXIT 20",Lordsburg,NM,640,3.45733333,32.3438,-108.7021
52661,LOVES TRAVEL STOP #281,"I-35 WEST, EXIT 40",Fort Worth,TX,630,3.18733333,32.7817,-97.3474
52663,EXXON,"I-20/I-59, EXIT 17 & SR-28",Livingston,AL,705,2.979,32.5982,-88.1891
52664,PETRO STOPPING CENTER #378,I-81 EXIT 178B,Pittston,PA,200,4.16566666,41.3272,-75.7888
52667,EXPRESS LANE TRAVEL CENTER,"I-20, EXIT 100 & US-80",Lawrence,MS,705,3.299,32.32514,-89.23284
52669,COLUMBIA TRUCK STOP,US-46,Columbia,NJ,115,3.079,40.926,-75.0945
52674,FLYING J TRAVEL PLAZA #738,"I-20/FM707, EXIT 277",Tye,TX,575,3.124,32.4522,-99.8665
52675,PILOT TRAVEL CENTER #907- TOWN PUMP,"I-94, EXIT 138",Miles City,MT,780,3.499,46.4059,-105.8385
52676,PILOT TRAVEL CENTERS #336,"I-80, EXIT 97 & US-219",Du Bois,PA,14,4.034,41.1223,-78.7565
52678,STRIPES 7FLEET #42433,US-277,Bronte,TX,739,3.474,31.8857,-100.2955
52679,LOVES TRAVEL STOP #404,"I-295, EXIT 56 & I-95, EXIT 7",Bordentown,NJ,150,3.979,40.14622,-74.71183
52680,PILOT TRAVEL CENTER #91,"I-95, EXIT 329",Saint Johns,FL,75,3.424,30.0815,-81.54774
52680,PILOT TRAVEL CENTERS #91,"I-95, EXIT 329",Saint Johns,FL,75,3.499,30.0815,-81.54774
52683,PILOT TRAVEL CENTER #145,"I-40/US-71/US-62, EXIT 72 AND US-412",Springdale,AR,416,3.463,36.1901,-94.1574
52683,PILOT TRAVEL CENTERS #145,"I-40/US-71/US-62, EXIT 72 AND US-412",Springdale,AR,416,3.459,36.1901,-94.1574
52684,KWIK STAR #348,US-30/US-67,Clinton,IA,270,3.624,41.8435,-90.2412
52685,LOVES TRAVEL STOP #275,"I-40/US-63, EXIT 233 & SR-261",Palestine,AR,435,3.31566666,34.9696,-90.9068
52686,LOVES TRAVEL STOP #278,"I-40, EXIT 277",Joseph City,AZ,930,3.60733333,34.9614,-110.3274
52687,LOVES TRAVEL STOP #286,"I-10, EXIT 17",Quartzsite,AZ,930,3.949,33.6675,-114.2171
52690,LOVES TRAVEL STOP #415,"I-95 & OKEECHOBEE RD, EXIT 129",Fort Pierce,FL,95,3.50566666,27.4255,-80.3431
52691,PILOT TRAVEL CENTERS #312,"I-20/SR-402, EXIT 5 & SR-100",Tallapoosa,GA,18,3.449,33.7335,-85.2859
52691,PILOT TRAVEL CENTER #312,"I-20/SR-402, EXIT 5 & SR-100",Tallapoosa,GA,18,3.389,33.7335,-85.2859
52692,PILOT TRAVEL CENTER #249,"I-70/I-55, EXIT 18 & SR-162",Troy,IL,540,3.699,38.7268,-89.8977
52692,PILOT TRAVEL CENTERS #249,"I-70/I-55, EXIT 18 & SR-162",Troy,IL,540,3.439,38.7268,-89.8977
52692,PILOT TRAVEL CENTERS #249,"I-70/I-55, EXIT 18 & SR-162",Troy,IL,540,3.439,38.7268,-89.8977
52692,PILOT TRAVEL CENTERS #249,"I-70/I-55, EXIT 18 & SR-162",Troy,IL,540,3.439,38.7268,-89.8977
52692,PILOT TRAVEL CENTER #249,"I-70/I-55, EXIT 18 & SR-162",Troy,IL,540,3.379,38.7268,-89.8977
52692,PILOT TRAVEL CENTER #249,"I-70/I-55, EXIT 18 & SR-162",Troy,IL,540,3.579,38.7268,-89.8977
52697,FLYING J TRAVEL PLAZA #747,"I-15, EXIT 261",Springville,UT,835,3.76566666,40.1638,-111.6205
60084,SUNSTOP #625,US-84,Ashford,AL,20,3.599,31.1858,-85.2359
60106,SUNSTOP #619,US-84,Daleville,AL,720,3.399,31.2915,-85.7117
60114,SUNSTOP #606,US-84/SR-167,Enterprise,AL,20,3.699,31.3275,-85.8463
60136,HOBO PANTRY #18,US-431,Headland,AL,20,3.599,31.3501,-85.3523
60145,OCS QUICK STOP,US-43/SR-13,Mount Vernon,AL,715,3.699,31.0889,-88.0137
60147,HOP-IN FOOD STORES,US-82 & SR-22,Maplesville,AL,720,3.399,32.7867,-86.8783
60191,PILOT #1180,"I-10, EXIT 94",Tonopah,AZ,930,3.899,33.488,-112.9308
60191,PILOT TRAVEL CENTER #1180,"I-10, EXIT 94",Tonopah,AZ,930,3.899,33.488,-112.9308
60206,TA EXPRESS #649,"I-25, EXIT 52",Walsenburg,CO,796,4.259,37.6307,-104.7818
60208,BERKSHIRE PETROLEUM,"I-91, EXIT 9",North Haven,CT,100,3.549,41.39093,-72.85954
60220,ZELLWOOD TRUCK STOP,US-441,Zellwood,FL,140,3.499,28.7294,-81.5895
60224,SUNSTOP #419,US-19,Camilla,GA,20,3.499,31.2337,-84.2088
60226,CIRCLE K #2723903,US-82 & SR-520,Dawson,GA,20,3.499,31.7721,-84.4437
60229,96 TRAVEL PLAZA,"I-16, EXIT 24",Jeffersonville,GA,85,3.399,32.6863,-83.3433
60230,CIRCLE K #2745152,US-19,Pelham,GA,20,3.499,31.1267,-84.1515
60242,KWIK STAR #711,US-18/US-52,Monona,IA,565,3.624,43.0504,-91.391
60243,PETRO MART,"I-29, EXIT 112",Onawa,IA,527,3.15733333,42.0265,-96.0909
60245,STINKER #74,"I-84, EXIT 137",Bliss,ID,785,3.634,42.9243,-114.9479
60248,METRO,"I-95, EXIT 12",Avenel,NJ,115,3.299,40.5842,-74.2716
60250,ELIZABETH TRUCK STOP,"I-95, EXIT 13A & SR-81",Elizabethport,NJ,115,3.399,40.6501,-74.18709
60255,HUCKS FOOD & FUEL #186,US-51/CR-1450 & US-136,Heyworth,IL,368,3.479,40.3138,-88.9928
60255,HUCKS FOOD & FUEL #186,US-51/CR-1450 & US-136,Heyworth,IL,368,3.549,40.3138,-88.9928
60256,BOLLA MARKET,"I-84, EXIT 1",Montague,NJ,115,3.519,41.30315,-74.7935
60270,CHUCKLES #27,SR-57,Washington,IN,340,3.339,38.6586,-87.1591
60273,24-7,"I-70, EXIT 53 & SR-25",Colby,KS,525,3.05566666,39.3848,-101.0452
60280,JUMP START #9,"I-35, EXIT 4",South Haven,KS,570,3.069,37.0495,-97.4013
60282,CRVS #7,SR-96 & SR-27,Tribune,KS,525,3.399,38.472,-101.7546
60294,LITTLE CAPITOL EXXON,"I-10, EXIT 115",Breaux Bridge,LA,600,3.899,30.2829,-91.9043
60295,EXIT 80 TRAVEL PLAZA,"I-10, EXIT 80",Crowley,LA,730,3.109,30.2175,-92.3752
60298,BEAU CHENE TRUCK STOP,"I-49, EXIT 11",Grand Coteau,LA,730,3.399,30.4202,-92.0438
60313,WHITE MARSH TRUCK STOP,US-40,White Marsh,MD,22,3.369,39.3819,-76.4574
60316,CIRCLE K #4707001,"I-95, EXIT 264 & SR-158",Sherman,ME,170,3.93233333,45.87116,-68.41781
60324,FUEL MART OF AMERICA,"I-75, EXIT 59",Detroit,MI,325,3.499,42.3834,-83.1024
60326,SUNRISE CONVENIENCE STORE #29,"I-69, EXIT 184",Memphis,MI,325,3.559,42.8956,-82.7689
60326,SUNRISE CONVENIENCE STORE #29,"I-69, EXIT 184",Memphis,MI,325,3.499,42.8956,-82.7689
60328,SPEEDWAY #8748,"I-69, EXIT 6",Flint,MI,342,3.339,43.0236,-83.6921
60329,CHARLIES COUNTRY CORNER,"I-75, EXIT 271",Grayling,MI,287,3.899,44.6566,-84.7091
60329,CHARLIES COUNTRY CORNER,"I-75, EXIT 271",Grayling,MI,287,3.799,44.6566,-84.7091
60333,LAKESHORE BP,US-2,Manistique,MI,287,3.499,45.9591,-86.2507
60341,SNAPPY FOOD MART,ST 60,Tekonsha,MI,431,3.589,42.0964,-84.9903
60342,True North #254,US-31 & SR-37,Traverse City,MI,456,3.789,44.7546,-85.6038
60342,True North #254,US-31 & SR-37,Traverse City,MI,456,3.729,44.7546,-85.6038
60344,DORR TRUCK STOP,"US-131, EXIT 68",Wayland,MI,344,3.499,42.6725,-85.6408
60347,KWIK TRIP #875,"I-90, EXIT 157, BRIDGE ST ENTRANCE",Albert Lea,MN,515,3.324,43.6548,-93.3643
60358,PETRO SERVE USA #54,US-10,Glyndon,MN,341,3.449,46.8709,-96.5784
60372,FLYING W CONVENIENCE STORE,SR-96,Carthage,MO,277,3.199,37.1503,-94.3225
60373,FLYING J #571,"I-57, EXIT 12 & US-60",Charleston,MO,490,3.559,36.9179,-89.3343
60374,PILOT TRAVEL CENTERS #385,US-54 & SR-13,Collins,MO,416,3.49566666,37.8906,-93.6215
60379,FAST LANE #50,US-54/SR-19,Laddonia,MO,540,3.15733333,39.243,-91.6431
60380,AMOCO,US-63/US-136,Lancaster,MO,320,3.249,40.5238,-92.5314
60382,WINDSTARS #5101,"I-435, EXIT 57",Kansas City,MO,400,3.099,39.1238,-94.5541
60383,CASEYS #4399,"I-70, EXIT 175",New Florence,MO,392,2.949,38.9092,-91.4529
60392,Kangaroo Crossing #1107,"I-20, EXIT 68 & SR-43",Pelahatchie,MS,705,3.199,32.3148,-89.8083
60398,TOWN PUMP FOOD STORE #610,"I-90, EXIT 333",Livingston,MT,786,3.644,45.6665,-110.5539
60400,CAN AM C STORE,SR-16,Plentywood,MT,807,3.499,48.776,-104.5574
60416,MINUTEMAN FOOD MART #20,US-74 & US-76,Whiteville,NC,245,3.46066666,34.3306,-78.7014
60420,PUMP & PANTRY #35,US-183,Alma,NE,330,3.459,40.1036,-99.3657
60426,BONS BONS MOBIL,US-3,Merrimack,NH,125,3.699,42.86509,-71.4934
60434,ENRITE,US-9,Linden,NJ,79,3.34233333,40.6251,-74.2383
60442,Circle K #4706716,SR-71 & SR-47,Yorkville,IL,290,3.799,41.6563,-88.4507
60442,Circle K #4706716,SR-71 & SR-47,Yorkville,IL,290,3.499,41.6563,-88.4507
60442,Circle K #4706716,SR-71 & SR-47,Yorkville,IL,290,3.599,41.6563,-88.4507
60460,HAHN OIL,US-36,Coshocton,OH,315,3.299,40.2618,-81.848
60461,TRUE NORTH #704,"I-75, EXIT 56A",Dayton,OH,317,3.799,39.7805,-84.2003
60463,Anna Truck Stop,"I-75, EXIT 99",Anna,OH,411,3.01566666,40.3957,-84.1754
60465,MOTOMART #4129,ST 309,Marion,OH,411,3.34233333,40.5973,-83.1227
60471,FUEL MART #701,"I-480/I-271, EXIT 23 & SR-8",Bedford,OH,305,3.529,41.3919,-81.536
60473,BELL STORES #50,ST 3,Wooster,OH,249,3.599,40.8172,-81.9336
60476,PETES #11,US-75,Dewey,OK,560,3.154,36.7913,-95.9328
60508,FEGLEY VALERO,SR-309,Tamaqua,PA,90,3.599,40.8033,-75.9344
60513,CIRCLE K #2723873,US-17,Georgetown,SC,42,2.899,33.3594,-79.2958
60515,FLASH MARKET #302,SR-9 & SR-151,Pageland,SC,46,3.38566666,34.772,-80.3897
60516,ENMARKET #892,"I-95, EXIT 150",Harleyville,SC,195,3.399,33.213,-80.4478
60519,CORNER PANTRY #25,US-14,Huron,SD,571,3.079,44.3623,-98.2094
60538,TEXACO #380031,ST 21W,Bryan,TX,765,3.399,30.665,-96.3807
60539,SHELL,US-96 & SR-62/FM-1004,Buna,TX,610,3.10233333,30.4458,-93.9625
60540,CIRCLE K #2706340,"I-20, EXIT 533",Canton,TX,630,2.77566666,32.5546,-95.8641
60551,CIRCLE K #2744522,"I-30, EXIT 201  I-30 & SR-8",New Boston,TX,766,2.94233333,33.4612,-94.4183
60554,CEFCO #2070,"I-27, EXIT 49",Plainview,TX,700,2.83233333,34.1911,-101.7235
60565,CEFCO #2006,"I-40, EXIT 163",Shamrock,TX,585,3.099,35.2154,-100.2462
60579,SPEEDWAY #4633,US-220/US-221/US-460,Roanoke,VA,185,3.399,37.2785,-79.9581
60587,BJS AUTO TRUCK PLAZA,SR-28,Rock Island,WA,970,4.099,47.3733,-120.142
60587,BJS AUTO TRUCK PLAZA,SR-28,Rock Island,WA,970,3.999,47.3733,-120.142
60589,RIVER COUNTRY PLAZA,"SR-29, EXIT 91",Cadott,WI,295,3.39733333,44.9502,-91.1532
60590,DARLINGTON MINI MART,SR-23 & SR-81,Darlington,WI,420,3.399,42.6765,-90.1201
60601,HOLIDAY STATIONSTORE #2746229,US-53/US-2,Superior,WI,545,3.339,46.6941,-92.0823
60635,EXXON ON THE RUN,US-62/US-412 & SR-126,Gassville,AR,535,3.695,36.2849,-92.4869
60650,SHELL DBA ONE9 #1244,"I-8, EXIT 115",Gila Bend,AZ,930,3.259,32.9662,-112.7154
60650,ONE9 #1244,"I-8, EXIT 115",Gila Bend,AZ,930,3.359,32.9662,-112.7154
60700,PWI #502,"I-70/US-40, EXIT 259",Golden,CO,800,3.199,39.7406,-105.2118
60707,REATA TRAVEL STOP,"I-76, EXIT 125",Sterling,CO,800,3.399,40.6205,-103.1925
60708,CRVS STORE #6,US-385,Wray,CO,800,3.449,40.0802,-102.2284
60762,BP,US-1 & US-341,Baxley,GA,195,3.599,31.7641,-82.3509
60768,GAS N GO FOOD STORE,"I-75, EXIT 290/US-41",Cartersville,GA,48,2.94233333,34.1644,-84.8009
60773,NEIGHBORS EXPRESS,US-341/SR-27 & US-129 ALT/SR-340,Hawkinsville,GA,20,3.399,32.2965,-83.4815
60779,Marathon,US-129,Eatonton,GA,85,3.399,33.3258,-83.3886
60781,JP PERRY,"I-75, EXIT 138",Perry,GA,85,3.08233333,32.472,-83.7283
60783,CIRCLE K #2723324,US-441/US-23/SR-15 & SR-17A/SR-385,Clarkesville,GA,16,3.439,34.6103,-83.5284
60787,MARATHON,"I-20, EXIT 11",Lithia Springs,GA,48,2.87233333,33.7811,-84.6487
60788,SPRINT FOODS #722,US-1/SR-4/SR-17 & SR-24,Louisville,GA,85,4.099,32.9955,-82.4001
60791,MARATHON #9,"I-475, EXIT 1",Macon,GA,85,3.039,32.8065,-83.6974
60795,CIRCLE K #2745080,US-319/US-129/SR-90/SR-11,Ocilla,GA,10,3.62566666,31.5987,-83.2498
60797,EVANS FOOD MART,SR-20,Rome,GA,193,3.699,34.2662,-85.1863
60804,JET FOOD STORE #4,US-1 & SR-78,Wadley,GA,135,3.41566666,32.8663,-82.4014
60807,BATAVIA GARDENS AND GAS,"US-34, EXIT 203",Batavia,IA,320,3.379,40.9949,-92.1673
60817,KWIK STAR #712,US-218 & SR-27,Janesville,IA,565,3.599,42.6462,-92.4626
60822,CASEYS #3639,US-18/US-52,Postville,IA,420,3.599,43.0842,-91.5676
60829,BARRY TRAVEL PLAZA,"I-72, EXIT 20",Barry,IL,540,3.599,39.6982,-91.0399
60833,SPEEDWAY #5400,CR-11 & CR-23,Bloomingdale,IL,290,3.759,41.9497,-88.0895
60834,SPEEDWAY #7422,SR-43,Burbank,IL,293,3.619,41.7444,-87.7686
60839,FREEDOM OIL #18,"I-74, EXIT 82",Edwards,IL,270,3.499,40.74587,-89.74427
60839,FREEDOM OIL #18,"I-74, EXIT 82",Edwards,IL,270,3.399,40.74587,-89.74427
60839,FREEDOM OIL #18,"I-74, EXIT 82",Edwards,IL,270,3.899,40.74587,-89.74427
60846,EXPRESS LANE #50,"I-88, EXIT 10",Hillsdale,IL,270,3.699,41.6108,-90.1752
60846,EXPRESS LANE #50,"I-88, EXIT 10",Hillsdale,IL,270,3.999,41.6108,-90.1752
60846,EXPRESS LANE #50,"I-88, EXIT 10",Hillsdale,IL,270,3.799,41.6108,-90.1752
60851,SPEEDWAY #7382,I-355 & SR-64,Lombard,IL,293,3.249,41.8741,-88.0157
60851,SPEEDWAY #7382,I-355 & SR-64,Lombard,IL,293,3.349,41.8741,-88.0157
60851,SPEEDWAY #7382,I-355 & SR-64,Lombard,IL,293,3.299,41.8741,-88.0157
60857,RED ROOSTER TERMINAL,US-50/SR-250 & SR-130,Olney,IL,510,3.189,38.7285,-88.0839
60857,RED ROOSTER TERMINAL,US-50/SR-250 & SR-130,Olney,IL,510,3.249,38.7285,-88.0839
60857,RED ROOSTER TERMINAL,US-50/SR-250 & SR-130,Olney,IL,510,3.399,38.7285,-88.0839
60857,RED ROOSTER TERMINAL,US-50/SR-250 & SR-130,Olney,IL,510,3.189,38.7285,-88.0839
60857,RED ROOSTER TERMINAL,US-50/SR-250 & SR-130,Olney,IL,510,3.349,38.7285,-88.0839
60857,RED ROOSTER TERMINAL,US-50/SR-250 & SR-130,Olney,IL,510,3.399,38.7285,-88.0839
60865,Truckquest,"I-55, EXIT 286",Cicero,IL,290,3.599,41.8445,-87.7593
60865,Truckquest,"I-55, EXIT 286",Cicero,IL,290,3.649,41.8445,-87.7593
60871,WENONA BP,"I-39/US-51, EXIT 35 & SR-17",Wenona,IL,280,3.499,41.0487,-89.0523
60881,GAS AND STUFF,"I-64, EXIT 118",Georgetown,IN,415,3.799,38.2954,-85.964
60882,SPEEDWAY #6666,US-33,Goshen,IN,465,3.81566666,41.5743,-85.8309
60887,STERNBERG CITGO TRUCK STOP,"I-64, EXIT 57",Jasper,IN,340,3.759,38.3933,-86.9402
60890,JACK FLASH,I-57 EXIT 135,Farina,IL,510,3.099,38.8302,-88.7796
60890,JACK FLASH,I-57 EXIT 135,Farina,IL,510,3.199,38.8302,-88.7796
60900,7-ELEVEN #40504,"I-80/I=90, MM 56 EB",Rolling Prairie,IN,465,3.999,41.6743,-86.6207
60902,SPEEDWAY #6674,"I-80/I-90, EXIT 72 & SR-31",South Bend,IN,465,3.69066666,41.6767,-86.2696
60913,J Mart #1,"HWY 50 E, HWY 83 N",Garden City,KS,525,3.529,37.9753,-100.8527
60926,CENEX,US-36 & US-83,Oberlin,KS,525,3.159,39.823,-100.5308
60958,NORTH WEST TRUCK STOP,US-90 & SR-3211,Franklin,LA,600,3.399,29.7851,-91.5098
60979,TOBACCO PLUS #5,"I-10, EXIT 4 & US-90",Vinton,LA,690,2.999,30.1957,-93.5818
60988,GULF OIL LP #5020,"I-90, MM291",Blandford,MA,215,3.914,42.18065,-72.92732
60989,Blandford Service Plaza Westbound,"I-90, EXIT MM29",Blandford,MA,215,3.919,42.18065,-72.92732
60993,GULF #5165,"I-90, EXIT 12",Framingham,MA,34,4.06566666,42.3085,-71.4368
60997,GULF OIL #5035,I-90 MM 66.7,Ludlow,MA,215,3.914,42.16009,-72.47592
60998,GULF OIL #5030,"I-90, EXIT 7",Ludlow,MA,215,3.909,42.16009,-72.47592
61004,Applegreen,SR-15,Sturbridge,MA,215,3.999,42.10843,-72.07869
61006,GULF OIL LP #5155,"I-90, EXIT 11",Westborough,MA,215,3.909,42.26954,-71.61618
61019,MARDELA GOOSE CREEK FOOD STORE,US-50,Mardela Springs,MD,194,3.979,38.4589,-75.7565
61021,WESTOVER GOOSE CREEK,US-13 & SR-673,Westover,MD,194,3.259,38.12401,-75.70632
61028,MARATHON,"US-10, EXIT 137",Bay City,MI,260,3.259,43.5902,-83.8887
61028,MARATHON,"US-10, EXIT 137",Bay City,MI,260,3.199,43.5902,-83.8887
61030,HAGGERTY JOY MOBIL,I-275,Canton,MI,325,3.699,42.30865,-83.48216
61032,MARATHON,US-10/US-127,Clare,MI,260,3.289,43.8259,-84.763
61032,MARATHON,US-10/US-127,Clare,MI,260,3.299,43.8259,-84.763
61034,MOTOR CITY TRUCK STOP,"I-75, EXIT 43",Detroit,MI,325,3.499,42.3834,-83.1024
61037,HEARTLAND MOBIL,US-23,Fenton,MI,342,3.849,42.7994,-83.7144
61038,SPEEDWAY #8753,"I-475, EXIT 4",Burton,MI,342,3.399,42.9974,-83.6175
61038,SPEEDWAY #8753,"I-475, EXIT 4",Burton,MI,342,3.289,42.9974,-83.6175
61038,SPEEDWAY #8753,"I-475, EXIT 4",Burton,MI,342,3.089,42.9974,-83.6175
61038,SPEEDWAY #8753,"I-475, EXIT 4",Burton,MI,342,3.259,42.9974,-83.6175
61042,CITGO,"US-131, EXIT 44",Kalamazoo,MI,465,3.499,42.2749,-85.5882
61057,CIRCLE K #2746537,US-2 & US-41,Rapid River,MI,360,3.499,45.9264,-86.9743
61057,CIRCLE K #2746537,US-2 & US-41,Rapid River,MI,360,3.319,45.9264,-86.9743
61057,CIRCLE K #2746537,US-2 & US-41,Rapid River,MI,360,3.399,45.9264,-86.9743
61057,CIRCLE K #2746537,US-2 & US-41,Rapid River,MI,360,3.449,45.9264,-86.9743
61063,PS Food Mart,I-69 EXIT 25,Tekonsha,MI,431,3.589,42.0964,-84.9903
61063,PS Food Mart,I-69 EXIT 25,Tekonsha,MI,431,3.519,42.0964,-84.9903
61076,Holiday StationStore #2746408,"I-35, EXIT 129",Forest Lake,MN,448,3.399,45.2536,-92.9582
61080,CO-OP SERVICE,US-10 & CR-67,New York Mills,MN,250,3.499,46.5198,-95.3732
61090,Northdale Oil,US-59 & SR-1,Thief River Falls,MN,355,3.239,48.1108,-96.1778
61093,CIRCLE K #2746501,"I-90, EXIT 45 & SR-60",Worthington,MN,432,3.14233333,43.6281,-95.599
61099,LOVES TRAVEL STOP #488,"I-55, EXIT 157 & SR-32",Bloomsdale,MO,540,3.38233333,38.0146,-90.2213
61102,FAST LANE #54,US-63,Columbia,MO,310,3.20733333,38.9472,-92.3268
61106,TEMP STOP #102,US-54 & SR-52,Eldon,MO,392,3.199,38.3511,-92.5766
61110,HB OF RANDOLPH,"I-435, EXIT 55B & SR-210",Kansas City,MO,400,3.149,39.1238,-94.5541
61111,Caseys #4540,"I-35, EXIT 40 & SR-116",Lathrop,MO,400,3.07566666,39.5567,-94.3077
61115,BREAK TIME #3071,US-24 & US-63,Moberly,MO,310,3.469,39.4179,-92.4364
61118,MIDWEST PETROLEUM #21,"I-55, EXIT 129",Perryville,MO,275,2.99066666,37.7263,-89.8759
61145,TEXACO,US-49 & US-98,Hattiesburg,MS,620,3.199,31.3074,-89.317
61146,STUCKEYS EXPRESS #619,"I-59, EXIT 113 & SR-528",Heidelberg,MS,620,3.499,31.8897,-88.9878
61149,CEFCO #501,US-45,Lauderdale,MS,705,2.899,32.5104,-88.5264
61168,Blue Sky #717,US-72 & SR-15,Walnut,MS,435,3.099,34.9497,-88.9236
61171,CHEVRON CURB STORE,US-49 & SR-26,Wiggins,MS,620,3.499,30.8557,-89.1386
61176,TOWN PUMP FOOD STORE #8947,US-2,Chinook,MT,815,3.629,48.5902,-109.2319
61182,TOWN PUMP FOOD STORE #3000,US-87,Lewistown,MT,815,3.599,47.0514,-109.4524
61193,SPEEDWAY #8502,"I-75, EXIT 161 & CR-99",Findlay,OH,411,3.299,41.0469,-83.6379
61195,MINUTEMAN FOOD MART #06,SR-24,Clinton,NC,245,3.649,35.0004,-78.3313
61205,SPEEDWAY #6961,"I-40, EXIT 303",Garner,NC,177,2.92066666,35.6936,-78.6181
61210,SHEETZ #548,US-29,Greensboro,NC,65,2.859,36.0956,-79.8271
61254,7-ELEVEN #36075,"I-77, EXIT 65 & SR-901",Union Grove,NC,46,2.859,35.66516,-76.6091
61266,CENEX CONVENIENCE STORE,US-2 & SR-19,Devils Lake,ND,355,3.249,48.11278,-98.86512
61269,FLYING J #489,"I-29, EXIT 138",Grand Forks,ND,341,3.61566666,47.9214,-97.0884
61271,MARATHON,"I-94, EXIT 292",Valley City,ND,341,3.499,46.9222,-98.0055
61291,FLEMING OIL FOOD MART,ST 9,West Chesterfield,NH,12,3.899,42.90425,-72.51564
61292,ENRITE,"I-95, EXIT 14A",Jersey City,NJ,115,3.349,40.7184,-74.0686
61301,SUNOCO- WALT WHITMAN PLAZA #7007,"NJTP,MILE POST 30",Cherry Hill,NJ,150,3.899,39.93484,-75.03073
61304,A Plus MOLLY PITCHER PLAZA #7011,MILE POST 71.7 NJ TURNPIKE SO,Cranbury,NJ,115,3.909,40.31622,-74.51376
61305,BP,US-130,Cranbury,NJ,150,3.14566666,40.31622,-74.51376
61308,CARLSTADT VALERO,SR-120,Carlstadt,NJ,115,3.199,40.8247,-74.0613
61312,BLUE STAR,US-202 & SR-31,Flemington,NJ,115,3.399,40.5087,-74.8599
61326,SUNOCO JAMES F COOPER PLAZA- #7008,MILEPOST 39 NJ TURNPIKE N,Mount Laurel,NJ,150,3.959,39.934,-74.891
61328,KW RASTALL OIL,US-130,North Brunswick,NJ,115,3.199,40.454,-74.482
61333,46 GAS AND TRUCK STOP,US-46,Palisades Park,NJ,115,3.23566666,40.8472,-73.9966
61337,SUNOCO- JOHN FENWICK PLAZA #7006,"NJTP, MM 5",Penns Grove,NJ,150,3.909,39.7275,-75.4691
61339,FUEL ONE,"I-78, EXIT 3 & US-22",Phillipsburg,NJ,79,3.359,40.6894,-75.1821
61346,SUNOCO- ALEXANDER HAMILTON PLAZA #7016,NEW JERSEY TURNPIKE SOUTH MILEPOST 111.6,Secaucus,NJ,115,3.899,40.781,-74.0659
61357,KENT KWIK #501,US-70 & US-54,Alamogordo,NM,593,2.98233333,32.8837,-105.9625
61364,HUNTINGTON BROADWAY CONOCO,US-64 BUS,Farmington,NM,614,3.799,36.7555,-108.1823
61409,104 STORE,SR-370/SR-104,Red Creek,NY,220,3.799,43.2488,-76.7225
61410,KWIK FILL #58,ST 15,Rochester,NY,190,3.969,43.168,-77.6162
61410,KWIK FILL #58,ST 15,Rochester,NY,190,3.999,43.168,-77.6162
61421,7-ELEVEN #40294,"I-80 WB, EXIT 139",Amherst,OH,249,3.53233333,41.4022,-82.2303
61430,7-ELEVEN #40303,"I-90, EXIT 7",Clyde,OH,550,3.66233333,41.3044,-82.9781
61431,7-ELEVEN #40304,"I-90, EXIT 7",Clyde,OH,550,3.66233333,41.3044,-82.9781
61439,7-ELEVEN #40302,"I-75, EXIT 157",Genoa,OH,550,3.66233333,41.5202,-83.3619
61449,7-ELEVEN #40297,"I-80, EXIT 13A",Mantua,OH,249,3.53233333,41.282,-81.2223
61450,7-ELEVEN #40298,I-80,Mantua,OH,249,3.53233333,41.282,-81.2223
61453,CITGO,"I-475, EXIT 6",Maumee,OH,550,3.499,41.5696,-83.6636
61458,7-ELEVEN #40299,OHIO TNPK MM 237 & SR-26,New Springfield,OH,165,3.53233333,40.9183,-80.6031
61459,7-ELEVEN #40300,"I-76, EXIT 157",New Springfield,OH,165,3.53233333,40.9183,-80.6031
61461,S&G,"I-280, EXIT 7",Oregon,OH,550,3.599,41.6524,-83.4321
61477,CHOCTAW NATION GRANT #633,US-271,Grant,OK,253,2.999,33.9387,-95.5156
61483,CM SILVER DOLLAR,"I-220, EXIT 7",Shreveport,LA,745,3.299,32.4653,-93.7955
61492,SPRINGER TRAVEL PLAZA,I-35 EXIT 40,Springer,OK,253,2.91566666,34.291,-97.1255
61508,7-ELEVEN #40275,"I-70 & I-76 NB, MM 147",Bedford,PA,14,4.199,40.01869,-78.50391
61509,7-ELEVEN #40275,"I-70/I-76 SB, MM 147",Bedford,PA,14,4.199,40.01869,-78.50391
61511,MIDWAY FUEL AND TRUCK WASH,"I-78/US-22, EXIT 16",Bethel,PA,208,3.364,40.47454,-76.29134
61515,Carlisle Fuel Stop,"I-81, EXIT 52",Carlisle,PA,70,3.359,40.2,-77.2034
61540,S&P Oil,US-13,Levittown,PA,160,3.81566666,40.1533,-74.8531
61559,7-ELEVEN #40273,34 MILE WEST OF EXIT 11/146,Somerset,PA,168,4.20733333,40.0049,-79.0778
61560,7-ELEVEN #40272,"I-70 & 76, EXIT 10",Somerset,PA,168,4.20733333,40.0049,-79.0778
61567,7-ELEVEN #35774,"I-76, EXIT 5/48",Verona,PA,165,4.20733333,40.505,-79.8419
61569,KWIK FILL #295,US-6 BUS,Warren,PA,240,4.699,41.8434,-79.1444
61570,7-ELEVEN #40276,"I-76, EXIT 12/161 & SR-655",Waterfall,PA,14,4.199,40.12758,-78.06278
61571,7-ELEVEN #40280,MILE MARKER 55 NE EXT PENN TPKE,Allentown,PA,90,3.589,40.5961,-75.4756
61594,SPINX #138 (DISCOUNT AVAILABLE),"I-85, EXIT 44",Greenville,SC,30,3.04233333,34.8354,-82.3646
61595,CORNER MART 3338,"I-85, EXIT 44",Greenville,SC,30,2.907,34.8354,-82.3646
61596,HOT SPOT #2009,US-25/US-178 & SR-225,Greenwood,SC,30,2.939,34.1947,-82.1542
61597,SPINX #121,"I-85, EXIT 56",Greer,SC,30,3.16566666,34.933,-82.2313
61598,Shell,SR-41,Hemingway,SC,245,3.199,33.7534,-79.4462
61599,HOT SPOT #2013,"I-26, EXIT 10",Inman,SC,210,3.149,35.0463,-82.0897
61605,HOT SPOT #2028,US-76/US-301,Marion,SC,63,2.999,34.1787,-79.3956
61616,PILOT #4578,"I-77, EXIT 48 & SC-200",Winnsboro,SC,135,3.409,34.3718,-81.0907
61621,CUBBYS #401,"I-90 , EXIT 332 & SR-37",Mitchell,SD,530,3.149,43.7294,-98.0337
61625,PRARIE STOP,US-212 & SR-20,Watertown,SD,566,3.279,44.9094,-97.1532
61633,ECO TRAVEL PLAZA,"I-40, EXIT 320 & SR-298",Crossville,TN,405,3.02566666,35.9526,-85.0295
61642,PILOT TRAVEL CENTERS #252,"I-35, EXIT 26",Kearney,MO,400,3.699,39.355,-94.3599
61646,SHELL,"I-40, EXIT 35 & SR-59",Mason,TN,435,3.549,35.4128,-89.5412
61651,LEES FOOD MART #123,"I-81, EXIT 23 AT MILE 23",Bulls Gap,TN,405,3.259,36.2615,-83.0788
61654,MAJOR MARKETS #276,US-51/SR-3,Ripley,TN,435,3.799,35.7449,-89.5358
61656,PHILLIPS 66,US-51,Union City,TN,460,3.38233333,36.4267,-89.0474
61660,MARATHON,"I-40, EXIT 108",Wildersville,TN,435,3.099,35.7766,-88.3561
61684,WOODYS FOOD MART,"I-45 & SR-7, EXIT 164",Centerville,TX,670,2.84566666,31.2583,-95.9794
61730,STRIPES 7FLEET #42430,"I-20, EXIT 131",Midland,TX,612,3.569,32.0243,-102.1147
61747,TEX-BEST #504,"I-35, EXIT 141",Von Ormy,TX,740,3.15733333,29.2803,-98.6556
61751,ALLSUPS CONVENIENCE STORE #2264,SR-214,Seminole,TX,710,3.094,32.7207,-102.6501
61761,ALLSUPS CONVENIENCE STORE #2304,"I-40, EXIT 36 & US-385",Vega,TX,585,2.999,35.2453,-102.4294
61763,ALLSUPS CONVENIENCE STORE #2283,"I-20, EXIT 73",Wickett,TX,710,2.899,31.5673,-103.006
61787,DUCK THRU FOOD STORE #5,US-258,Franklin,VA,180,3.499,36.6831,-76.9386
61796,EXXON,US-220,Martinsville,VA,185,3.375,36.6826,-79.8636
61799,CIRCLE K #2723712,"I-77, EXIT 52 & US-52/SR-42",Bland,VA,185,3.37566666,37.1,-81.1161
61804,CARTERS ONE STOP,"I-95 & SR-301, EXIT 31 & SR-40",Stony Creek,VA,180,2.959,36.948,-77.4001
61806,LANKFORD TRUCK PLAZA,US-13 & CR-646,Townsend,VA,130,3.399,37.18459,-75.95826
61819,CHEVRON,"I-5, EXIT 36",Longview,WA,935,4.499,46.1461,-122.963
61830,APPLETON TRAVEL PLAZA,SR-96,Appleton,WI,444,3.40566666,44.278,-88.3892
61832,BARRON FARMERS UNION,"US-8, EXIT 53",Barron,WI,545,3.639,45.4015,-91.8476
61835,BRISTOL BP,"I-94, EXIT 345 & US-45",Bristol,WI,444,3.719,42.5377,-88.0151
61843,KWIK TRIP #332,SR-33,Horicon,WI,444,3.21566666,43.4454,-88.6403
61849,KWIK TRIP #306,"I-94, EXIT 259 & SR-89",Lake Mills,WI,420,3.43233333,43.0775,-88.9055
61862,KWIK TRIP #781,SR-21,Redgranite,WI,582,3.35233333,44.0513,-89.1059
61867,KWIK TRIP #318,SR-27 & SR-16/SR-71,Sparta,WI,515,3.34233333,43.9377,-90.8131
61877,CASEYS #3715,SR-59,Whitewater,WI,420,3.299,42.8372,-88.7341
61879,KWIK TRIP #347,SR-13,Wisconsin Rapids,WI,395,3.31233333,44.3927,-89.8265
61880,KWIK TRIP #310,SR-13/SR-73,Wisconsin Rapids,WI,395,3.26233333,44.3927,-89.8265
61968,FLYING J TRAVEL PLAZA #701,"I-35, EXIT 33",Ardmore,OK,253,3.659,34.1949,-97.1256
62008,LOVES TRAVEL STOP #366,"I-81, EXIT 90",Jonestown,PA,70,3.85733333,40.413,-76.4806
62075,FLYING J TRAVEL PLAZA #657,US-283/US-50/US-56 & US-400,Dodge City,KS,570,3.799,37.7611,-100.0182
62097,FLASH MARKET #17046,US-65/SR-9,Clinton,AR,695,3.239,35.5798,-92.4543
62211,STUBS GAS AND OIL,"I-76, EXIT 66",Wiggins,CO,800,3.559,40.2286,-104.0724
62238,Circle K #2726278,SR-207,Hastings,FL,75,3.569,29.7145,-81.499
62283,Circle K #2745099,US-23 & US-341/SR-27,Hazlehurst,GA,195,3.529,31.8651,-82.5994
62316,BP,US-20,Delaware,IA,335,3.299,42.4718,-91.3391
62355,MINIT MART #600630,"I-39, EXIT 14",El Paso,IL,368,3.679,40.7405,-89.0183
62355,MINIT MART #600630,"I-39, EXIT 14",El Paso,IL,368,3.599,40.7405,-89.0183
62370,7-ELEVEN #34712,I-90 Exit 24,Belvidere,IL,290,3.739,42.2543,-88.8649
62399,Rebel Plus #882,"I-80, EXIT 101",Bristol,IN,465,3.57566666,41.7184,-85.8228
62462,HAWESWAY TRUCKSTOP,US-60,Owensboro,KY,487,3.599,37.7575,-87.1172
62467,SUPER QUIK #9,"I-64, EXIT 181",Ashland,KY,255,3.669,38.4592,-82.6448
62480,CM GALLIANO,US-167,Cut Off,LA,725,3.499,29.5164,-90.3291
62487,Fred's Food Mart,US-61,Saint Francisville,LA,600,3.799,30.7852,-91.3788
62500,CASH MAGIC VINTON,"I-10, EXIT 4 & SR-109",Vinton,LA,690,3.284,30.1957,-93.5818
62547,MARATHON,SR-32W,Gaylord,MI,287,3.799,45.0208,-84.6809
62550,Sunoco,"I-275, EXIT 11",New Boston,MI,325,3.399,42.16254,-83.40299
62550,Sunoco,"I-275, EXIT 11",New Boston,MI,325,3.439,42.16254,-83.40299
62559,EXPRESS FOOD DEPOT,"I-94, EXIT 266",Smiths Creek,MI,325,3.629,42.91392,-82.60381
62559,EXPRESS FOOD DEPOT,"I-94, EXIT 266",Smiths Creek,MI,325,3.659,42.91392,-82.60381
62559,EXPRESS FOOD DEPOT,"I-94, EXIT 266",Smiths Creek,MI,325,3.719,42.91392,-82.60381
62560,ONE9 #23,"I-96, EXIT 67",Ionia,MI,406,3.499,42.9773,-85.0727
62560,ONE9 #23,"I-96, EXIT 67",Ionia,MI,406,3.439,42.9773,-85.0727
62701,PILOT TRAVEL CENTERS #408,"I-68, EXIT 22",Grantsville,MD,14,4.259,39.6969,-79.1528
62710,TOWN PUMP FOOD STORE #922,"I-90, EXIT 370 &SR-10",Big Timber,MT,780,3.479,45.8346,-109.9487
62753,PETRO SERVE USA,US-10,West Fargo,ND,341,3.029,46.8573,-96.9057
62768,PUMP & PANTRY #34,US-20 & SR-27,Gordon,NE,475,3.449,42.8064,-102.204
62774,MR MIKES MINI MART,SR-9,Northwood,NH,34,3.599,43.19425,-71.1509
62790,7-ELEVEN #40084,US-46/US-1/US-9,Palisades Park,NJ,115,3.099,40.8472,-73.9966
62800,A ONE TRUCK STOP,US-9,South Amboy,NJ,79,3.499,40.4852,-74.2831
62817,LOVES TRAVEL STOP #364,I-75 EXIT 33,Charleston,TN,285,3.589,35.2862,-84.7611
62824,FLYING J TRAVEL PLAZA #1005,"I-80, EXIT 48",Fernley,NV,966,3.91566666,39.5627,-119.1906
62841,SPEEDWAY #9912,"I-81, EXIT 10",Mc Graw,NY,32,4.309,42.5938,-76.0975
62844,CIRCLE K #4707612,"I-81, EXIT 14",Tully,NY,220,3.799,42.79812,-76.10937
62844,CIRCLE K #4707612,"I-81, EXIT 14",Tully,NY,220,4.299,42.79812,-76.10937
62850,GANSEVOORT MINI MART,"I-87, EXIT 17",Gansevoort,NY,12,3.759,43.19618,-73.65178
62850,GANSEVOORT MINI MART,"I-87, EXIT 17",Gansevoort,NY,12,3.779,43.19618,-73.65178
62887,SPEEDWAY #9367,"I-275, EXIT 42",Cincinnati,OH,300,3.12566666,39.1413,-84.506
62911,DAVIS TRAVEL CENTER #108,"I-85, EXIT 39",Warfield,VA,180,3.099,36.896,-77.819
62918,CIRCLE K #4705567,ST 91,Twinsburg,OH,305,3.63233333,41.322,-81.4451
62991,ONVO TRAVEL PLAZA,"I-84, EXIT 17",Lake Ariel,PA,200,3.58566666,41.45397,-75.38268
62996,MARTIN GENERAL STORE,US-22,Alexandria,PA,14,3.539,40.5583,-78.0997
63013,TA WEST GREENWICH,"I-95, EXIT 5B",West Greenwich,RI,175,3.76566666,41.637,-71.66004
63018,CIRCLE K #2723354,"I-526, EXIT 18A & US-78",Charleston,SC,42,3.299,32.8168,-79.9687
63126,PWI #120,"I-10, EXIT 593",Schertz,TX,740,2.92566666,29.565,-98.2535
63193,Shell,US-29,Warrenton,VA,60,3.25733333,38.7176,-77.7976
63211,OMAK MART,US-97 & SR-215,Omak,WA,970,4.149,48.4229,-119.5159
63246,Petro Stopping Center #368,"I-94, EXIT 333",Sturtevant,WI,444,3.889,42.6995,-87.9019
63313,MARION TRAVEL CENTER,I-55 EXIT 14,Marion,AR,435,3.199,35.2035,-90.2059
63330,CIRCLE K #2723678,SR-53,Rome,GA,18,3.06233333,34.2662,-85.1863
63336,ROAD RANGER #118,"I-72 & I-55, EXIT 100-A",Springfield,IL,318,3.299,39.7709,-89.654
63336,ROAD RANGER #118,"I-72 & I-55, EXIT 100-A",Springfield,IL,318,3.409,39.7709,-89.654
63349,FLYING J TRAVEL PLAZA #662,"I-24, EXIT 86",Oak Grove,KY,415,3.15233333,36.6686,-87.4216
63351,76 FUEL CENTER,"I-75, EXIT 76",Berea,KY,410,2.999,37.5904,-84.2898
63353,LOVES TRAVEL STOP #367,"I-74, EXIT 149",Le Roy,IL,280,3.589,40.3395,-88.7628
63353,LOVES TRAVEL STOP #367,"I-74, EXIT 149",Le Roy,IL,280,3.549,40.3395,-88.7628
63353,LOVES TRAVEL STOP #367,"I-74, EXIT 149",Le Roy,IL,280,3.489,40.3395,-88.7628
63353,LOVES TRAVEL STOP #367,"I-74, EXIT 149",Le Roy,IL,280,3.389,40.3395,-88.7628
63376,Circle K #2746246,US-169 & SR-41,Shakopee,MN,448,3.599,44.7745,-93.4772
63379,Petro Stopping Center #460,"I-70, EXIT 28",Oak Grove,MO,400,3.21233333,39.0075,-94.1282
63388,CIRCLE K #2723471,"I-95, EXIT 121",Wilson,NC,205,3.199,35.7311,-77.9284
63391,FLYING J TRAVEL PLAZA #687,"I-80, EXIT 179",North Platte,NE,475,3.449,41.1263,-100.7641
63409,FLYING J TRAVEL PLAZA #693,"I-90, EXIT 48A; PEMBROKE, NY",Corfu,NY,38,3.889,42.9611,-78.4028
63428,FLYING J TRAVEL PLAZA #702,"I-40, EXIT 264B",Checotah,OK,560,3.699,35.482,-95.5224
63442,Flying J Travel Plaza #720,"I-40, EXIT 182",Fairview,TN,460,3.18566666,35.9815,-87.1291
63455,FLYING J TRAVEL PLAZA #752,"I-81, EXIT 323",Clear Brook,VA,60,3.659,39.25649,-78.09611
63456,SHELL,"I-85, EXIT 61",Petersburg,VA,180,3.20066666,37.2043,-77.3913
63495,DECAUTER SHELL TRUCK STOP,"I-35, EXIT 369",Decatur,TX,637,2.91566666,33.2263,-97.5875
63498,PILOT #6955,I-40/I-85 EXIT 150,Haw River,NC,65,3.959,36.0926,-79.3615
63500,SPEEDWAY #8723,"I-75, EXIT 144B",Bridgeport,MI,342,3.379,43.3706,-83.8827
63500,SPEEDWAY #8723,"I-75, EXIT 144B",Bridgeport,MI,342,3.249,43.3706,-83.8827
63500,SPEEDWAY #8723,"I-75, EXIT 144B",Bridgeport,MI,342,3.259,43.3706,-83.8827
63500,SPEEDWAY #8723,"I-75, EXIT 144B",Bridgeport,MI,342,3.469,43.3706,-83.8827
63501,LOVES TRAVEL STOP #407,I-81 EXIT 52B OR I-76 EXIT 226,Carlisle,PA,70,4.099,40.2,-77.2034
63502,FLYING J TRAVEL PLAZA #704,I-35 & 122ND ST,Edmond,OK,483,3.30566666,35.6689,-97.416
63506,KWIK TRIP #342,"I-39, EXIT 159",Stevens Point,WI,395,3.559,44.5241,-89.5507
63509,PILOT #4557,"I-85, EXIT 166",Carnesville,GA,16,3.17233333,34.3729,-83.2328
63509,PILOT TRAVEL CENTER #4557,"I-85, EXIT 166",Carnesville,GA,16,3.239,34.3729,-83.2328
63510,PILOT #4584,"I-95, EXIT 181",Latta,SC,63,3.349,34.339,-79.4337
63511,PILOT #4576,"I-95, EXIT 82",Saint George,SC,42,3.519,33.1861,-80.5794
63512,SPEEDWAY #7929,"I-40, EXIT 208",Colfax,NC,65,2.854,36.11264,-80.01448
63516,SHEETZ #701,"I-81, EXIT 273",Mount Jackson,VA,60,2.874,38.739,-78.651
63517,TA LINCOLN TRAVEL CENTER,"I-20, EXIT 168 & SR-77",Lincoln,AL,615,3.084,33.5935,-86.1365
63519,PILOT TRAVEL CENTERS #243,"I-64, EXIT 45 & SR-25",Nitro,WV,44,3.62566666,38.4117,-81.8193
63522,Pilot Travel Centers #411,"I-40, EXIT 238 & US-231",Lebanon,TN,460,3.24566666,36.204,-86.3481
63523,PILOT TRAVEL CENTER #441,"I-65, EXIT 334",Decatur,AL,615,3.859,34.5731,-86.9905
63523,PILOT TRAVEL CENTERS #441,"I-65, EXIT 334",Decatur,AL,615,3.859,34.5731,-86.9905
63524,PILOT TRAVEL CENTER #416,"I-75/SR-401, EXIT 101",Cordele,GA,10,3.28566666,31.9563,-83.7694
63524,PILOT TRAVEL CENTERS #416,"I-75/SR-401, EXIT 101",Cordele,GA,10,3.33233333,31.9563,-83.7694
63530,BIG EASY TRAVEL PLAZA,"I-10, EXIT 239-B",New Orleans,LA,725,3.799,30.0687,-89.9288
63532,FUELSMART,SR-165,Muskogee,OK,560,3.25233333,35.7432,-95.3567
63533,FLYING J TRAVEL PLAZA #638,"I-84, EXIT 29",Caldwell,ID,785,3.78733333,43.6453,-116.6594
63538,SUAMICO CITGO,"US-41/US-141, EXIT 176 & CR-B",Suamico,WI,360,3.269,44.6354,-88.0683
63540,GAS N GO,"I-75, EXIT 149",Byron,GA,85,3.17233333,32.6476,-83.7539
63545,LOVES TRAVEL STOP #397,"I-85, EXIT 104",Blacksburg,SC,210,3.419,35.122,-81.5182
63546,CITGO QUIK MART,SR/15 & SR-68,Tennille,GA,85,3.46566666,32.9359,-82.8134
63563,PILOT TRAVEL CENTERS #209,"I-10, EXIT 140",Van Horn,TX,640,3.659,31.0407,-104.8341
63564,PILOT TRAVEL CENTERS #213,"I-70, EXIT 94 (WILSON ROAD)",Columbus,OH,315,3.509,39.9862,-82.9855
63565,LOVES TRAVEL STOP #296,"I-8, EXIT 115 & SR-85",Gila Bend,AZ,930,3.889,32.9662,-112.7154
63566,PORT ALLEN TRUCKSTOP,"I-10, EXIT 151 & SR-415",Port Allen,LA,600,3.259,30.4456,-91.2098
63568,FLYING J TRAVEL PLAZA #658,"I-35, EXIT 127",Emporia,KS,336,3.25233333,38.4028,-96.1932
63569,Flying J Dealer #893,"I-80, EXIT 40 (US-59)",Avoca,IA,319,3.659,41.4828,-95.3373
63569,PILOT TRAVEL CENTERS #893,"I-80, EXIT 40 (US-59)",Avoca,IA,319,3.659,41.4828,-95.3373
63570,PILOT TRAVEL CENTERS #287,"I-71, EXIT 204 & SR-83",Burbank,OH,305,3.699,40.9862,-81.9949
63571,Palace Truckstop,"I-10, EXIT 246 & I-510, EXIT 2C",New Orleans,LA,725,3.299,30.0687,-89.9288
63572,PILOT TRAVEL CENTER #211,"I-40, EXIT 9 & SR-95",Lake Havasu City,AZ,910,3.849,34.5006,-114.3113
63572,PILOT TRAVEL CENTERS #211,"I-40, EXIT 9 & SR-95",Lake Havasu City,AZ,910,3.999,34.5006,-114.3113
63574,PILOT TRAVEL CENTERS #232,"I-84, EXIT 376A",Ontario,OR,982,3.699,44.0259,-116.976
63575,OKEMAH TRAVEL CENTER,"I-40, EXIT 221 (ST 27)",Okemah,OK,483,2.879,35.4292,-96.2998
63577,PILOT TRAVEL CENTERS #236,"I-80, EXIT 122",Minooka,IL,290,3.799,41.4507,-88.2791
63577,PILOT TRAVEL CENTER #236,"I-80, EXIT 122",Minooka,IL,290,3.799,41.4507,-88.2791
63579,301 PLAZA,US-301 & SR-299,Middletown,DE,243,3.239,39.445,-75.7183
63580,FLYING J TRAVEL PLAZA #637,"I-380, EXIT 68",Evansdale,IA,565,3.779,42.4635,-92.2766
63581,CASEYS #4453,"I-75, EXIT 120",Lexington,KY,410,3.224,38.0423,-84.4587
63582,T BONE TRUCK STOP,US-30,Columbus,NE,313,3.099,41.4366,-97.3565
63583,CUBBYS #110,"I-80, EXIT 353",Columbus,NE,313,3.179,41.4366,-97.3565
63584,PILOT TRAVEL CENTERS #417,"I-20, EXIT 19",Temple,GA,18,3.449,33.7342,-85.0289
63584,PILOT TRAVEL CENTER #417,"I-20, EXIT 19",Temple,GA,18,3.389,33.7342,-85.0289
63586,LOVES TRAVEL STOP #295,US-412 & US-69,Chouteau,OK,560,3.29066666,36.1894,-95.3374
63587,24/7 TRAVEL PLAZA,"I-135, EXIT 92",Salina,KS,523,2.974,38.8136,-97.6143
63588,KWIK TRIP #686,"I-94, EXIT 333/US-41 & SR-20",Sturtevant,WI,444,3.769,42.6995,-87.9019
63594,PILOT TRAVEL CENTERS #49,"I-24, EXIT 89",Oak Grove,KY,415,3.15233333,36.6686,-87.4216
63595,SPEEDWAY #5236,"I-75, EXIT 122",Lima,OH,411,3.25566666,40.741,-84.112
63596,PILOT TRAVEL CENTERS #442,"I-55, EXIT 19",Hayti,MO,275,3.25566666,36.2323,-89.7475
63597,PILOT TRAVEL CENTERS #163,"I-10, EXIT 24",Lordsburg,NM,640,3.439,32.3438,-108.7021
63598,PILOT TRAVEL CENTERS #164,"I-90/I-94, EXIT 69 & SR-82",Mauston,WI,420,3.299,43.7995,-90.0775
63599,PWI #978,"I-215, EXIT 21",Salt Lake City,UT,835,3.359,40.7776,-111.9311
63600,PILOT TRAVEL CENTERS #77,"I-55 /I-20, EXIT 45",Jackson,MS,760,3.149,32.3157,-90.2125
63601,PILOT TRAVEL CENTERS #206,"I-20, EXIT 406",Weatherford,TX,630,3.209,32.7536,-97.7723
63602,LOVES TRAVEL STOP #285,I-40 EXIT 277,Santa Rosa,NM,580,3.474,34.9361,-104.6769
63603,LOVES TRAVEL STOP #290,US-59/US-69/S LOOP 287 & FM-841,Lufkin,TX,610,3.649,31.3217,-94.7277
63603,LOVES TRAVEL STOPS #290,US-59/US-69/S LOOP 287 & FM-841,Lufkin,TX,610,3.649,31.3217,-94.7277
63604,7-ELEVEN #40363,US-17/SR-15 & SR-100,Palatka,FL,75,3.364,29.6493,-81.6705
63605,FLYING J TRAVEL PLAZA #663,"I-64, EXIT 43 & SR-395",Waddy,KY,415,3.759,38.13702,-85.0744
63606,FLYING J TRAVEL PLAZA #652,"I-65/US-52, EXIT 139 & SR-39",Lebanon,IN,375,3.64066666,40.0324,-86.4551
63607,ROAD RANGER #209,"I-90/94,  EXIT 48",Oakdale,WI,420,3.234,43.9622,-90.3791
63608,ROAD RANGER #206,US-20,Winnebago,IL,520,3.219,42.2671,-89.234
63608,ROAD RANGER #206,US-20,Winnebago,IL,520,3.289,42.2671,-89.234
63608,ROAD RANGER #206,US-20,Winnebago,IL,520,3.299,42.2671,-89.234
63609,ROAD RANGER #203,US-20 & SR-2,Rockford,IL,520,3.219,42.2596,-89.064
63609,ROAD RANGER #203,US-20 & SR-2,Rockford,IL,520,3.289,42.2596,-89.064
63609,ROAD RANGER #203,US-20 & SR-2,Rockford,IL,520,3.299,42.2596,-89.064
63612,FLYING J TRAVEL PLAZA #622,"I-95/SR-9, EXIT 131 & SR-68 & SR-713",Fort Pierce,FL,95,3.499,27.4255,-80.3431
63613,FLYING J TRAVEL PLAZA #690,"I-10/US-70, EXIT 24",Lordsburg,NM,640,3.439,32.3438,-108.7021
63614,PILOT TRAVEL CENTERS #446,"I-69, EXIT 234",Daleville,IN,457,3.514,40.1187,-85.5567
63614,PILOT TRAVEL CENTER #446,"I-69, EXIT 234",Daleville,IN,457,3.649,40.1187,-85.5567
63615,One9 #1413,"I-81, EXIT 101",Dublin,VA,185,3.24233333,37.0987,-80.6831
63616,SPEEDWAY #8876,"US-23, EXIT 50",Whitmore Lake,MI,342,3.499,42.4258,-83.753
63616,SPEEDWAY #8876,"US-23, EXIT 50",Whitmore Lake,MI,342,3.749,42.4258,-83.753
63619,PILOT TRAVEL CENTERS #428,"I-20, EXIT 112",West Monroe,LA,760,3.20566666,32.512,-92.1513
63620,LOVES TRAVEL STOP #420,"I-20, EXIT 47",Flowood,MS,620,3.149,32.3359,-90.0802
63621,FUEL CITY FRIENDLYS,"I-35E, EXIT 435",Dallas,TX,630,2.96566666,32.7935,-96.7667
63623,PILOT TRAVEL CENTER #90,"I-95/SR-9, EXIT 129 & SR-91, EXIT 152 & SR-70",Fort Pierce,FL,95,3.519,27.4255,-80.3431
63623,PILOT TRAVEL CENTERS #90,"I-95/SR-9, EXIT 129 & SR-91, EXIT 152 & SR-70",Fort Pierce,FL,95,3.459,27.4255,-80.3431
63624,FROG CITY TRAVEL PLAZA,"I-10, EXIT 87",Rayne,LA,690,3.36566666,30.2403,-92.2668
63625,FLYING J TRAVEL PLAZA #688,"I-295, DEEP WATER STREET",Penns Grove,NJ,243,3.989,39.7275,-75.4691
63627,PILOT TRAVEL CENTERS #174,I-78 & SR-15,New Albany,MS,435,3.859,34.4909,-89.0201
63628,PILOT TRAVEL CENTERS #75,"I-65, EXIT 19 & US-43/SR-13",Satsuma,AL,715,3.199,30.8578,-88.0631
63628,PILOT TRAVEL CENTER #75,"I-65, EXIT 19 & US-43/SR-13",Satsuma,AL,715,3.195,30.8578,-88.0631
63629,SPEEDWAY #4523,"I-94, EXIT 88",Osseo,WI,448,3.54566666,44.5795,-91.212
63630,TA DENVER EAST TRAVEL CENTER,"I-70 & I-270, EXIT 278",Commerce City,CO,800,3.37566666,39.8641,-104.843
63635,SAPP BROS TRAVEL CENTER,"I-70, EXIT 295",Junction City,KS,523,3.709,39.0277,-96.8508
63636,PILOT TRAVEL CENTER #279,"I-19, EXIT 12 & SR-289",Rio Rico,AZ,980,3.614,31.4957,-110.9885
63636,PILOT TRAVEL CENTERS #279,"I-19, EXIT 12 & SR-289",Rio Rico,AZ,980,3.659,31.4957,-110.9885
63637,PILOT TRAVEL CENTERS #454,"I-70, EXIT 79",London,OH,315,3.509,39.8935,-83.4375
63639,PILOT TRAVEL CENTERS #444,"I-70, EXIT 23",Brazil,IN,375,3.939,39.5226,-87.124
63639,PILOT TRAVEL CENTER #444,"I-70, EXIT 23",Brazil,IN,375,3.939,39.5226,-87.124
63640,SUPER EXPRESS STOP,"I-64, EXIT 113",Mount Sterling,KY,410,3.859,38.0648,-83.9472
63641,FLYING J TRAVEL PLAZA #625,"I-4/SR-400, EXIT 10 & SR-579",Seffner,FL,225,3.44233333,27.9981,-82.2735
63642,COLTS QUICK DRAW,"I-40, EXIT 125 & US-65/SR-25",Greenbrier,AR,695,3.30733333,35.2289,-92.3836
63648,CIRCLE K #2723333,"I-75, EXIT 216",Mcdonough,GA,67,3.209,33.4397,-84.1505
63649,ONE TRIP,US-84,Homerville,GA,10,3.44233333,31.0385,-82.742
63651,CIRCLE K #2723346,US-29/S8,Athens,GA,16,3.399,33.9508,-83.3689
63652,CASEYS #3292,"I-380, EXIT 43 & US-20",Independence,IA,380,3.599,42.4621,-91.9027
63653,FLYING J TRAVEL PLAZA #760,US-30 & SR-232,Cokeville,WY,835,3.899,42.0679,-110.9609
63661,FLYING J TRAVEL PLAZA #677,"US-78, EXIT 6",Olive Branch,MS,435,3.28566666,34.961,-89.8469
63662,PILOT TRAVEL CENTERS #267,"I-75, EXIT 146",Byron,GA,85,3.36566666,32.6476,-83.7539
63662,PILOT TRAVEL CENTER #267,"I-75, EXIT 146",Byron,GA,85,3.38566666,32.6476,-83.7539
63667,CIRCLE K #2723875,SR-41/SR-45,Jamestown,SC,42,2.974,33.2858,-79.6945
63668,PILOT #4579,"I-26, EXIT 139",Saint Matthews,SC,135,3.509,33.664,-80.778
63669,One9 #1248,"I-45, EXIT 271",Wilmer,TX,630,2.75566666,32.5983,-96.6815
63671,WESTERN TRAVEL TERMINAL,US-26 & US-85,Torrington,WY,795,3.399,42.0653,-104.1737
63676,CORNER EXPRESS,ST 55,Wellston,MI,456,3.499,44.2179,-85.962
63680,ALLTOWN MARKETS-FLYING J #896,I-93 EXIT 11 & SR 3A,Bow,NH,39,4.099,43.13203,-71.54924
63685,RIVER HEIGHTS GROCERY,US-64/SR-69/SR-15,Crump,TN,435,3.099,35.2315,-88.3381
63690,LOVES TRAVEL STOP #277,"I-30, EXIT 46",Prescott,AR,635,3.47566666,33.8056,-93.3909
63691,JIMMIES AUTO TRUCK PLAZA,"I-10, EXIT 262",Lee,FL,20,3.84733333,30.4114,-83.3003
63694,PILOT TRAVEL CENTERS #261,"I-55, EXIT 186",Winona,MS,576,3.499,33.4899,-89.728
63695,FLYING J TRAVEL PLAZA #634,"I-20/SR-402, EXIT 19 & SR-113",Temple,GA,18,3.419,33.7342,-85.0289
63697,MILLER MART #40,"I-64, EXIT 255B",Newport News,VA,130,3.30566666,37.1051,-76.5185
63699,DEWITT TRAVEL MART,"US-30, EXIT 313",De Witt,IA,270,3.599,41.8227,-90.5448
63700,WIXOM FUEL STOP,"I-96, EXIT 159",Wixom,MI,325,3.999,42.5243,-83.5346
63701,FLYING J TRAVEL PLAZA #742,"I-80, EXIT 98/99",Tooele,UT,835,3.759,40.5393,-112.3082
63702,QUICK FUEL #2501,"I-264, EXIT 14",Louisville,KY,415,3.08233333,38.1663,-85.6485
63703,QUICK FUEL #2303,"I-71, EXIT 104/FRANK RD EXIT",Columbus,OH,315,3.56566666,39.9862,-82.9855
63704,QUICK FUEL #2301,"I-275, EXIT 44",Cincinnati,OH,300,3.239,39.1413,-84.506
63706,QUICK FUEL #1003,"I-41/US-45, EXIT 45 & CR-EE",Milwaukee,WI,444,3.42566666,43.0642,-87.9675
63715,FLYING J TRAVEL PLAZA #772,"I-215, EXIT 28",North Salt Lake,UT,835,3.73233333,40.8439,-111.9187
63716,EXPRESS LANE #34,"I-39, EXIT 115",Rockford,IL,520,3.549,42.2596,-89.064
63716,EXPRESS LANE #34,"I-39, EXIT 115",Rockford,IL,520,3.749,42.2596,-89.064
63718,ROAD RANGER #210,"I-39/US-51, EXIT 99 & SR-38",Rochelle,IL,520,3.699,41.9197,-89.0629
63720,FLYING J TRAVEL PLAZA #611,"I-10, EXIT 137",Phoenix,AZ,930,3.589,33.5722,-112.0892
63721,ROAD RUNNER TRAVEL CENTER,I-69E/US-77 & CR-892,Robstown,TX,625,3.349,27.794,-97.6692
63722,LOVES TRAVEL STOP #240,"I-10, EXIT 151 & SR-415",Port Allen,LA,600,3.23233333,30.4456,-91.2098
63724,LOVES TRAVEL STOP #244,"I-40, EXIT 87 & US-70/US-412",Jackson,TN,435,3.49733333,35.6538,-88.8354
63725,TA CARTERSVILLE TRAVEL CENTER,"I-75, EXIT 296",Cartersville,GA,18,3.599,34.1644,-84.8009
63726,FLYING J TRAVEL PLAZA #706,"I-44 & I-244, EXIT 236",Tulsa,OK,560,3.36566666,36.1283,-95.9042
63727,LOVES TRAVEL STOP #403,"I-81, EXIT 3",Binghamton,NY,32,3.719,42.1014,-75.9093
63727,LOVES TRAVEL STOP #403,"I-81, EXIT 3",Binghamton,NY,32,3.749,42.1014,-75.9093
63727,LOVES TRAVEL STOP #403,"I-81, EXIT 3",Binghamton,NY,32,3.689,42.1014,-75.9093
63727,LOVES TRAVEL STOP #403,"I-81, EXIT 3",Binghamton,NY,32,3.679,42.1014,-75.9093
63728,PILOT TRAVEL CENTERS #43,"I-80, EXIT 284",Walcott,IA,270,3.88566666,41.5989,-90.7744
63728,PILOT TRAVEL CENTER #43,"I-80, EXIT 284",Walcott,IA,270,3.859,41.5989,-90.7744
63729,PILOT TRAVEL CENTERS #147,"I-80, EXIT 410",West Wendover,NV,835,3.709,40.7407,-114.0783
63730,PILOT TRAVEL CENTERS #309,"I-77, EXIT 25",Caldwell,OH,430,3.65233333,39.7468,-81.5127
63731,LOVES TRAVEL STOP #243,"I-10, EXIT 43 & SR-383",Iowa,LA,690,3.58733333,30.2393,-93.013
63732,LOVES TRAVEL STOP #265,"I-10, EXIT 200",Eloy,AZ,930,3.434,32.747,-111.5992
63734,CIRCLE K #2723472,US-70 & SR-58,Kinston,NC,63,3.319,35.2747,-77.5939
63736,PLATEAU TRUCK AND AUTO CENTER,"I-10, EXIT 159",Van Horn,TX,640,3.099,31.0407,-104.8341
63737,I 10 DUSON TRUCK STOP,"I-10, AUSTRIA ROAD",Duson,LA,730,3.41066666,30.2365,-92.193
63738,U STOP 33,US-77,Beatrice,NE,413,3.399,40.2736,-96.7455
63740,CIRCLE K #2723478,US-29,Blairs,VA,185,3.439,36.6958,-79.3774
63741,SHELL,"I-295, EXIT 15",Chester,VA,180,3.20233333,37.3531,-77.4342
63743,PILOT TRAVEL CENTERS #370,"I-81, EXIT 175",Pittston,PA,200,4.17566666,41.3272,-75.7888
63744,PILOT TRAVEL CENTERS #439,"I-24, EXIT 86",Oak Grove,KY,415,3.15233333,36.6686,-87.4216
63745,PILOT TRAVEL CENTER #447,"I-64, EXIT 25",Haubstadt,IN,340,3.959,38.2039,-87.5751
63745,PILOT TRAVEL CENTERS #447,"I-64, EXIT 25",Haubstadt,IN,340,3.959,38.2039,-87.5751
63746,PILOT TRAVEL CENTERS #453,"I-85, EXIT 90",Gaffney,SC,210,3.429,35.0743,-81.6552
63747,PILOT TRAVEL CENTERS #440,"I-71, EXIT 28",Pendleton,KY,415,3.759,38.46229,-85.30357
63751,PETRO STOPPING CENTER #328,"I-20 & I-55, EXIT 45",Jackson,MS,620,3.109,32.3157,-90.2125
63752,MR FUEL #732,"I-80, EXIT 226",Girard,OH,573,3.239,41.1665,-80.6963
63753,PILOT TRAVEL CENTER #4558,"I-75, EXIT 318",Calhoun,GA,285,3.28566666,34.491,-84.9386
63753,PILOT #4558,"I-75, EXIT 318",Calhoun,GA,285,3.30566666,34.491,-84.9386
63754,U SAVE TRAVEL PLAZA,US-19 & SR-129,Mount Nebo,WV,44,3.599,38.20011,-80.85121
63755,PILOT TRAVEL CENTERS #196,"I-40, EXIT 325 & US-64",Roland,OK,645,3.739,35.4147,-94.5137
63756,PILOT TRAVEL CENTERS #144,"I-20, EXIT 200",Augusta,GA,135,3.859,33.3645,-82.0708
63756,PILOT TRAVEL CENTER #144,"I-20, EXIT 200",Augusta,GA,135,3.859,33.3645,-82.0708
63759,BUFFALO RANCH,US/69/US-60 & US-59,Afton,OK,560,3.099,36.6965,-94.9575
63760,CASH MAGIC CITGO HOUMA,I-57,Houma,LA,725,3.56566666,29.58,-90.7059
63761,7Fleet #46589,"I-94/US-52, EXIT 205 & SR-241",Saint Michael,MN,448,3.309,45.2014,-93.692
63762,MINIT MART #600643,"I-57, EXIT 322",Manteno,IL,290,3.299,41.247,-87.8457
63762,MINIT MART #600643,"I-57, EXIT 322",Manteno,IL,290,3.399,41.247,-87.8457
63762,MINIT MART #600643,"I-57, EXIT 322",Manteno,IL,290,3.249,41.247,-87.8457
63763,Flying J Travel Plaza #644,"I-80, EXIT 77 & SR-351",La Salle,IL,290,3.599,41.3589,-89.0737
63763,Flying J Travel Plaza #644,"I-80, EXIT 77 & SR-351",La Salle,IL,290,3.399,41.3589,-89.0737
63763,Flying J Travel Plaza #644,"I-80, EXIT 77 & SR-351",La Salle,IL,290,3.459,41.3589,-89.0737
63763,Flying J Travel Plaza #644,"I-80, EXIT 77 & SR-351",La Salle,IL,290,3.299,41.3589,-89.0737
63764,LOVES TRAVEL STOP #288,"I-45, EXIT 198 & US-84",Fairfield,TX,765,3.429,31.7183,-96.1697
63766,PILOT TRAVEL CENTERS #26,"US-23, EXIT 5 & US-223",Ottawa Lake,MI,325,3.599,41.77362,-83.72732
63766,PILOT TRAVEL CENTERS #26,"US-23, EXIT 5 & US-223",Ottawa Lake,MI,325,3.659,41.77362,-83.72732
63766,PILOT TRAVEL CENTERS #26,"US-23, EXIT 5 & US-223",Ottawa Lake,MI,325,3.579,41.77362,-83.72732
63766,PILOT TRAVEL CENTERS #26,"US-23, EXIT 5 & US-223",Ottawa Lake,MI,325,3.649,41.77362,-83.72732
63767,HOP-IN FOOD STORES,I-27 & FM-1729,New Deal,TX,700,2.92566666,33.7322,-101.8435
63768,PILOT TRAVEL CENTERS #443,"I-70, EXIT 49",Higginsville,MO,400,3.23566666,39.0652,-93.727
63770,FLYING J TRAVEL PLAZA #694,"I-90, EXIT 223",Austinburg,OH,305,3.859,41.7692,-80.8556
63771,FLYING J FUEL STOP #572,"I-35, EXIT 144",Williams,IA,433,3.699,42.4892,-93.5412
63771,FLYING J TRAVEL PLAZA #572,"I-35, EXIT 144",Williams,IA,433,3.699,42.4892,-93.5412
63773,QUIKTRIP #179,ST 152,Liberty,MO,400,2.999,39.2394,-94.4191
63774,PILOT TRAVEL CENTERS #150,"I-70, EXIT 24 &SR-63",Hagerstown,MD,22,3.959,39.6401,-77.7217
63775,FLYING J #646,"I-90/39, EXIT 1 & US-51 & SR-75",South Beloit,IL,290,3.799,42.4825,-89.026
63775,FLYING J TRAVEL PLAZA #646,"I-90/39, EXIT 1 & US-51 & SR-75",South Beloit,IL,290,3.799,42.4825,-89.026
63776,KWIK TRIP #334,US-169/SR-60,Mankato,MN,425,3.549,44.1715,-93.9772
63777,KWIK TRIP #403,"I-35, EXIT 45",Owatonna,MN,425,3.499,44.0912,-93.2312
63778,KWIK TRIP #662,SR-55/SR-149,Saint Paul,MN,451,3.629,44.9478,-93.1039
63781,Pilot Travel Centers #8,US-23 & PITTSBURG RD,Circleville,OH,315,3.799,39.6063,-82.9334
63782,FUEL EXPRESSO #11,"I-35, EXIT 155",Lebo,KS,400,3.17233333,38.4156,-95.8622
63787,LOVES TRAVEL STOP #402,"I-10, EXIT 44",Biloxi,MS,715,3.449,30.4426,-88.9514
63789,PILOT TRAVEL CENTER #448,"I-65, EXIT 240",Hebron,IN,365,3.599,41.3247,-87.2018
63789,PILOT TRAVEL CENTERS #448,"I-65, EXIT 240",Hebron,IN,365,3.354,41.3247,-87.2018
63790,PILOT TRAVEL CENTERS #412,"I-81, EXIT 4",White Pine,TN,405,3.699,36.1087,-83.297
63791,PILOT TRAVEL CENTERS #432,"I-35, EXIT 328",Waco,TX,765,3.22066666,31.5599,-97.1882
63792,PILOT TRAVEL CENTER #424,"I-75, EXIT 358",Ocala,FL,140,3.41233333,29.178,-82.1511
63792,PILOT TRAVEL CENTERS #424,"I-75, EXIT 358",Ocala,FL,140,3.359,29.178,-82.1511
63793,HUTCH'S #113,US-183 & US-270/SR-15,Woodward,OK,483,2.999,36.4247,-99.4058
63794,PILOT TRAVEL CENTERS #157,"I-30, EXIT 122",Sulphur Springs,TX,723,3.309,33.1421,-95.6122
63795,LOVES COUNTRY STORE #022,US-412,Clayton,NM,585,3.414,36.4426,-103.1574
63796,PETRO STOPPING CENTER #329,"I-40/I-85, EXIT 157",Mebane,NC,65,3.999,36.0852,-79.2736
63798,PETRO GLADE SPRING #372,"I-81, EXIT 29",Glade Spring,VA,405,3.58733333,36.7899,-81.7726
63799,LOVES TRAVEL STOP #204,US-69 BUS & US-69,Eufaula,OK,560,3.689,35.2923,-95.5863
63800,PILOT TRAVEL CENTER #255,"I-95, EXIT 40",Milford,CT,73,4.299,41.22232,-73.0565
63800,PILOT TRAVEL CENTERS #255,"I-95, EXIT 40",Milford,CT,73,4.299,41.22232,-73.0565
63801,PILOT #1126,"I-435, EXIT 55 & SR-210",Kansas City,MO,400,3.38233333,39.1238,-94.5541
63802,CARTERS TRAVEL CENTER,"I-40, EXIT 201N",Flagstaff,AZ,930,3.689,35.1872,-111.6194
63803,KOUNTRY XPRESS,"I-40, EXIT 20",Mulberry,AR,645,3.27233333,35.51,-94.074
63805,TEX-BEST #519,US-281 & US-281 BUS & CR-1930,Alice,TX,625,2.899,27.7556,-98.0653
63812,PETRO STOPPING CENTER #330,"I-65, EXIT 86",Glendale,KY,415,3.599,37.60173,-85.90552
63813,TA SAN ANTONIO TRAVELCENTER,"I-10 & FOSTER RD, EXIT 583",San Antonio,TX,740,3.20733333,29.4632,-98.5238
63828,CIRCLE K #2723654,US-431,Boaz,AL,587,3.519,34.1985,-86.1529
63829,CALERA CHEVRON,SR-25,Calera,AL,615,3.199,33.1254,-86.7449
63836,Double Bees #109,"I-40, EXIT 183",Carlisle,AR,695,3.139,34.7947,-91.7361
63841,MAGNOLIA TRAVEL CENTER,US-82 & US-371,Magnolia,AR,635,3.599,33.2775,-93.2261
63846,71 EXPRESS,US-71,Mansfield,AR,645,3.33233333,35.0635,-94.2373
63848,CIRCLE K #2706345,"I-30, EXIT 2",Texarkana,AR,723,3.479,33.436,-93.9959
63850,PILOT TRAVEL CENTER #180,"I-40, EXIT 185",Bellemont,AZ,930,3.609,35.2425,-111.8138
63850,PILOT TRAVEL CENTERS #180,"I-40, EXIT 185",Bellemont,AZ,930,3.639,35.2425,-111.8138
63854,E-Z MART #4437,US-71,Boles,AR,645,3.299,34.7861,-94.0507
63855,LOVES TRAVEL STOP #460,"I-10, EXIT 302",Benson,AZ,980,3.279,31.9157,-110.3257
63856,PILOT #1175,"I-17, EXIT 262 & SR-69",Mayer,AZ,930,3.699,34.4233,-112.2408
63856,PILOT TRAVEL CENTER #1175,"I-17, EXIT 262 & SR-69",Mayer,AZ,930,3.6915,34.4233,-112.2408
63870,CIRCLE K #2744074,"I-270/US-36, EXIT 4",Commerce City,CO,800,3.45566666,39.8641,-104.843
63871,Alta Convenience Store #6317,"I-70, EXIT 19",Fruita,CO,810,3.399,39.1548,-108.7305
63876,Mobil,"FL TURNPIKE,  EXIT 244",Kissimmee,FL,225,3.449,28.3041,-81.4169
63887,QUIKTRIP #757,"I-79/SR-401, EXIT 306 & SR-140",Adairsville,GA,193,2.88733333,34.3709,-84.9212
63893,QUICK FUEL #2204,"I-285, EXIT 58/SR-407 & I-75, EXIT 237/SR-401",Atlanta,GA,18,3.27566666,33.7628,-84.422
63894,CIRCLE K #2723653,"I-75, EXIT 124",Cartersville,GA,193,3.224,34.1644,-84.8009
63895,KWIK SERV #17,"I-75, EXIT 136",Chatsworth,GA,193,3.499,34.7808,-84.7835
63904,SUNOCO,"I-95, EXIT 19",Savannah,GA,195,3.63233333,32.0286,-81.1821
63907,QUIKTRIP #737,"I-85, EXIT 137",Jefferson,GA,16,3.119,34.1373,-83.6021
63909,GAS2GO,"I-95, EXIT 6",Kingsland,GA,75,3.109,30.8194,-81.7216
63910,OGMULGEE CHEVRON #419,"I-16, EXIT 6",Macon,GA,85,3.399,32.8065,-83.6974
63912,PILOT TRAVEL CENTER #4562,"I-95, EXIT 1",Kingsland,GA,75,3.57233333,30.8194,-81.7216
63912,PILOT #4562,"I-95, EXIT 1",Kingsland,GA,75,3.559,30.8194,-81.7216
63914,CIRCLE M #12,US-23/SR-365 & SR-52,Lula,GA,18,3.539,34.3955,-83.6659
63915,HIGHWAY 80 CHEVRON,"I-185, EXIT 7",Midland,GA,50,3.399,32.57486,-84.82715
63922,THOMASVILLE TRAVEL CENTER,US-84 & SR-3,Thomasville,GA,20,3.18066666,30.8394,-83.9782
63925,PILOT #4561,"I-75, EXIT 11",Valdosta,GA,20,3.359,30.8502,-83.2788
63925,PILOT TRAVEL CENTER #4561,"I-75, EXIT 11",Valdosta,GA,20,3.28566666,30.8502,-83.2788
63931,LOVES TRAVEL STOP #371,"I-95, EXIT 190",Dillon,SC,46,3.33066666,34.4233,-79.3689
63937,CUBBYS #305,"I-29, EXIT 10 & SR-2",Percival,IA,319,3.694,40.7513,-95.8133
63938,CUBBYS #301,US-34 & SR-48,Red Oak,IA,319,3.399,41.014,-95.225
63942,Discount Zone,"I-10, EXIT CLEARVIEW",New Orleans,LA,725,3.279,30.0687,-89.9288
63946,MINIT MART #600644,"I-80, EXIT 134",Joliet,IL,399,3.599,41.5188,-88.1499
63955,ROAD RANGER #266,"I-72, EXIT 82 & CR-10",New Berlin,IL,280,3.539,39.7261,-89.9143
63955,ROAD RANGER #266,"I-72, EXIT 82 & CR-10",New Berlin,IL,280,3.439,39.7261,-89.9143
63955,ROAD RANGER #266,"I-72, EXIT 82 & CR-10",New Berlin,IL,280,3.479,39.7261,-89.9143
63957,SUNMART FOOD STORE,SR-37,Bloomington,IN,375,3.499,39.1637,-86.5257
63959,SPEEDWAY #1429,SR-59 & SR-56,Warrenville,IL,293,3.499,41.8209,-88.1857
63959,SPEEDWAY #1429,SR-59 & SR-56,Warrenville,IL,293,3.599,41.8209,-88.1857
63960,BUTLER ONE STOP,"I-69, EXIT 329",Butler,IN,370,3.519,41.4274,-84.8721
63962,7-ELEVEN #40505,"I-80, EXIT 90",Elkhart,IN,465,4.11566666,41.6916,-85.9627
63964,LOVES TRAVEL STOPS #242,"I-35 & FISHER RD, EXIT 144",Von Ormy,TX,740,3.249,29.2803,-98.6556
63964,LOVES TRAVEL STOP #242,"I-35 & FISHER RD, EXIT 144",Von Ormy,TX,740,3.167,29.2803,-98.6556
63965,GOOD TO GO #11,"I-65, EXIT 158",Frankfort,IN,375,3.549,40.281,-86.5212
63966,PHILS ONE STOP,"I-69, EXIT 309B",Fort Wayne,IN,370,3.67566666,41.0888,-85.1436
63972,7-ELEVEN #40506,"I-80/I-90, MM 125 WB",Howe,IN,465,3.899,41.7228,-85.4255
63977,CAREFREE FOOD MART,"I-64, EXIT 92",Leavenworth,IN,415,3.499,38.1997,-86.3454
63978,Gallops,"I-80, EXIT 107",Middlebury,IN,370,3.549,41.6696,-85.7075
63979,Jaks Oil,US-90,Broussard,LA,730,3.049,30.1396,-91.954
63988,Petes #47,US-400/SR-47,Fredonia,KS,307,3.299,37.5327,-95.822
63990,TREX MART #4,"I-229/US-59, EXIT 4B & US-36",Wathena,KS,400,2.999,39.7602,-94.9396
63992,SANDRAS QUICK STOP,US-169 & US-59,Garnett,KS,485,3.319,38.2845,-95.2408
63994,U STOP #38,I-70 EXIT 298,Junction City,KS,553,3.35566666,39.0277,-96.8508
63997,LEON GROCERY,US-400,Leon,KS,336,3.399,37.6898,-96.7837
64001,PETES #53,US-400 & SR-99 & CR-939,Severy,KS,336,3.249,37.622,-96.2273
64002,SPEEDWAY #9567,"I-65, EXIT 105",Lebanon Junction,KY,415,3.16566666,37.8357,-85.7243
64003,HUCKS Food & Fuel #305,SR-9001 & WKY PKWY SERVICE AREA,Beaver Dam,KY,460,3.599,37.4042,-86.8741
64003,HUCKS Food & Fuel #305 dba Pilot Dealer #1288,SR-9001 & WKY PKWY SERVICE AREA,Beaver Dam,KY,460,3.629,37.4042,-86.8741
64016,SHELL,US-231 & SR-1468,Morgantown,KY,487,3.799,37.2174,-86.7001
64020,LEEBOS # 9,"I-49, EXIT 90",Alexandria,LA,730,3.21566666,31.2923,-92.4702
64021,CM AMITE,SR-16,Amite,LA,600,3.399,30.72657,-90.50898
64028,DELCAMBRE FUEL DEPOT,SR-14 & SR-89,Delcambre,LA,730,2.999,29.9516,-91.9916
64029,SUNSHINE SUPER STOP TRUCKS,"I-10, EXIT 182",Convent,LA,600,3.399,30.0132,-90.8232
64030,STATE OIL,SR-23,Belle Chasse,LA,725,3.43233333,29.8558,-90.0045
64034,BOONES CHEVRON,SR-317,Franklin,LA,623,3.899,29.7851,-91.5098
64036,CM PROSPECT STATION,SR-3087 & SR-660,Houma,LA,725,3.599,29.58,-90.7059
64040,PILOT #1051,"I-10, EXIT 43 & SR-383",Iowa,LA,690,3.599,30.2393,-93.013
64042,LA PLACE TRAVEL CENTER,"I-10, EXIT 209 & I-55, EXIT 1",La Place,LA,725,3.259,30.0731,-90.4758
64043,COUNTRY AUTO TRUCK STOP,"I-49, EXIT 177 & SR-509",Mansfield,LA,766,3.259,32.0355,-93.7004
64044,DISCOUNT ZONE,"I-510, EXIT 240",New Orleans,LA,725,3.149,30.0687,-89.9288
64045,SILVERS TRAVEL PLAZA - Port Allen,US-190/SR-1,Port Allen,LA,730,3.33233333,30.4456,-91.2098
64047,LUCKY LOUIES TRUCK STOP,US-190,Port Allen,LA,600,3.06566666,30.4456,-91.2098
64048,Pilot #1439,"I-10, Exit 151",Port Allen,LA,600,3.21566666,30.4456,-91.2098
64049,Cash Magic CITGO LAROSE,SR-308,Larose,LA,725,3.399,29.5669,-90.3751
64050,WESTWOOD TRUCK PLAZA,US-90 BUS,Marrero,LA,725,3.279,29.8871,-90.1126
64058,DELTA TOWN TRUCK STOP,"I-10, EXIT 4",Vinton,LA,690,2.799,30.1957,-93.5818
64059,CM SPRINGHILL,"I-20, EXIT 44",Springhill,LA,745,3.399,33.0019,-93.4613
64060,CM VIVIAN,SR-1 & SR-2,Vivian,LA,745,3.26566666,32.8711,-93.9862
64062,XTRA MART #10098,SR-146A,Uxbridge,MA,175,3.649,42.07732,-71.62951
64063,Mobil,US-20 & SR-56,North Oxford,MA,175,3.58233333,42.15009,-71.86841
64069,301 BP,US-301/SR-5,Brandywine,MD,22,3.259,38.6963,-76.8846
64072,EZ MART #110,US-127 & US-127 BUS/SR-46,Alma,MI,260,3.649,43.3799,-84.6556
64082,SPEEDWAY #8797,SR-13,Lennon,MI,342,3.379,42.9855,-83.9325
64083,BIG DADDYS TRUCKSTOP,US-223 & US-23,Ottawa Lake,MI,325,3.499,41.77362,-83.72732
64084,RPF OIL #92 PARMA TRAVEL CENTER,"I-94, EXIT 128",Parma,MI,431,3.499,42.2633,-84.5793
64085,MADCO TRUCK PLAZA,"I-94, EXIT 200",Romulus,MI,325,3.399,42.2237,-83.366
64085,MADCO TRUCK PLAZA,"I-94, EXIT 200",Romulus,MI,325,3.539,42.2237,-83.366
64085,MADCO TRUCK PLAZA,"I-94, EXIT 200",Romulus,MI,325,3.499,42.2237,-83.366
64087,SAHARA PETRO,"I-696, EXIT 22",Warren,MI,325,3.699,42.4934,-83.027
64087,SAHARA PETRO,"I-696, EXIT 22",Warren,MI,325,3.799,42.4934,-83.027
64091,Circle K 2746398,US-10 & SR-27,Little Falls,MN,448,3.399,45.9862,-94.3586
64092,ONE9 #4555,"I-20/I-59, EXIT 77",Cottondale,AL,615,2.93233333,33.1923,-87.4543
64097,KWIK TRIP #937,US-12,Willmar,MN,451,3.34066666,45.1216,-95.0569
64098,BLUE LINE TRAVEL CENTER,"I-90, EXIT 45",Worthington,MN,432,3.16566666,43.6281,-95.599
64101,D DIAMOND TRAVEL PLAZA,"I-44, EXIT 82",Fair Grove,MO,535,3.13233333,37.3833,-93.1522
64106,RAPID ROBERTS #122,SR-43,Joplin,MO,277,2.899,37.0757,-94.5018
64112,RAPID ROBERTS #123,"I-44, EXIT 80",Springfield,MO,535,2.899,37.1943,-93.2916
64116,GRAND LEDGE,"I-96, EXIT 86",Grand Ledge,MI,344,3.789,42.7534,-84.7448
64120,HOLIDAY STATIONSTORE #2746185,US-2,Wakefield,MI,545,3.219,46.4767,-89.9336
64120,HOLIDAY STATIONSTORE #2746185,US-2,Wakefield,MI,545,3.139,46.4767,-89.9336
64120,HOLIDAY STATIONSTORE #2746185,US-2,Wakefield,MI,545,3.479,46.4767,-89.9336
64122,FLYING J TRAVEL PLAZA #691,"I-40, EXIT 333",Tucumcari,NM,585,3.899,35.17,-103.7046
64124,Shell,"I-94 & I-75, EXIT 171",Saint Cloud,MN,448,3.36233333,45.534,-94.1718
64126,CASEYS #3471,US-2 & CR-87,Cohasset,MN,333,3.449,47.2389,-93.6396
64132,45 TRUCKSTOP,US-45,Corinth,MS,435,3.089,34.9474,-88.5143
64139,4 MILE TRUCKSTOP,US-98 & HOLT RD,Lucedale,MS,715,3.399,30.9312,-88.5959
64153,SPEEDWAY #6972,US-70,Durham,NC,177,3.799,35.9792,-78.9022
64155,SPEEDWAY #8228,"I-85, EXIT 191 & SR-56",Creedmoor,NC,205,3.999,36.1224,-78.6757
64156,SPEEDWAY #6985,"I-40, EXIT 312 & SR-42",Garner,NC,177,3.499,35.6936,-78.6181
64163,FILL GOOD BP #15,US-74,Monroe,NC,46,3.399,35.0063,-80.5596
64167,NORTH LONDONDERRY SUNOCO,"I-93, EXIT 5",Londonderry,NH,125,3.939,42.86509,-71.37395
64170,LUCKY 7,"I-95, EXIT 61",Wade,NC,205,2.999,35.1635,-78.737
64171,CIRCLE K #2723130,"I-40, EXIT 364",Warsaw,NC,245,2.87566666,34.9994,-78.0928
64172,CUBBYS #108,"I-80, EXIT 420 & SR-63",Greenwood,NE,319,3.399,40.9614,-96.4433
64173,SAPP BROS TRAVEL CENTER,"I-80, EXIT 405",Lincoln,NE,413,3.36566666,40.8099,-96.6784
64181,SUNOCO- JOYCE KILMER PLAZA #7012,"NJTP,EXIT 8A",East Brunswick,NJ,115,3.899,40.42788,-74.41598
64182,SUNOCO- VINCE LOMBARDI SERVICE AREA #7017,"NJ TURNPIKE, EXIT 18",Ridgefield,NJ,115,3.899,40.8313,-74.0147
64183,SUNOCO- THOMAS EDISON PLAZA #7013,"NJTP, EXIT 11",Woodbridge,NJ,79,3.899,40.5576,-74.28459
64187,SPEEDWAY #9117,"I-25, EXIT 339",Las Vegas,NM,580,3.18566666,35.6011,-105.2206
64189,CIRCLE K #2708931,"I-10, EXIT 155",Tucumcari,NM,585,3.259,35.17,-103.7046
64195,DANDY MINI MART #14,"I-86, EXIT 62",Nichols,NY,32,3.439,42.02174,-76.36688
64201,POCO SHOP #2,"I-95, EXIT 31",Saint Pauls,NC,205,3.799,34.8086,-78.9751
64206,SUNOCO WOODROW WILSON PLAZA #7010,"NJTP, EXIT 7",Trenton,NJ,150,3.899,40.2237,-74.7641
64210,FUEL 1,"I-287, EXIT 4",South Plainfield,NJ,79,4.799,40.5748,-74.4152
64211,PILOT #490/WESTERN PETROLEUM,US-180,Carlsbad,NM,593,3.729,32.401,-104.2388
64215,STRIPES 7FLEET #42588,US-380 & SR-206,Tatum,NM,700,3.66233333,33.2553,-103.3112
64216,DANDY MINI MART #31,SR-13 & SR-224,Cayuta,NY,190,4.399,42.28174,-76.69689
64218,PILOT TRAVEL CENTERS #494,"I-88, EXIT 25",Schenectady,NY,12,3.999,42.8025,-73.9275
64221,BELL STORES #49,"I-76E, EXIT 25B",Akron,OH,249,3.499,41.0798,-81.5219
64223,7-ELEVEN #40295,"I-80, EXIT 170",Broadview Heights,OH,249,3.52733333,41.3196,-81.6779
64224,7-ELEVEN #40296,SR-176,Broadview Heights,OH,249,3.53233333,41.3196,-81.6779
64227,GO MART FOOD STORE #116,US-50 & SR-7,Coolville,OH,430,3.35733333,39.2191,-81.7989
64229,SPEEDWAY #9385,"I-70, EXIT 129",Hebron,OH,315,3.369,39.9644,-82.4898
64230,Certified Oil #400423,I-70 EXIT 126,Hebron,OH,315,3.39566666,39.9644,-82.4898
64231,7-ELEVEN #40293,"OHIO TURNPIKE EB MILEPOST 139/I-80, EXIT 139",Amherst,OH,249,3.53233333,41.4022,-82.2303
64233,74 FUEL STOP,"I-74, EXIT 3",Harrison,OH,300,3.859,39.2584,-84.7868
64235,PENNZMART FUEL EXPRESS,ST 100,Tiffin,OH,411,3.4315,41.1165,-83.1805
64236,KFC TRAVELMART,SR-199,Upper Sandusky,OH,411,3.249,40.8298,-83.2721
64243,Caseys #4519,US-62,Altus,OK,483,3.00566666,34.6565,-99.3061
64244,CHOCTAW NATION DURANT WEST #632,US-69/US-75,Calera,OK,253,3.089,33.9303,-96.4293
64256,CHEROKEE TRAVEL PLAZA,"I-40, EXIT 325",Roland,OK,645,3.799,35.4147,-94.5137
64261,Phillips 66,US-75/SR-56,Okmulgee,OK,560,2.989,35.6134,-96.0068
64264,CASEYS #4594,US-81 & US-70,Waurika,OK,253,3.07733333,34.183,-98.0245
64265,ASAP GENERAL STORE #101,"I-40, EXIT 84 & US-54",Weatherford,OK,483,3.13233333,35.538,-98.6853
64270,PENN JERSEY DIESEL & TRAILER,"I-95, EXIT 37",Bensalem,PA,160,4.199,40.10455,-74.95128
64274,RUTTERS #53,"I-83, EXIT 32 & SR-382",Etters,PA,70,3.999,40.15241,-76.8189
64275,7-ELEVEN #40279,I-276 & US-202 (KING OF PRUSSIA SERVICE PLAZA WB),King Of Prussia,PA,160,3.884,40.0963,-75.3821
64282,ONVO TRAVEL PLAZA - HICKORY RUN,"I-80, EXIT 274",White Haven,PA,200,3.58566666,41.0566,-75.7802
64285,PILOT #4566,"I-85, EXIT 106",Blacksburg,SC,46,3.429,35.122,-81.5182
64287,CIRCLE K #2703099,"I-20, EXIT 33",Batesburg,SC,135,3.08566666,33.90792,-81.54733
64288,PILOT #4581,"I-20, EXIT 116",Bishopville,SC,135,3.43233333,34.2202,-80.2483
64294,HOT SPOT #6004,"I-26, EXIT 28",Enoree,SC,210,3.099,34.6593,-81.9609
64298,CORNER MART #354,"I-26, EXIT 72",Newberry,SC,30,3.299,34.2813,-81.601
64299,CIRCLE K #2720881,US-17 & SR-165,Ravenel,SC,42,3.439,32.778,-80.2281
64300,CIRCLE K #2723416,"I-26, EXIT 28",Roebuck,SC,210,3.08233333,34.8789,-81.9646
64301,HILLVIEW TRUCK STOP,"I-20, EXIT 39",Leesville,SC,135,3.059,33.91653,-81.51344
64307,CIRCLE K #2723876,US-17 & SR-64,Round O,SC,42,3.37233333,32.93712,-80.54094
64309,CIRCLE K #2723272,"I-26, EXIT 119",West Columbia,SC,135,3.54566666,33.9932,-81.0936
64310,Palmetto Roads #308,"I-95, EXIT 77",Saint George,SC,42,3.009,33.1861,-80.5794
64313,CUBBYS #403,"I-29, EXIT 79",Sioux Falls,SD,530,3.06566666,43.5396,-96.7311
64314,JAKES CORNER,US-81 & SR-34,Winfred,SD,530,3.049,44.0009,-97.3598
64336,LOVES TRAVEL STOPS #345,I-90/I-94 EXIT 48,Tomah,WI,450,3.289,43.9879,-90.4999
64336,LOVES TRAVEL STOP #345,I-90/I-94 EXIT 48,Tomah,WI,450,3.309,43.9879,-90.4999
64337,GRAVES TRUCK STOP,"I-20, EXIT 59",Carthage,TX,618,2.999,32.1526,-94.3368
64343,Allsup's Marketplace #2411,US-67,Hawley,TX,575,2.889,32.6037,-99.8111
64347,PILOT TRAVEL CENTERS #256,"US-58 & US-29, SE QUAD",Danville,VA,65,4.009,36.5831,-79.4088
64350,STRIPES #40811,"I-37, EXIT 55",George West,TX,625,3.01566666,28.33,-98.1183
64352,CHEVRON #383461,"I-10, EXIT 259",Fort Stockton,TX,710,3.029,30.8926,-102.8842
64355,CEFCO #34,US-281 & SR-38,Hamilton,TX,765,3.029,31.6997,-98.1208
64360,CIRCLE K #2706983,"I-37, EXIT 36 & SR-359",Mathis,TX,625,3.019,28.0909,-97.817
64374,CEFCO #2001,US-287 & FM-369,Iowa Park,TX,770,2.864,33.9622,-98.6819
64382,KOSSE COUNTRY STORE,SR-7 & SR-14,Kosse,TX,765,3.11566666,31.307,-96.6292
64390,TXB #71 DBA KWIK CHEK FOOD STORES,"I-20, EXIT 136",Midland,TX,710,3.079,32.0243,-102.1147
64393,TEX-BEST #505,"I-35, EXIT 183",New Braunfels,TX,740,2.80566666,29.6994,-98.1148
64399,LOVES TRAVEL STOPS #247,US-287 & SR-256,Memphis,TX,585,3.789,34.7268,-100.5416
64399,LOVES TRAVEL STOP #247,US-287 & SR-256,Memphis,TX,585,3.789,34.7268,-100.5416
64406,Main Street Market,SR-84 & FM-73,Prairie Hill,TX,765,2.899,31.65517,-96.78888
64407,CIRCLE K #2741527,US-281,Premont,TX,625,2.999,27.3585,-98.1244
64408,QUIKTRIP #4058,"I-37, EXIT 125 & SR-1604",San Antonio,TX,740,2.96566666,29.4632,-98.5238
64409,LONE STAR TRAVEL CENTER,"I-35, EXIT 147",San Antonio,TX,740,3.059,29.4632,-98.5238
64420,Valero,US-59 & AT ST-87,Timpson,TX,766,3.059,31.9065,-94.3971
64421,TXB #17 DBA KWIK CHEK FOOD STORES,SR-121,Trenton,TX,630,3.299,33.4272,-96.3409
64422,Chevron,"I-10, EXIT 858",Vidor,TX,610,2.749,30.1291,-93.9967
64423,PILOT #568,"I-35, EXIT 140",Von Ormy,TX,740,3.21066666,29.2803,-98.6556
64430,GOLDEN SPIKE TRAVEL PLAZA,"I-15, EXIT 382",Tremonton,UT,835,3.599,41.7187,-112.189
64431,RJS  FUEL STOP,"I-15, EXIT 40",Tremonton,UT,835,3.459,41.7187,-112.189
64435,SPEEDWAY #4632,US-360/US-58 & SR-1224,Danville,VA,65,4.059,36.5831,-79.4088
64436,MS 58 PLAZA,"I-95, EXIT 11",Emporia,VA,180,3.18233333,36.6953,-77.5356
64438,PILOT TRAVEL CENTER #4622,US-58,South Boston,VA,65,4.009,36.7132,-78.9135
64441,MILLER MART #55,US-460 & US-58/US-13,Suffolk,VA,130,3.09233333,36.6953,-76.6398
64442,PILOT TRUCK STOP #583,"I-5, EXIT 262",Ferndale,WA,850,4.599,48.8526,-122.5894
64442,PILOT TRUCK STOP #583,"I-5, EXIT 262",Ferndale,WA,850,4.559,48.8526,-122.5894
64445,KWIK TRIP #413,SR-93 & SR-95,Arcadia,WI,295,3.31566666,44.2486,-91.4916
64446,SPEEDWAY #4293,"I-90 & I-43, EXIT 185A",Beloit,WI,448,3.799,42.523,-89.0184
64447,KWIK TRIP #621,"SR-29/SR-55, EXIT 234 & SR-47/SR-117",Bonduel,WI,582,3.45733333,44.7383,-88.4476
64451,ROYAL FARMS #79,ST 13,New Church,VA,194,3.339,37.9826,-75.5291
64455,SPEEDWAY #4648,SR-254,Waynesboro,VA,180,3.959,38.0674,-78.9014
64463,KWIK TRIP #202,"I-39/US-51, EXIT 151 & SR-54",Plover,WI,395,3.26566666,44.4615,-89.5382
64474,SIGNAL FOOD STORE #108,US-60,Mountain View,MO,535,3.03233333,36.9936,-91.7019
64477,PILOT #1063,"I-40, EXIT 81",Marion,NC,210,3.759,35.6777,-82.0017
64478,PILOT TRAVEL CENTERS #141,"I-80, EXIT 6",Evanston,WY,835,3.699,41.2602,-110.9646
64479,YESWAY #1148,"US-30, EXIT 186",Marshalltown,IA,320,3.24566666,42.0343,-92.9068
64480,TA Garden City,US-83 & US-400,Garden City,KS,525,3.73066666,37.9753,-100.8527
64481,LOVES TRAVEL STOP #282,"I-44, EXIT 4 & SR-43",Joplin,MO,277,3.39733333,37.0757,-94.5018
64482,LOVES TRAVEL STOP #208,"I-55, EXIT 119 & SR-22",Canton,MS,655,3.489,32.5975,-90.0317
64484,LOVES TRAVEL STOP #206,"I-10, EXIT 44 & SR-59",Loxley,AL,715,3.339,30.6812,-87.7416
64485,PILOT TRAVEL CENTERS #433,"I-20, EXIT 470",Dallas,TX,630,3.18233333,32.7935,-96.7667
64486,GREENWAY STORE #614,"I-85/SR-403, EXIT 61 & SR-74",Fairburn,GA,18,3.199,33.5496,-84.5914
64487,PILOT TRAVEL CENTERS #165,"I-57 & I-70, EXIT 162",Effingham,IL,510,3.299,39.1205,-88.5509
64487,PILOT TRAVEL CENTER #165,"I-57 & I-70, EXIT 162",Effingham,IL,510,3.499,39.1205,-88.5509
64487,PILOT TRAVEL CENTER #165,"I-57 & I-70, EXIT 162",Effingham,IL,510,3.349,39.1205,-88.5509
64487,PILOT TRAVEL CENTER #165,"I-57 & I-70, EXIT 162",Effingham,IL,510,3.299,39.1205,-88.5509
64487,PILOT TRAVEL CENTERS #165,"I-57 & I-70, EXIT 162",Effingham,IL,510,3.499,39.1205,-88.5509
64488,PILOT TRAVEL CENTERS #274,"I-10, EXIT 109",Breaux Bridge,LA,600,3.14233333,30.2829,-91.9043
64490,QUICK FUEL #2201,"I-85, EXIT 36",Atlanta,GA,18,3.35233333,33.7628,-84.422
64491,QUICK FUEL #1803,I-80/I-294 & SR-1,South Holland,IL,290,3.849,41.5977,-87.6022
64491,QUICK FUEL #1803,I-80/I-294 & SR-1,South Holland,IL,290,3.829,41.5977,-87.6022
64491,QUICK FUEL #1803,I-80/I-294 & SR-1,South Holland,IL,290,3.889,41.5977,-87.6022
64492,QUICK FUEL #2103,"I-70, EXIT 89",Indianapolis,IN,375,3.309,39.7771,-86.1458
64493,QUICK FUEL #2801,"I-435, EXIT 1-A AT MILE 1",Lenexa,KS,400,3.369,38.9609,-94.8018
64494,QUICK FUEL #1704,I-75 EXIT 42 AT MILE 42,Lincoln Park,MI,325,3.669,42.2432,-83.1811
64494,QUICK FUEL #1704,I-75 EXIT 42 AT MILE 42,Lincoln Park,MI,325,3.619,42.2432,-83.1811
64495,QUICK FUEL #1702,"I-96, EXIT 173",Livonia,MI,325,3.799,42.3972,-83.3733
64496,QUICK FUEL #1703,"I-94, EXIT 199-A",Romulus,MI,325,3.519,42.2237,-83.366
64496,QUICK FUEL #1703,"I-94, EXIT 199-A",Romulus,MI,325,3.549,42.2237,-83.366
64496,QUICK FUEL #1703,"I-94, EXIT 199-A",Romulus,MI,325,3.569,42.2237,-83.366
64498,QUICK FUEL #1705,SR-53,Warren,MI,325,3.849,42.4934,-83.027
64498,QUICK FUEL #1705,SR-53,Warren,MI,325,3.749,42.4934,-83.027
64498,QUICK FUEL #1705,SR-53,Warren,MI,325,3.789,42.4934,-83.027
64499,QUICK FUEL #2401,"I-71, EXIT 234",Bridgeton,MO,540,3.094,38.7673,-90.4275
64500,QUICK FUEL #2402,"I-435, EXIT 57",Kansas City,MO,400,3.29233333,39.1238,-94.5541
64501,QUICK FUEL #2602,"I-85, EXIT 40",Charlotte,NC,46,3.39566666,35.2083,-80.8303
64502,QUICK FUEL #2305,"I-270, EXIT 10",Columbus,OH,315,3.63066666,39.9862,-82.9855
64503,QUICK FUEL #2304,"I-75, EXIT 210",Toledo,OH,550,3.60066666,41.6638,-83.5827
64508,QUICK FUEL #1150,US-51 & SR-30,Madison,WI,420,3.57566666,43.0822,-89.393
64509,QUICK FUEL #1002,"I-94, EXIT 319",Milwaukee,WI,444,3.74066666,43.0642,-87.9675
64511,QUICK FUEL #1010,SR-100,Milwaukee,WI,444,3.779,43.0642,-87.9675
64512,QUICK FUEL #1001,"I-94, EXIT 301",New Berlin,WI,444,3.499,42.9726,-88.1291
64514,PILOT TRAVEL CENTERS #435,"I-10, EXIT 0",Anthony,TX,640,3.459,31.9876,-106.5933
64517,KWIK TRIP #696,"I-94, EXIT 19 & US-63",Baldwin,WI,451,3.574,44.954,-92.3709
64519,BLUE RIDGE TRAVEL PLAZA,"I-81 SOUTHBOUND, EXIT 155",Mountain Top,PA,200,3.649,41.1353,-75.9045
64520,LOVES TRAVEL STOP #222,"I-70/US-35, EXIT 149B & US/35/SR-38",Richmond,IN,375,3.949,39.8318,-84.8905
64521,CHOCTAW TRAVEL PLAZA #635,US-259/SR-3,Broken Bow,OK,560,2.999,34.0292,-94.7426
64523,SKY CITY TRAVEL CENTER,"I-40, EXIT 102 NORTH",Pueblo Of Acoma,NM,580,3.28066666,35.04,-107.58
64525,PILOT TRAVEL CENTERS #3,"I-80, EXIT 223",Youngstown,OH,573,3.45233333,41.0993,-80.6463
64526,PILOT TRAVEL CENTERS #53,"I-40, EXIT 143",Hurricane Mills,TN,460,3.17566666,35.97117,-87.78197
64527,PILOT TRAVEL CENTERS #50,"I-71, EXIT 28",Pendleton,KY,415,3.759,38.46229,-85.30357
64528,Raceway #7007,SR-74 & SR-180,Shelby,NC,46,3.249,35.2904,-81.5451
64529,PILOT TRAVEL CENTERS #436,"I-40, EXIT 75",Amarillo,TX,585,3.26566666,35.1984,-101.8316
64530,PILOT TRAVEL CENTERS #420,"I-20, EXIT 114",Madison,GA,16,3.859,33.5793,-83.4758
64530,PILOT TRAVEL CENTER #420,"I-20, EXIT 114",Madison,GA,16,3.859,33.5793,-83.4758
64532,PILOT #4560,"I-75, EXIT 201",Jackson,GA,67,3.37566666,33.292,-83.9679
64532,PILOT TRAVEL CENTER #4560,"I-75, EXIT 201",Jackson,GA,67,3.39566666,33.292,-83.9679
64533,SHELL,US-287/US-81 & CR-718,Haslet,TX,637,2.89066666,32.9609,-97.3387
64534,CIRCLE K #4707045,"I-95, EXIT 32",Biddeford,ME,170,3.95733333,43.4673,-70.4511
64535,FLYING J TRAVEL PLAZA #628,"I-85, EXIT 160",Carnesville,GA,16,3.20566666,34.3729,-83.2328
64536,FLYING J TRAVEL PLAZA #640,"I-84, EXIT 173",Jerome,ID,785,3.90233333,42.7179,-114.5159
64537,FLYING J TRAVEL PLAZA #739,"I-35, EXIT 330B",Waco,TX,765,3.22066666,31.5599,-97.1882
64538,PILOT TRAVEL CENTER #445,"I-94, EXIT 22 & US-20",Chesterton,IN,365,3.829,41.5997,-87.055
64538,PILOT TRAVEL CENTERS #445,"I-94, EXIT 22 & US-20",Chesterton,IN,365,3.799,41.5997,-87.055
64545,HOBO PANTRY #24,US-231 & SR-10,Brundidge,AL,720,3.599,31.7182,-85.8178
64546,GRUB MART #13,"I-59, EXIT 205 & US-411/SR-25/SR-68",Centre,AL,587,3.349,34.1537,-85.6689
64554,FACKLER TEXACO TRUCK STOP,US-72 & CR-42,Fackler,AL,615,3.199,34.79258,-85.90998
64558,MR FUEL #1203,"I-20, EXIT 129",Meridian,MS,705,2.81233333,32.3846,-88.6896
64569,LOVES TRAVEL STOP #624,"I-65, EXIT 8B",Mobile,AL,715,3.20566666,30.6782,-88.1162
64571,PETRO STOPPING CENTER #331,"I-15, EXIT 54",Las Vegas,NV,910,3.734,36.2333,-115.2654
64572,CIRCLE K #2723730,US-43/SR-13/SR-69,Northport,AL,615,3.399,33.2586,-87.5993
64578,MARATHON,US-431/SR-1,Phenix City,AL,50,3.249,32.4585,-85.0253
64581,SNEAD SHELL,US-278 & SR-75,Altoona,AL,587,3.109,34.0308,-86.3179
64592,LOVES TRAVEL STOP #368,"I-65, EXIT 208 & CR-28",Clanton,AL,720,3.33733333,32.8444,-86.6233
64595,PILOT TRAVEL CENTERS #425,"I-10, EXIT 192",Midway,FL,20,3.799,30.4169,-87.0229
64595,PILOT TRAVEL CENTER #425,"I-10, EXIT 192",Midway,FL,20,3.799,30.4169,-87.0229
64599,PONY EXPRESS TRAVEL PLAZA #6,"US-167/US-67, EXIT16 & SR-5",Cabot,AR,695,3.499,34.9766,-92.0274
64600,Caseys #4552,"I-40, EXIT 57",Clarksville,AR,645,3.244,35.457,-93.4803
64610,KINGS RIVER COUNTRY STORE,US-412,Huntsville,AR,735,3.26566666,36.0985,-93.7363
64617,SHELL,"I-55, EXIT 48",Osceola,AR,435,2.999,35.6942,-89.9934
64647,HOOKS,I-16 EXIT 16,East Dublin,GA,85,3.399,32.5468,-82.8675
64648,QUICK FUEL #2203,"I-20, EXIT 14",Atlanta,GA,18,3.319,33.7628,-84.422
64651,QUICK FUEL #2101,I-465,Indianapolis,IN,375,3.869,39.7771,-86.1458
64654,Fast Stop,"I-10, EXIT 177",Saint Gabriel,LA,600,3.699,30.2536,-91.1013
64655,ONE9 #7937,"I-85/I-40, EXIT 132",Mc Leansville,NC,65,3.399,36.1045,-79.6554
64656,QUICK FUEL #2601,SR-27,Charlotte,NC,46,3.51233333,35.2083,-80.8303
64660,QUICK FUEL #1005,SR-59 & SR-164,Waukesha,WI,444,3.623,43.0087,-88.2464
64662,QUICK FUEL #1011,"I-94, EXIT 100",Milwaukee,WI,444,3.52066666,43.0642,-87.9675
64664,CIRCLE K #4701424,"I-74, EXIT 102",Morton,IL,280,3.699,40.6135,-89.4669
64664,CIRCLE K #4701424,"I-74, EXIT 102",Morton,IL,280,3.659,40.6135,-89.4669
64664,CIRCLE K #4701424,"I-74, EXIT 102",Morton,IL,280,3.599,40.6135,-89.4669
64671,FLYING J TRAVEL PLAZA #756,"I-94, EXIT 116 & CR-A",Black River Falls,WI,450,3.38233333,44.2981,-90.842
64672,FLYING J TRAVEL PLAZA #655,"I-70, EXIT 123 & SR-3",Spiceland,IN,375,3.959,39.8433,-85.426
64673,WESTVILLE TRUCKSTOP,US-6/US-421,Westville,IN,365,3.58566666,41.5376,-86.9049
64674,ZANCO SHELL,"I-395, EXIT 87",Plainfield,CT,175,4.399,41.67649,-71.91507
64675,Petro Mart #45,"I-70/US-40, EXIT 148 & US-54",Kingdom City,MO,392,2.939,38.9473,-91.9389
64676,PILOT TRAVEL CENTERS #460,"I-40, EXIT 140",Oklahoma City,OK,483,3.309,35.4676,-97.5136
64677,MOUNT VERNON FUEL CENTER,"I-75, EXIT 59 & US-25",Mount Vernon,KY,410,2.999,37.3654,-84.3401
64678,AINSWORTH FOUR CORNERS,US-218/SR-27 & SR-92,Ainsworth,IA,380,3.109,41.2901,-91.5545
64679,PILOT TRAVEL CENTER #118,I-30 EXIT 121,Benton,AR,695,3.259,34.5776,-92.5713
64679,PILOT TRAVEL CENTERS #118,I-30 EXIT 121,Benton,AR,695,3.199,34.5776,-92.5713
64681,PILOT TRAVEL CENTER #458,"I-10, EXIT 208",Eloy,AZ,930,3.439,32.747,-111.5992
64681,PILOT TRAVEL CENTERS #458,"I-10, EXIT 208",Eloy,AZ,930,3.479,32.747,-111.5992
64682,FLYING J TRAVEL PLAZA #705,"I-40, EXIT 20 & US-283",Sayre,OK,483,3.18233333,35.2966,-99.6286
64683,QUIKTRIP #777,"I-20, EXIT 49",Atlanta,GA,18,2.97233333,33.7628,-84.422
64684,MR FUEL #721,"I-465, EXIT 4 & SR 37",Indianapolis,IN,375,3.319,39.7771,-86.1458
64687,PILOT TRAVEL CENTERS #421,"I-75, EXIT 326",Dalton,GA,285,3.30566666,34.769,-84.972
64687,PILOT TRAVEL CENTER #421,"I-75, EXIT 326",Dalton,GA,285,3.28566666,34.769,-84.972
64706,CIRCLE K #2721571,"I-65, EXIT 69",Brewton,AL,715,3.399,31.1113,-87.0737
64712,SUNSTOP #650,US-431 & SR-210,Dothan,AL,20,3.41233333,31.2336,-85.407
64713,GOOD TO GO,"I-65, EXIT 200",Enterprise,AL,20,3.599,31.3275,-85.8463
64715,CIRCLE K #2709067,US-31/SR-6,Prattville,AL,720,3.499,32.4597,-86.4573
64718,CUZZS,US-43/SR-13,Thomasville,AL,720,3.53233333,31.911,-87.7419
64719,CIRCLE K #2706697,"I-85, EXIT 77",Valley,AL,720,3.399,32.8088,-85.181
64721,FLASH MARKET #17049,"I-40/US-63, EXIT 216 & US-49/SR-17",Brinkley,AR,695,3.179,34.89,-91.1902
64723,CASHS #4470,US-65,Dumas,AR,655,3.209,33.8834,-91.4857
64724,TOBOS TRAVEL CENTER,"I-540, EXIT 58",Fayetteville,AR,735,3.349,36.0714,-94.1661
64755,PILOT TRAVEL CENTERS #44,"I-70, EXIT 101",Boonville,MO,310,3.519,38.9587,-92.7472
64764,CORNER MARKET #62,SR-13/SR-789 & SR-64,Meeker,CO,800,3.729,40.0499,-107.8947
64765,CENEX,"I-76, EXIT 125",Sterling,CO,800,3.41566666,40.6205,-103.1925
64773,Sun Gas,US-301,Middletown,DE,243,2.999,39.445,-75.7183
64775,SHORE STOP #287,US-13,New Castle,DE,243,3.289,39.6681,-75.5697
64775,SHORE STOP #287,US-13,New Castle,DE,243,3.309,39.6681,-75.5697
64777,4 POINTS MARKET,US-441/SR-7 & SR-804,Boynton Beach,FL,95,3.229,26.5281,-80.0811
64778,SUNSTOP #347,US-27,Branford,FL,75,3.699,29.9623,-82.9243
64779,SPEEDWAY #6530,US-50,Brooksville,FL,225,3.38233333,28.5404,-82.3903
64789,KROME EXXON,SR-997 & SR-994,Miami,FL,95,3.399,25.784,-80.2101
64793,CIRCLE K #2721297,US-301,Middleburg,FL,75,3.399,30.0502,-81.9011
64795,QUICK FUEL #5101,"I-4, EXIT 79",Orlando,FL,140,3.36233333,28.4773,-81.337
64798,RIVIERA TRUCKSTOP,SR-710,West Palm Beach,FL,95,3.779,26.7469,-80.132
64803,MARATHON,"I-4, EXIT 3",Tampa,FL,225,3.42233333,27.9945,-82.4447
64804,SPEEDLANE,US-301 &SR-574,Tampa,FL,225,3.449,27.9945,-82.4447
64811,SUNSTOP #819,US-19,Americus,GA,15,3.699,32.0736,-84.2248
64815,BUENA VISTA GAS N GO,SR-26 & SR-41,Buena Vista,GA,10,3.299,32.3188,-84.5177
64819,CIRCLE K #4174,"I-285/SR-407, EXIT 53 & US-23/SR-42",Conley,GA,18,3.999,33.6399,-84.3376
64820,Mr Pips,US-84/SR-38,Donalsonville,GA,20,3.199,31.0404,-84.8792
64825,EXIT 10 AUTO AND TRUCK STOP,"I-185/SR-411, EXIT 19 & SR-315",Fortson,GA,50,3.399,32.60708,-84.93715
64831,CIRCLE K #2745072,US-341,Lumber City,GA,195,3.529,31.933,-82.6828
64833,QWICKSERV,US-319 BUS & SR-133/SR-35/SR-33,Moultrie,GA,20,3.599,31.1591,-83.7708
64834,SUSIE Q #90,US-319 & SR-33,Moultrie,GA,10,3.799,31.1591,-83.7708
64840,BP,US-278/SR-6 & SR-101,Rockmart,GA,18,3.599,34.0103,-85.044
64842,Circle K #2745128,US-301 & US-25,Statesboro,GA,195,3.199,32.4375,-81.7751
64843,A TO Z TRUCKSTOP,US-301/US-25/SR-73,Statesboro,GA,195,3.599,32.4375,-81.7751
64850,SHAKE RAG EXPRESS,US-1 & US-78,Wadley,GA,135,3.41566666,32.8663,-82.4014
64856,KUM & GO #1056,"I-35, EXIT 56",Bevington,IA,320,3.099,41.3596,-93.7902
64857,CHARITON FOOD SHOP,US-34,Chariton,IA,320,3.369,41.0175,-93.3097
64859,QUICK FUEL #2901,"I-35/I-80, EXIT 136",Des Moines,IA,320,3.13733333,41.5725,-93.6105
64860,BP TRUCK PLAZA,US-61/US-151,Dubuque,IA,335,3.489,42.5002,-90.707
64862,218 FUEL EXPRESS,US-218 & US-18,Floyd,IA,433,3.489,43.1282,-92.7399
64863,FT MADISON FAST BREAK,US-61,Fort Madison,IA,345,3.399,40.6207,-91.3509
64868,MEDIAPOLIS FAST BREAK,US-61,Mediapolis,IA,345,3.349,41.0079,-91.1636
64871,STEWART ROAD FAST BREAK,CR-X61,Muscatine,IA,270,3.299,41.4195,-91.068
64873,CUBBYS #2301,"I-29, EXIT 112",Onawa,IA,319,3.149,42.0265,-96.0909
64874,OSCEOLA TRAVEL PLAZA,"I-25, EXIT 33 & US-34",Osceola,IA,320,3.31233333,41.0304,-93.784
64875,CASEYS #2598,"SR-163, EXIT 42",Pella,IA,320,3.199,41.4052,-92.9189
64876,PILOT #238,"I-29, EXIT 10",Percival,IA,319,3.799,40.7513,-95.8133
64876,PILOT TRAVEL CENTER #238,"I-29, EXIT 10",Percival,IA,319,3.799,40.7513,-95.8133
64877,CASEYS #3900,"US-218, EXIT 80 & SR-22",Riverside,IA,380,3.17066666,41.4893,-91.5567
64880,CASEYS #2487,US-71/SR-9,Spirit Lake,IA,440,3.38233333,43.4176,-95.1109
64881,SPARKYS ONE STOP #16,US-71 & SR-3,Storm Lake,IA,527,3.23233333,42.6431,-95.196
64883,KUM & GO #1046,"I-80, EXIT 46 & CR-M47",Walnut,IA,486,3.109,41.4894,-95.2197
64884,SAPP BROS TRAVEL CENTER,US-61 & SR-78,Sioux City,IA,527,3.649,42.4959,-96.3901
64886,WEVER JUNCTION,US-61 & CR-X50,Wever,IA,345,3.399,40.7058,-91.228
64887,COUNCIL FOOD AND FUEL,US-95,Council,ID,785,3.589,44.7328,-116.4376
64888,NOMNOM #21,US-95 & SR-13,Grangeville,ID,970,3.90733333,45.926,-116.1224
64892,JACKSONS FOOD STORE #3,US-95,Wilder,ID,785,3.579,43.6782,-116.907
64894,CIRCLE K #4701251,"I-55, EXIT 160B & SR-9",Bloomington,IL,280,3.399,40.4757,-88.9703
64894,CIRCLE K #4701251,"I-55, EXIT 160B & SR-9",Bloomington,IL,280,3.599,40.4757,-88.9703
64894,CIRCLE K #4701251,"I-55, EXIT 160B & SR-9",Bloomington,IL,280,3.499,40.4757,-88.9703
64902,DOWNS TRAVEL MART,"I-74, EXIT 142",Downs,IL,368,3.499,40.3988,-88.8894
64907,FREEDOM OIL #77,"I-74, EXIT 112 & SR-117",Goodfield,IL,368,3.659,40.6266,-89.2688
64913,Circle K #4701331,US-136 & US-67,Macomb,IL,345,3.499,40.4709,-90.6807
64914,Martinsville Food and Fuel,"I-70, EXIT 136",Martinsville,IL,510,3.489,39.3381,-87.8814
64920,KWIK STAR #1530,"I-88/SR-110, EXIT 76 & SR-251",Rochelle,IL,520,3.499,41.9197,-89.0629
64928,SPEEDWAY #1432,"I-294, EXIT 22",Willow Springs,IL,293,3.859,41.7333,-87.8859
64929,KARTAR TRUCK STOP,"I-74, EXIT 32 & SR-17",Woodhull,IL,270,3.599,41.1784,-90.3221
64930,THORNDALE SHELL,"I-290, EXIT 5",Wood Dale,IL,290,3.459,41.9668,-87.9808
64933,MCCLURE OIL #66,US-33/US-27,Decatur,IN,370,3.699,40.8286,-84.9277
64938,FAMILY EXPRESS #41 (DISCOUNT AVAILABLE),US-52,Lafayette,IN,375,3.43233333,40.3991,-86.8593
64939,FAMILY EXPRESS #27 (DISCOUNT AVAILABLE),US-421,Medaryville,IN,365,3.649,41.0803,-86.8905
64946,MORNING STAR AUTO TRUCK PLAZA,"I-69, EXIT 334 & US-6",Waterloo,IN,370,3.699,41.4327,-85.0347
64949,PETES #36,US- 54 & US-169,Iola,KS,400,3.20566666,37.9274,-95.4006
64950,CASEYS #2957,US-73 & US-36,Hiawatha,KS,400,3.15066666,39.8519,-95.538
64952,AMPRIDE,US-160,Johnson,KS,525,3.399,37.57057,-101.751
64961,SAC AND FOX TRUCK STOP,US-75,Powhattan,KS,553,2.984,39.7619,-95.6342
64963,FLINT HILLS ONE STOP,US-50,Strong City,KS,553,2.919,38.3955,-96.537
64964,U PUMP IT,US-83 & US-56,Sublette,KS,525,3.679,37.4822,-100.8466
64969,ALLSTAR FOOD MART,SR-55,Campbellsville,KY,415,3.159,37.3445,-85.3511
64980,DOUBLE KWIK MARKET #1044,SR-15/SR-7/SR-160,Isom,KY,255,3.749,37.18788,-82.89877
64982,FAS MART #5260,SR-9 & US-68/US-62/SR-10,Maysville,KY,312,3.364,38.6455,-83.7911
64984,DOUBLE KWIK MARKET #1062,"I-75, EXIT 104",Nicholasville,KY,410,3.499,37.8906,-84.5668
64990,LAKE COUNTRY OUTDOORS,SR-127,Russell Springs,KY,410,3.199,37.051,-85.0774
64994,E Z STOP,SR-555 & SR-9002,Willisburg,KY,410,3.379,37.8093,-85.1208
64996,AVONDALE TRUCK STOP,SR-90,Westwego,LA,725,3.449,29.9058,-90.1434
64998,CM BAYOU VISTA,US-90,Morgan City,LA,725,3.399,29.7041,-91.192
64999,I 220 TRAVEL PLAZA,"I-270, EXIT 17A & US-80/US-79",Bossier City,LA,766,2.99233333,32.5224,-93.6668
65000,SILVERS TRAVEL CENTER,"I-10, EXIT 109",Breaux Bridge,LA,690,3.369,30.2829,-91.9043
65002,FOOD N FUN #11,US-90 & SR-92-1,Broussard,LA,600,3.30233333,30.1396,-91.954
65005,USA TRAVEL CENTER,"I-20, EXIT 103/US-80",Calhoun,LA,719,3.21566666,32.5153,-92.3539
65006,GOLDMINE TRUCKSTOP,US-190,Eunice,LA,730,3.199,30.4904,-92.4191
65007,GOLDEN GROVE TRUCK PLAZA,SR-641 & SR-3125,Gramercy,LA,725,3.419,30.061,-90.6929
65008,BIG WHEELS TRAVEL CENTER,"US-90, EXIT 204 & SR-316",Gray,LA,725,3.499,29.678,-90.7831
65011,PLANTATION TRUCK PLAZA,SR-311 & SR-664,Houma,LA,725,3.11566666,29.58,-90.7059
65017,Y NOT STOP MANSURA,SR-1,Mansura,LA,730,3.399,31.0673,-92.0528
65019,Hwy 31 Truck Stop,SR 31,Saint Martinville,LA,730,3.329,30.1263,-91.8319
65021,OPELOUSAS 190 TRUCK STOP,US-190,Opelousas,LA,600,2.87066666,30.5252,-92.0816
65022,CM RACELAND,SR-1,Raceland,LA,725,3.299,29.7282,-90.6362
65023,SHOP RITE #85,"I-10, EXIT 87 AT MILE 87",Rayne,LA,600,3.149,30.2403,-92.2668
65025,ELSIE AUTO AND TRUCK PLAZA,SR-1,Shreveport,LA,766,2.949,32.4653,-93.7955
65026,TA ST Rose #06480,US-61,Saint Rose,LA,725,3.22566666,29.9649,-90.3088
65027,STARKS TRUCK STOP,SR-12,Starks,LA,690,3.599,30.3105,-93.6667
65030,CASH MAGIC THIBODAUX,SR-1,Thibodaux,LA,725,3.399,29.7949,-90.8146
65033,PILOT TRAVEL CENTERS #457,"I-75, EXIT 135",Beaverdam,OH,411,3.33066666,40.8328,-83.9739
65036,WAVERLY TRUCKSTOP,"I-20, EXIT 157 & SR-577",Delhi,LA,719,2.964,32.4529,-91.49
65037,CIRCLE K #2707783,"I-20, EXIT 114 & SR-617",West Monroe,LA,719,2.95733333,32.512,-92.1513
65048,Irving,SR-2,Westminster,MA,34,3.749,42.54592,-71.91063
65059,ROYAL FARMS #111,"I-95, EXIT 57",Baltimore,MD,22,3.209,39.3051,-76.6144
65062,AC & T BIG POOL,"I-70, EXIT 12 & SR-56",Big Pool,MD,70,3.659,39.6251,-78.0161
65064,A C AND T SHARPSBURG PIKE,"I-70, EXIT 29A & SR-65",Hagerstown,MD,70,3.799,39.6401,-77.7217
65066,HURLOCK CITGO,SR-392 & SR-331,Hurlock,MD,194,3.259,38.6268,-75.864
65067,SUNOCO,US-301,Newburg,MD,60,3.379,38.37735,-76.95331
65069,CIRCLE K #4707056,"I-95, EXIT 75",Auburn,ME,170,3.899,44.0851,-70.2492
65074,CIRCLE K #4707004,"I-95, EXIT 244 & SR-157",Medway,ME,170,3.50233333,45.60894,-68.53086
65075,CIRCLE K #4707017,"I-95, EXIT 48",Portland,ME,170,3.74233333,43.6773,-70.2715
65083,SUNOCO,"I-75, EXIT 34B",Riverview,MI,325,3.639,42.1723,-83.1946
65084,BEACON & BRIDGE #19,US-131 & SR-115,Cadillac,MI,260,3.259,44.2493,-85.4164
65084,BEACON & BRIDGE #19,US-131 & SR-115,Cadillac,MI,260,3.239,44.2493,-85.4164
65084,BEACON & BRIDGE #19,US-131 & SR-115,Cadillac,MI,260,3.279,44.2493,-85.4164
65086,FRED MOORE BP,"I-94, EXIT 257",Casco,MI,325,4.099,42.75253,-82.67158
65088,Circle K #2746528,US-41/SR-28 & SR-95,Champion,MI,360,3.819,46.51382,-87.96347
65091,WYOMING FUEL PLAZA,"I-94, EXIT 210A",Dearborn,MI,325,3.599,42.3127,-83.213
65092,BP,"I-94 & US-12, EXIT 210",Dearborn,MI,325,3.579,42.3127,-83.213
65092,BP,"I-94 & US-12, EXIT 210",Dearborn,MI,325,3.759,42.3127,-83.213
65092,BP,"I-94 & US-12, EXIT 210",Dearborn,MI,325,4.099,42.3127,-83.213
65092,BP,"I-94 & US-12, EXIT 210",Dearborn,MI,325,3.199,42.3127,-83.213
65094,MARATHON,"I-75 & SR-32, EXIT 282",Gaylord,MI,287,3.829,45.0208,-84.6809
65094,MARATHON,"I-75 & SR-32, EXIT 282",Gaylord,MI,287,3.799,45.0208,-84.6809
65108,PICKLEMANS ONE STOP-ZEPHYR,ST 28,Newberry,MI,360,3.699,46.3538,-85.5098
65113,NORTHWIND TRAVEL CENTER,"US-131, EXIT 153 & US-10",Reed City,MI,456,3.599,43.8725,-85.5068
65113,NORTHWIND TRAVEL CENTER,"US-131, EXIT 153 & US-10",Reed City,MI,456,3.499,43.8725,-85.5068
65121,BP TRAVEL CENTER AND TRUCK PLAZA,"I-275, EXIT 20",Belleville,MI,325,4.199,42.2022,-83.4839
65127,PITSTOP MOBIL MART,"I-196, EXIT 72",Wyoming,MI,456,3.799,42.8908,-85.7066
65127,PITSTOP MOBIL MART,"I-196, EXIT 72",Wyoming,MI,456,3.549,42.8908,-85.7066
65129,HOLIDAY STATIONSTORE #2746345,"I-94, EXIT 103/US-52 & SR-29",Alexandria,MN,250,3.499,45.8776,-95.3767
65132,PETES PLACE SOUTH,US-71 & US-2,Bemidji,MN,355,3.41566666,47.4828,-94.8797
65135,CIRCLE K #3819,SR-7,Clara City,MN,432,3.33233333,44.9576,-95.3671
65136,HOLIDAY STATIONSTORE #2746422,"I-35, EXIT 253B",Duluth,MN,334,3.499,46.7756,-92.1393
65141,KWIK TRIP #619,US-14 & ST-57,Kasson,MN,515,3.549,44.0333,-92.7479
65142,HOLIDAY STATIONSTORE #2746376,"I-35W, EXIT 36 & CR-23",Circle Pines,MN,448,3.549,45.1409,-93.1505
65153,7Fleet #46516,"I-75, EXIT 164",Waite Park,MN,250,3.459,45.5313,-94.2528
65162,Petro Mart #15,I-270 EXIT 33,Saint Louis,MO,540,2.904,38.6359,-90.2451
65165,AMERIMART # 11,US-61,Jackson,MO,275,3.299,37.3792,-89.6522
65171,SIGNAL FOOD STORE #110,US-60 & SR-5,Mansfield,MO,535,3.02566666,37.1102,-92.5804
65177,KUM & GO #0497,US-60/SR-413 & CR-M,Republic,MO,535,3.079,37.1452,-93.4446
65178,WILD BILLS TRAVEL CENTER,US-65 & SR-14,Ridgedale,MO,535,3.199,36.50395,-93.22379
65180,TREX MART #11,"I-29, EXIT 65 & US-59",Savannah,MO,400,2.999,39.9391,-94.8279
65188,GAS MART,"US-78, EXIT 14 & SR-309",Byhalia,MS,435,2.97233333,34.869,-89.689
65192,CIRCLE K #2723396,US-49,Collins,MS,620,3.879,31.6469,-89.5669
65194,CIRCLE K #2723401,US-98 BYP/SR-44 & SR-13,Columbia,MS,620,3.33233333,31.2564,-89.8266
65197,SINGH PETRO,US-11,Ellisville,MS,620,3.059,31.5969,-89.2091
65198,CIRCLE K #2723437,US-49,Florence,MS,760,2.89566666,32.1557,-90.1225
65204,SHELL GAS MART,US-82,Mathiston,MS,576,3.36566666,33.5391,-89.1275
65212,Taters #2,US-98 & SR-29,New Augusta,MS,620,3.31566666,31.2036,-89.0272
65213,CIRCLE K #2723390,US-98,New Augusta,MS,620,3.199,31.2036,-89.0272
65214,NEWTON CROSSING,"I-20, EXIT 109 & SR-15",Newton,MS,705,3.249,32.3296,-89.1534
65216,STUCKEYS EXPRESS,US-43S,Pelahatchie,MS,760,3.199,32.3148,-89.8083
65221,CEFCO #544,"I-55/US-51, EXIT 81",Terry,MS,760,2.899,32.1047,-90.298
65223,SHELL EXPRESS MART,SR-7 & SR-315,Water Valley,MS,435,3.06566666,34.1622,-89.63
65225,CIRCLE K #2723402,US-49,Wiggins,MS,620,3.509,30.8557,-89.1386
65234,COUNTRY MART,US-13/SR-11,Bethel,NC,205,3.00733333,35.8072,-77.3763
65241,CIRCLE K #2723474,US-70,Goldsboro,NC,205,3.54066666,35.3778,-77.9717
65246,DOBBS PLACE,"I-95, EXIT 17",Lumberton,NC,245,3.159,34.6312,-79.0186
65250,CIRCLE K #2723473,US-70,Morehead City,NC,245,3.649,34.7308,-76.7388
65251,SPEEDWAY #8277,US-17 & SR-43,New Bern,NC,245,3.26566666,35.0955,-77.0723
65252,SPEEDWAY #6964,SR-125 & SR-11/SR-42,Oak City,NC,205,3.19733333,35.9625,-77.3051
65267,CIRCLE K #2720939,"I-795/US-264, EXIT 43A & US-301",Wilson,NC,205,3.049,35.7311,-77.9284
65268,SPEEDWAY #6931,"I-40, EXIT 195 & SR-109",Winston Salem,NC,65,3.609,36.1029,-80.261
65270,INTERSTATE CENEX,"I-94, EXIT 1 & SR-16",Beach,ND,273,3.499,46.9189,-104.0055
65273,SIMONSON TRAVEL CENTER,"I-29, EXIT 141 & US-2",Grand Forks,ND,341,3.539,47.9214,-97.0884
65274,CENEX C STORE,US-2 & SR-3,Rugby,ND,452,3.399,48.3654,-99.9903
65282,HEBRON SINCLAIR,US-81,Hebron,NE,413,3.284,40.1685,-97.5866
65283,CUBBYS #2107,US-20/SR-15,Laurel,NE,470,3.139,42.4301,-97.0986
65284,Caseys #4526,"I-80, EXIT 237",Lexington,NE,330,3.05733333,40.7779,-99.7461
65287,AM ENERGY,"I-80, EXIT 248",Overton,NE,330,2.899,40.7405,-99.5374
65289,SHOEMAKERS SOUTH,US-77,Roca,NE,413,3.349,40.658,-96.6614
65290,ESSENTIAL FUEL #3,ST 71,Scottsbluff,NE,475,3.599,41.8684,-103.6616
65292,CUBBYS #117,SR-2 & SR-50,Syracuse,NE,319,3.319,40.6635,-96.1827
65293,TRAILS WEST SINCLAIR,US-34 & SR-25,Trenton,NE,475,3.499,40.1747,-101.0136
65294,PRIME STOP,ST 35,Wayne,NE,470,3.244,42.2379,-97.0101
65296,CIRCLE K #4707214,"I-93, EXIT 12S & I-89 & SR-3A",Bow,NH,170,4.199,43.13203,-71.54924
65299,EPPING FUELING CENTER,SR-27 & SR-125,Epping,NH,125,4.029,43.03342,-71.07423
65308,SUNOCO,SR-17,East Rutherford,NJ,115,3.19233333,40.8179,-74.0854
65310,Edison Fuel Stop,US-1,Edison,NJ,115,3.159,40.51872,-74.4121
65314,Union 76,"I-55, EXIT 50A",Richwood,NJ,150,3.399,39.7139,-75.1731
65315,SUNOCO- RICHARD STOCKTON PLAZA #7009,NJ TURNPIKE MILE POST 58.7,Trenton,NJ,115,3.899,40.2237,-74.7641
65319,PHILLIPS 66,US-30,Clementon,NJ,150,3.199,39.8046,-74.985
65320,PILOT #891,"I-80, EXIT 27B",Ledgewood,NJ,105,4.099,40.8769,-74.6724
65328,THIND TRAVEL PLAZA,SR-20,North Bergen,NJ,115,3.259,40.80427,-74.01208
65329,UTE MOUNTAIN TRAVEL CENTER,US-160 & US-491,Towaoc,CO,810,3.45733333,37.2126,-108.7265
65332,BETTY ROSS TRUCK STOP /BP,US-130 & SR-73,Pennsauken,NJ,150,3.329,39.95622,-75.05795
65334,SUNOCO,US 22 WEST,Phillipsburg,NJ,115,3.329,40.6894,-75.1821
65335,CONOCO,US-22,Phillipsburg,NJ,90,3.359,40.6894,-75.1821
65338,SWIFT FUEL STOP,"I-78, EXIT 13",Newark,NJ,115,3.879,40.7245,-74.1725
65339,US GAS & DIESEL,US-46,Ridgefield,NJ,115,3.229,40.8313,-74.0147
65343,ENRITE,"I-287, EXIT 4",South Plainfield,NJ,115,3.999,40.5748,-74.4152
65345,SOUTH BRUNSWICK VALERO,US-130,North Brunswick,NJ,115,3.16566666,40.454,-74.482
65350,Phillips 66,"I-295, EXIT 1",Vineland,NJ,150,3.359,39.4653,-74.9981
65351,RIGGINS TRUCK PLAZA,"I-55, EXIT 26",Vineland,NJ,150,3.269,39.4653,-74.9981
65353,SUNOCO- GROVER CLEVELAND TRAVEL PLAZA #7014,"NORTH NJ TNPK, EXIT 11",Woodbridge,NJ,115,3.899,40.5576,-74.28459
65359,ROAD RUNNER TRAVEL CENTER,"I-25, EXIT 156",Lemitar,NM,580,3.299,34.1551,-106.9122
65360,Roswell #60,US-285,Roswell,NM,593,3.36566666,33.373,-104.5294
65361,BLACK MESA TRAVEL CENTER,"I-25, EXIT 252",Algodones,NM,580,3.269,35.3804,-106.4731
65365,CHEVRON #381125,US-95,Hawthorne,NV,966,4.079,38.5253,-118.626
65373,CHAMPLAIN PETERBILT FUEL MART,"I-87, EXIT 43",Champlain,NY,39,3.799,44.98643,-73.44653
65377,PETROL 9 W,US-9W,Glenmont,NY,12,3.699,42.6048,-73.76957
65379,MIRABITO #74,"SR-79 N/I-88E, EXIT 6",Harpursville,NY,12,4.659,42.17841,-75.62463
65381,NATIVE PRIDE,"I-90, EXIT 58 & US-20",Irving,NY,38,2.999,42.56756,-79.11282
65381,NATIVE PRIDE,"I-90, EXIT 58 & US-20",Irving,NY,38,2.899,42.56756,-79.11282
65383,M AND M ALLEGANY JUNCTION,"I-86/SR-17, EXIT 23 & US-219/US-219 BUS",Limestone,NY,38,3.129,42.0229,-78.6331
65386,MIRABITO #73,"I-88, EXIT 12",Otego,NY,12,3.999,42.3973,-75.1735
65387,MAPLEFIELDS,SR-22 & SR-442,Peru,NY,235,3.799,44.57838,-73.5268
65392,CIRCLE K #4707622,"I-90, EXIT 41",Seneca Falls,NY,220,3.999,42.91062,-76.79662
65395,BELLSTORES #132,US-30 & SR-60,Ashland,OH,249,3.499,40.8668,-82.3156
65398,QUICK FUEL #2306,"I-480, EXIT 12",Brookpark,OH,305,3.669,41.4036,-81.8219
65400,NORTHSIDE FUEL STOP,US-30 & SR-19,Bucyrus,OH,411,3.50733333,40.8054,-82.9719
65406,MOBIL,"I-90/SR-2, EXIT 182B",Cleveland,OH,305,3.76566666,41.4764,-81.6805
65411,CLARKS PUMP N SHOP #10,SR- 32,Jackson,OH,315,3.699,39.0448,-82.6458
65415,SPEEDWAY #9314,US-20 & SR-21,Massillon,OH,249,3.48233333,40.7838,-81.5254
65423,BARNEYS CONVENIENCE MART #15,"I-75, EXIT 195 & I-90, EXIT 64 & SR-795",Rossford,OH,550,3.599,41.5812,-83.5682
65426,CIRCLE K #4705357,US-23 & SR-316,Ashville,OH,315,3.089,39.7238,-82.9575
65431,QUICK MART AND MORE,US-22 & SR-43,Steubenville,OH,573,3.639,40.3653,-80.6519
65441,HUTCH'S #103,SR-6 & SR-66,Elk City,OK,483,2.969,35.3862,-99.4301
65444,TXB #24 dba Kwik Chek Food Stores,US-70,Hugo,OK,253,2.969,34.0118,-95.5115
65445,QWIK CHEQUE,US-70 & SR-37,Idabel,OK,253,3.199,33.904,-94.8285
65451,Petes #15,US-169 & SR-88,Oologah,OK,560,3.159,36.4438,-95.7089
65457,THACKERSVILLE TRAVEL PLAZA,"I-35, EXIT 1",Thackerville,OK,253,2.93233333,33.7936,-97.142
65490,PILOT TRAVEL CENTER #422,"I-85, EXIT 41 & US-29",Newnan,GA,18,3.699,33.3767,-84.7761
65490,PILOT TRAVEL CENTERS #422,"I-85, EXIT 41 & US-29",Newnan,GA,18,3.699,33.3767,-84.7761
65494,FLYING J TRAVEL PLAZA #633,"I-20, EXIT 138",Union Point,GA,135,3.859,33.6178,-83.0751
65513,GETGO #3602,"I-76, EXIT 146 & I-99, EXIT 1 & US-220",Bedford,PA,14,4.09233333,40.01869,-78.50391
65514,ONVO TRAVEL PLAZA,"I-78, EXIT 13 & SR- 501",Bethel,PA,70,3.34733333,40.47454,-76.29134
65518,KWIK FILL #239,ST 51,Crescent,PA,165,3.799,40.55,-80.19
65521,RUTTERS #17,US-15 & SR-234,East Berlin,PA,70,4.294,39.9368,-76.9793
65522,TURKEY HILL #950324,US-322 & SR-23/SR-897,East Earl,PA,208,3.78566666,40.1101,-76.03272
65523,SAC SHOP #512,US-30,Everett,PA,14,4.099,40.0132,-78.3666
65524,SAC SHOP #514,I-76/I-70 & US-30,Everett,PA,14,4.099,40.0132,-78.3666
65525,SHELL,"I-95, EXIT 46A & US-1",Fairless Hills,PA,160,3.899,40.1783,-74.8524
65527,SUNOCO SERVICE STATION,"I-81, EXIT 5",Greencastle,PA,70,3.899,39.7907,-77.7267
65530,7-ELEVEN #40284,"I-76, EXIT 19/247",Hershey,PA,70,3.96733333,40.2806,-76.6458
65532,PILOT TRAVEL CENTERS #1,"I-80,  EXIT 173",Mill Hall,PA,14,4.01566666,41.1045,-77.4888
65533,LIBERTY EXXON,US-15 & SR-414,Liberty,PA,138,3.699,40.3243,-79.859
65537,SHEETZ #048,US-22,Nanty Glo,PA,14,3.51733333,40.47229,-78.83336
65538,WELMART,"SR-28, EXIT 16",Natrona Heights,PA,165,4.19233333,40.6234,-79.7298
65549,T&C MINI MART,SR-33 & SR-191,Stockertown,PA,90,3.699,40.7547,-75.2627
65552,A PLUS MINI MARKET,US-1 & SR-132,Feasterville Trevose,PA,160,3.899,40.14,-74.99
65556,RUTTERS #60,US-30 & SR-116,York,PA,70,4.249,39.9651,-76.7315
65572,CIRCLE K #2705377,"I-20, EXIT 22 & US-1",Aiken,SC,135,3.129,33.5303,-81.7271
65573,SPEEDWAY/7fleet #4587,US-501,Aynor,SC,205,3.124,34.0002,-79.2071
65578,CIRCLE K #2723355,US-52,North Charleston,SC,42,3.399,32.9067,-80.0722
65587,HOT SPOT #2022,US-25/US-76,Honea Path,SC,30,2.909,34.4476,-82.395
65588,SPEEDWAY #2836,US-17,Johns Island,SC,42,3.069,32.769,-80.102
65593,CIRCLE K #2723441,"I-82, EXIT 73 & SR-773",Prosperity,SC,210,3.11566666,34.2121,-81.5329
65594,PILOT #4567,I-77 EXIT 77,Rock Hill,SC,46,3.149,34.9415,-81.0241
65598,LEES QUICK STOP,US-52 & SR-45,Saint Stephen,SC,42,3.41566666,33.4047,-79.9264
65603,JET TRUCK PLAZA,"I-29, EXIT 47",Beresford,SD,530,3.159,43.0797,-96.7803
65604,SHELL,"I-29, EXIT 132",Huron,SD,455,3.359,44.3623,-98.2094
65608,ZIP TRIP #81,"I-29, EXIT 62 & US-18",Lennox,SD,530,3.204,43.3495,-96.8937
65614,281 TRAVEL CENTER,US-281,Wolsey,SD,571,3.089,44.4105,-98.4738
65622,QUICK STOP #34,US-11/SR-1,Bristol,TN,405,3.299,36.5572,-82.2154
65624,Sudden Service #61,SR-149 & SR-46,Cumberland City,TN,460,3.564,36.3828,-87.6403
65625,Chevron,US-64,Fayetteville,TN,460,3.754,35.149,-86.5634
65629,CASEYS GOODSTOP #4036,"I-40, EXIT 355",Kingston,TN,405,3.164,35.8713,-84.4959
65639,SPEEDWAY #7138,"I-24, EXIT 70 & SR-102",Smyrna,TN,460,3.049,35.9687,-86.5264
65641,ALLSUPS CONVENIENCE STORE #2331,I-20 & FM 600,Abilene,TX,575,2.87566666,32.4543,-99.7384
65652,CIRCLE K #2706343,"I-20, EXIT 428",Fort Worth,TX,630,2.969,32.7817,-97.3474
65659,ALLSUPS CONVENIENCE STORE #2169,US-287,Chillicothe,TX,770,2.89566666,34.256,-99.5144
65666,FUEL CITY #2,"I-30, EXIT 45B/I-35E",Dallas,TX,630,2.96566666,32.7935,-96.7667
65667,ALLSUPS CONVENIENCE STORE #2103,US-287/US-81,Decatur,TX,630,2.899,33.2263,-97.5875
65671,SUPER STOP #22,SR-87 & SR-12,Orange,TX,610,3.439,30.1226,-93.7607
65673,PILOT #894,US-57 & US-277,Eagle Pass,TX,693,3.899,28.7125,-100.484
65674,VALLEY MART #09,US-277,Eagle Pass,TX,740,3.199,28.7125,-100.484
65678,ONE9 #1300,US-287 & SR-34,Ennis,TX,630,2.869,32.3254,-96.6347
65683,ALLSUPS CONVENIENCE STORE #2225,US-60,Friona,TX,585,2.999,34.6394,-102.723
65686,CEFCO #2004,"I-35 , EXIT 499",Vernon,TX,770,2.86066666,34.1479,-99.3
65690,CIRCLE G TRUCK STOP,US-183 & SR-97,Gonzales,TX,595,2.799,29.5126,-97.4472
65691,CIRCLE K #2704037,US-90/SR-97 & US-183,Gonzales,TX,595,2.904,29.5126,-97.4472
65721,Paradise RV & Truck Park,US-287/US-81,Alvord,TX,770,2.81566666,33.3569,-97.696
65724,STRIPES 7FLEET #42427,US-385 & SR-191,Odessa,TX,710,3.289,31.8801,-102.3448
65728,RIVER MART,US-281/SR-241,Pharr,TX,639,3.349,26.1685,-98.1904
65738,CIRCLE K #2741499,SR-35 & FM-1069,Rockport,TX,625,2.80566666,28.029,-97.0722
65755,CIRCLE K #2723373,US-11 & SR-622,Atkins,VA,185,3.349,36.8659,-81.4045
65759,XPRESS STOP,US-522 & SR-694,Cross Junction,VA,60,3.33233333,39.32038,-78.29334
65761,NEW DIXIE MART #15,US-58 & SR-671,Franklin,VA,180,3.099,36.6831,-76.9386
65762,7-ELEVEN #34516,"I-66, EXIT 6",Front Royal,VA,60,3.52566666,38.926,-78.1838
65764,LEESBURG CITGO,US-15,Leesburg,VA,60,3.499,39.1057,-77.5544
65765,FOSTERS CONVENIENCE STORE,US-29 & SR-685,Rustburg,VA,185,3.599,37.2712,-79.0962
65767,STATELINE FOOD MART #69,US-23,Pound,VA,44,3.599,37.126,-82.6071
65770,JOLLEY #136,"I-89, EXIT 21",Alburgh,VT,39,3.539,44.98,-73.3
65771,CITGO,"I-91, EXIT 3 & US-5",Brattleboro,VT,12,3.67233333,42.85092,-72.55787
65789,BEAR CREEK CITGO,US-45 & SR-76/SR-22,Bear Creek,WI,360,3.439,44.5313,-88.7275
65791,EDGAR TRAVEL CENTER,SR-29 & CR-H,Edgar,WI,395,3.559,44.9229,-89.9626
65793,KWIK TRIP #921,SR-13 & SR-21,Friendship,WI,420,3.274,43.972,-89.8203
65794,BP,"I-43, EXIT 180",Green Bay,WI,360,3.349,44.5148,-87.9895
65796,ADDISON STATION,"I-41/US-41, EXIT 68 & CR-K",Hartford,WI,444,3.149,43.3223,-88.3784
65800,BP,US-45,Kewaskum,WI,444,3.219,43.5177,-88.2306
65804,KWIK TRIP #628,US-45,Larsen,WI,582,3.43233333,44.19165,-88.624
65805,HI WAY HOP BP,"I-42/US-41, EXIT 85 & SR-67",Lomira,WI,444,3.099,43.5946,-88.4421
65806,SHELL,US-41 & SR-67,Lomira,WI,444,3.389,43.5946,-88.4421
65809,KWIK TRIP #399,SR-21 & SR-80,Necedah,WI,395,3.249,44.0233,-90.0717
65810,HIGHWAY HARRY'S,I-90/I-94 EXIT 61 & SR-80,New Lisbon,WI,420,3.17233333,43.8781,-90.1624
65812,PLAINFIELD PLAZA,SR-73 & I-39,Plainfield,WI,395,3.29066666,44.2175,-89.4969
65813,KWIK TRIP #683,"I-39, EXIT 92 & US-51",Portage,WI,420,3.249,43.5489,-89.4658
65814,Kracheys BP Truck Stop,US-18 & SR-35,Prairie Du Chien,WI,420,3.574,43.0429,-91.1372
65817,TREGO TRAVEL CENTER,US-53 & CR-E,Trego,WI,545,3.58233333,45.9048,-91.8287
65818,KWIK TRIP #1048,"I-90, EXIT 12",West Salem,WI,515,3.31733333,43.8989,-91.0882
65820,KWIK TRIP #673,"I-90 & SR-19, EXIT 131",Windsor,WI,420,3.254,43.21833,-89.34151
65822,RSTORE #4499,US-45 & SR-29,Wittenberg,WI,395,3.15566666,44.827,-89.1664
65824,CHANEYS SERVICE STATION,US-30 & SR-2,Chester,WV,165,3.799,40.6129,-80.5628
65828,PAR MAR FOOD STORE #52,US-50 & CR-50/16,West Union,WV,430,4.099,39.2963,-80.7751
65831,Hat Six Travel Center,"I-25/US-87, EXIT 182 & SR-253/SR-256",Evansville,WY,790,3.999,42.868,-106.2524
65835,SOUTHSIDE TRAVEL CENTER,US-20/SR-789,Thermopolis,WY,790,3.799,43.6479,-108.2139
65836,PILOT TRAVEL CENTERS #434,"I-35W, EXIT 65",Fort Worth,TX,630,3.264,32.7817,-97.3474
65837,PILOT TRAVEL CENTERS #455,"I-71, EXIT 140",Marengo,OH,315,3.719,40.4008,-82.811
65842,AM PM TRAVEL CENTER,US-1/SR-4,Blythe,GA,135,3.599,33.3011,-82.2025
65847,ROAD RANGER #132,"I-57, EXIT 240",Champaign,IL,280,3.509,40.1142,-88.2737
65847,ROAD RANGER #132,"I-57, EXIT 240",Champaign,IL,280,3.409,40.1142,-88.2737
65847,ROAD RANGER #132,"I-57, EXIT 240",Champaign,IL,280,3.549,40.1142,-88.2737
65847,ROAD RANGER #132,"I-57, EXIT 240",Champaign,IL,280,3.449,40.1142,-88.2737
65848,Mobil,I-475,Flint,MI,342,3.199,43.0236,-83.6921
65849,PS FOOD MART #1034,"I-94, EXIT 110 & US-27",Marshall,MI,431,3.459,42.2618,-84.9598
65849,PS FOOD MART #1034,"I-94, EXIT 110 & US-27",Marshall,MI,431,3.499,42.2618,-84.9598
65849,PS FOOD MART #1034,"I-94, EXIT 110 & US-27",Marshall,MI,431,3.429,42.2618,-84.9598
65849,PS FOOD MART #1034,"I-94, EXIT 110 & US-27",Marshall,MI,431,3.549,42.2618,-84.9598
65857,PILOT TRAVEL CENTERS #199,"I-20, EXIT 33",Haughton,LA,745,3.14566666,32.5277,-93.5041
65858,SPEEDWAY #6661,"I-94, EXIT 40  & US-20 & US-35",La Porte,IN,465,3.599,41.6069,-86.7142
65859,SPEEDWAY #6662,US-20 & SR-15,Bristol,IN,465,3.549,41.7184,-85.8228
65860,LOVES TRAVEL STOPS #283,"E I-30 & FM 549, EXIT 70",Rockwall,TX,630,3.049,32.9169,-96.4374
65860,LOVES TRAVEL STOP #283,"E I-30 & FM 549, EXIT 70",Rockwall,TX,630,3.109,32.9169,-96.4374
65862,PILOT TRAVEL CENTERS #396,"I-81, EXIT 213",Staunton,VA,185,3.659,38.1593,-79.0611
65863,VALERO,SR-31,Clinton,NJ,115,3.359,40.63677,-74.90989
65866,FLYING J TRAVEL PLAZA #710,"I-81, EXIT 219",New Milford,PA,200,4.17566666,41.87258,-75.72713
65868,7-ELEVEN #36073,"I-77, EXIT 54 & US-21",Statesville,NC,46,2.879,35.7842,-80.8713
65873,PILOT TRAVEL CENTER #4619,"I-81 & I-77, EXIT 77",Wytheville,VA,185,3.55066666,36.953,-81.0881
65880,MR FUEL DBA ONE9 #1245,"I-55, EXIT 52 & SR-16",Litchfield,IL,574,3.199,39.1954,-89.63
65880,ONE9 MR FUEL #1245,"I-55, EXIT 52 & SR-16",Litchfield,IL,574,3.239,39.1954,-89.63
65880,ONE9 MR FUEL #1245,"I-55, EXIT 52 & SR-16",Litchfield,IL,574,3.299,39.1954,-89.63
65880,ONE9 MR FUEL #1245,"I-55, EXIT 52 & SR-16",Litchfield,IL,574,3.199,39.1954,-89.63
65880,MR FUEL DBA ONE9 #1245,"I-55, EXIT 52 & SR-16",Litchfield,IL,574,3.299,39.1954,-89.63
65883,FLYING J TRAVEL PLAZA #647,"I-64, EXIT 25 & US-41",Haubstadt,IN,340,3.959,38.2039,-87.5751
65885,LOVES TRAVEL STOP #299,"US-75, EXIT 48 & SR-455",Anna,TX,630,3.19733333,33.3472,-96.5508
65909,7-Eleven/7FLEET #40496,"I-81, EXIT 47 & SR-12",Watertown,NY,220,4.149,43.9734,-75.9094
65912,ATOKA FUEL,US-75/US-69/SR-3,Atoka,OK,569,3.179,34.386,-96.1317
65914,CASEYS #2732,US-30 & US-284/SR-2,Grand Island,NE,330,3.149,40.9218,-98.3586
65915,Marathon,"I-94/US-52, EXIT 346 & CR-17",West Fargo,ND,341,3.029,46.8573,-96.9057
65917,CUMBERLAND CORNER MART,SR-90 & US-127,Albany,KY,410,3.574,36.6906,-85.1353
65919,QUICK FUEL #5001,US-78/SR-4,Memphis,TN,435,3.02566666,35.1087,-89.9663
65935,MAIN ST JUNCTION,SR-14 & SR-15,Louisville,MS,705,3.099,33.1224,-89.0553
65962,CIRCLE K #2705937,US-301/SR-35 & SR-50,Dade City,FL,225,3.33233333,28.3565,-82.1942
65969,PILOT  #1105,SR-29 & SR-182,Bunkie,LA,730,3.21233333,30.954,-92.1884
65974,BEACON & BRIDGE #13,"US-127, EXIT 117",Ithaca,MI,342,3.649,43.2911,-84.5956
65978,KWIK TRIP #623,US-61,Minnesota City,MN,515,3.399,44.0923,-91.75
65983,SPEEDWAY #6967,"US-17, EXIT 227 & SR-32",Edenton,NC,130,3.287,36.0579,-76.6008
65989,DANCING EAGLE,"I-40, EXIT 108",Casa Blanca,NM,580,3.359,35.0456,-107.47144
66014,BIG D TRAVEL CENTER,SR-12 & SR-183,Irving,TX,630,2.95566666,32.8583,-96.9702
66015,LOVES TRAVEL STOP #298,"I-35, EXIT 39 & SR-44",Encinal,TX,693,3.589,28.041,-99.3546
66016,FLYING J TRAVEL PLAZA #660,"I-64, EXIT 185 & SR-180",Catlettsburg,KY,255,3.76566666,38.419,-82.6025
66017,FLYING J TRAVEL PLAZA #626,"I-95/SR-9, EXIT 305 & SR-206",Saint Augustine,FL,75,3.449,29.8976,-81.31
66020,LOVES TRAVEL STOP #221,I-70 EXIT 160,Zanesville,OH,315,3.48233333,39.9565,-82.0132
66021,LOVES TRAVEL STOP #238,"I-65, EXIT 116 & SR-480",Shepherdsville,KY,415,3.599,37.9813,-85.7007
66022,PILOT TRAVEL CENTERS #459,"I-10, EXIT 133",Avondale,AZ,930,3.599,33.3873,-112.3235
66022,PILOT TRAVEL CENTER #459,"I-10, EXIT 133",Avondale,AZ,930,3.587,33.3873,-112.3235
66023,SAPP BROS TRAVEL CENTER,"I-29, EXIT 10 & SR-2",Percival,IA,486,3.789,40.7513,-95.8133
66024,LOVES TRAVEL STOPS #239,"I-81/US-11, EXIT 84 & SR-619",Max Meadows,VA,185,3.589,36.9798,-80.9678
66024,LOVES TRAVEL STOP #239,"I-81/US-11, EXIT 84 & SR-619",Max Meadows,VA,185,3.545,36.9798,-80.9678
66025,SPACE AGE TRAVEL CENTER,"I-84, EXIT 183 & SR-207",Hermiston,OR,935,3.33233333,45.8326,-119.2854
66026,FLYING J TRAVEL PLAZA #643,"I-70 & I-57, EXIT 160",Effingham,IL,510,3.349,39.1205,-88.5509
66026,FLYING J TRAVEL PLAZA #643,"I-70 & I-57, EXIT 160",Effingham,IL,510,3.299,39.1205,-88.5509
66026,FLYING J TRAVEL PLAZA #643,"I-70 & I-57, EXIT 160",Effingham,IL,510,3.499,39.1205,-88.5509
66029,Roady's Lucky Deuces,"I-10, EXIT 92 & SR-95",Duson,LA,600,3.03566666,30.2365,-92.193
66030,Colfax Travel Center,"I-80, EXIT 159 & SR-117",Colfax,IA,320,3.149,41.6802,-93.2385
66031,WILCO FAST BREAK,US-61/US-24,Palmyra,MO,494,3.119,39.7978,-91.5265
66034,FAS MART #5134,"I-72, EXIT 144 S",Decatur,IL,280,3.459,39.8557,-88.9342
66034,FAS MART #5134,"I-72, EXIT 144 S",Decatur,IL,280,3.499,39.8557,-88.9342
66035,ROAD RANGER #136,"I-90, EXIT 147",Cottage Grove,WI,420,3.544,43.0922,-89.2054
66036,FLYING J TRAVEL PLAZA #602,"I-65, EXIT 264",Birmingham,AL,615,3.559,33.5279,-86.7971
66037,TA PRESCOTT TRAVEL CENTER,"I-30, EXIT 44",Prescott,AR,635,3.50233333,33.8056,-93.3909
66038,FLYING J TRAVEL PLAZA #1043,"I-15, EXIT 113",Idaho Falls,ID,825,3.799,43.4871,-112.0362
66038,FLYING J #1043,"I-15, EXIT 113",Idaho Falls,ID,825,3.699,43.4871,-112.0362
66039,LOVES TRAVEL STOP #237,"I-20, EXIT 171 & US-65",Tallulah,LA,760,3.259,32.4068,-91.1916
66040,LOVES TRAVEL STOP #272,"I-40 & DW (RANCH RD), EXIT 59",Kingman,AZ,910,3.85566666,35.217,-114.0105
66041,PILOT TRAVEL CENTERS #195,"I-84, EXIT 104 & US-97",Wasco,OR,935,3.86566666,45.5917,-120.6974
66042,FLYING J TRAVEL PLAZA #707,"I-80, EXIT 78",Brookville,PA,14,4.034,41.1615,-79.0827
66043,LOVES TRAVEL STOP #216,US-67 & US-287,Midlothian,TX,630,3.231,32.4669,-96.989
66043,LOVES TRAVEL STOPS #216,US-67 & US-287,Midlothian,TX,630,3.199,32.4669,-96.989
66044,TA TAMPA TRAVEL CENTER,"I-4, EXIT 10",Seffner,FL,225,3.39566666,27.9981,-82.2735
66045,FLYING J TRAVEL PLAZA #698,"I-71, EXIT 69",Jeffersonville,OH,315,3.399,39.6522,-83.555
66046,PETRO STOPPING CENTER #345,I-69 EXIT357,Fremont,IN,550,3.899,41.728,-84.9396
66050,PILOT TRAVEL CENTERS #130,"I-77, EXIT 145",Richfield,OH,305,3.799,41.2354,-81.6421
66051,Caseys #4419,I-165 EXIT 5,Bowling Green,KY,460,3.02566666,36.9716,-86.4378
66054,LOVES TRAVEL STOP #220,"I-25/US-87, EXIT 7 & SR-212",Cheyenne,WY,795,3.709,41.135,-104.7902
66055,WINDMILL BP,"US-20, EXIT 208 & SR-14",Holland,IA,320,3.599,42.4001,-92.7988
66056,PILOT TRAVEL CENTERS #114,"I-40, EXIT 320",Crossville,TN,405,3.24566666,35.9526,-85.0295
66057,ROAD RANGER #205,"I-90, EXIT 1",South Beloit,IL,290,3.469,42.4825,-89.026
66059,TIME OUT TRAVEL CENTER,"I-40, EXIT 432-B",Newport,TN,405,2.96566666,35.9617,-83.1976
66061,FLYING J TRAVEL PLAZA #709,"I-80, EXIT 173",Mill Hall,PA,14,4.01566666,41.1045,-77.4888
66062,FLYING J TRAVEL PLAZA #716,"I-29, EXIT 83",Sioux Falls,SD,530,3.899,43.5396,-96.7311
66065,LOVES TRAVEL STOP #321,"SR 770 & I-75 , EXIT 29",Corbin,KY,410,3.599,36.9323,-84.1006
66068,HOLIDAY STATIONSTORE #2746262,I-175 EXIT 394,Sault Sainte Marie,MI,287,3.799,46.5,-84.35
66069,128 NEWTON GAS,"I-95, EXIT 20A/SR-128 & SR-9",Newton Lower Falls,MA,34,4.299,42.32926,-71.25367
66070,TAURO,"SR-78, EXIT 3",Phillipsburg,NJ,90,3.34233333,40.6894,-75.1821
66072,GENES GO TRUCK STOP,"I-10/US-83, EXIT 456 & US-377",Junction,TX,740,3.289,30.4906,-99.7726
66073,EXXON,"I-24 & HUSBAND ROAD, EXIT 11",Paducah,KY,460,3.15733333,37.0711,-88.644
66074,HEARTLAND XPRESS,US-67 & SR-M,Poplar Bluff,MO,275,3.199,36.7632,-90.4135
66075,CORNER MART #349,"I-26, EXIT 54 & SR-72",Clinton,SC,210,3.099,34.4781,-81.8638
66078,Amoco,I-40 EXIT 447,Hartford,TN,405,3.099,35.81676,-83.14321
66083,KANGAROO CROSSING,SR-35,Kosciusko,MS,705,3.199,33.0585,-89.5893
66090,ROAD RANGER #267,US-281,Pharr,TX,639,3.564,26.1685,-98.1904
66091,KEYSVILLE SAV U TIME,US-360,Keysville,VA,180,3.399,37.039,-78.4804
66093,KWIK TRIP #414,"I-90, EXIT 209A & US-63/SR-30",Stewartville,MN,515,3.55733333,43.8606,-92.4896
66099,NEW JERSEY TRUCK STOP DIESEL ONLY,"I-95, EXIT 15E & US-9/US-1",Kearny,NJ,79,3.759,40.7528,-74.1202
66100,CIRCLE K #2723692,"I-26, EXIT 213",North Charleston,SC,42,3.399,32.9067,-80.0722
66103,TERRIBLE HERBST #243,I-95 & SR-164,Searchlight,NV,910,3.83233333,35.4555,-114.9204
66106,FLYING J TRAVEL PLAZA #509,"I-15, EXIT 112",Beaver,UT,910,3.689,38.2759,-112.6383
66109,QUARTERS TRAVEL PLAZA,"I-49, EXIT 23 & US-167 /SR-744",Opelousas,LA,730,3.184,30.5252,-92.0816
66110,LOVES TRAVEL STOP #479,"I-29, EXIT143",Sioux City,IA,527,3.64233333,42.4959,-96.3901
66111,CROSSROADS EXPRESS,US-36 & US-83,Oberlin,KS,475,3.089,39.823,-100.5308
66113,7-ELEVEN #39467,"I-95, EXIT 16E",Jersey City,NJ,115,3.259,40.7184,-74.0686
66114,LOVES TRAVEL STOP #235,"I-29 & US-169, EXIT 44",Saint Joseph,MO,400,3.33233333,39.7598,-94.821
66115,FLYING J TRAVEL PLAZA #697,"I-80, EXIT 234B",Hubbard,OH,573,3.459,41.1595,-80.5672
66116,ONVO TRAVEL PLAZA - HARFORD,"I-81, EXIT 217 & SR-547",Harford,PA,200,3.589,41.7834,-75.7036
66117,ONVO TRAVEL PLAZA PINE GROVE,"I-81, EXIT 32",Pine Grove,PA,70,3.539,40.5535,-76.386
66119,FLYING J TRAVEL PLAZA #645,"I-270 & SR-11, EXIT 6",Granite City,IL,540,3.699,38.7296,-90.1268
66119,FLYING J TRAVEL PLAZA #645,"I-270 & SR-11, EXIT 6",Granite City,IL,540,3.659,38.7296,-90.1268
66119,FLYING J TRAVEL PLAZA #645,"I-270 & SR-11, EXIT 6",Granite City,IL,540,3.559,38.7296,-90.1268
66119,FLYING J TRAVEL PLAZA #645,"I-270 & SR-11, EXIT 6",Granite City,IL,540,3.579,38.7296,-90.1268
66119,FLYING J TRAVEL PLAZA #645,"I-270 & SR-11, EXIT 6",Granite City,IL,540,3.599,38.7296,-90.1268
66120,LOVES TRAVEL STOP #306,"I-40/SR-66, EXIT 412",Dandridge,TN,405,3.689,36.0284,-83.4308
66121,ROAD RANGER #226,"I-65, EXIT 99",Greenwood,IN,375,3.60066666,39.6019,-86.1073
66122,ROAD RANGER #139,"I-57, EXIT 212",Tuscola,IL,280,3.229,39.7968,-88.2749
66123,ROAD RANGER #225,"I-80, EXIT 56",Princeton,IL,290,3.289,41.3807,-89.464
66123,ROAD RANGER #225,"I-80, EXIT 56",Princeton,IL,290,3.389,41.3807,-89.464
66123,ROAD RANGER #225,"I-80, EXIT 56",Princeton,IL,290,3.449,41.3807,-89.464
66125,LOVES TRAVEL STOP #249,"I-55, EXIT 109",Williamsville,IL,318,3.489,39.9548,-89.5468
66125,LOVES TRAVEL STOP #249,"I-55, EXIT 109",Williamsville,IL,318,3.389,39.9548,-89.5468
66125,LOVES TRAVEL STOP #249,"I-55, EXIT 109",Williamsville,IL,318,3.399,39.9548,-89.5468
66126,LOVES TRAVEL STOP #209,"I-20, EXIT 3 & US-80 & SR-169",Greenwood,LA,745,3.134,32.4359,-93.9643
66131,SPEEDWAY #3446,"I-95, EXIT 10 & SR-440",Edison,NJ,115,3.58566666,40.51872,-74.4121
66133,LOVES TRAVEL STOPS #228,"I-4, EXIT 44",Polk City,FL,225,3.389,28.1805,-81.8296
66133,LOVES TRAVEL STOP #228,"I-4, EXIT 44",Polk City,FL,225,3.461,28.1805,-81.8296
66134,CIRCLE K #2721591,"I-10, EXIT 10 & US-29/SR-95",Pensacola,FL,155,3.22233333,30.4413,-87.1911
66135,CIRCLE K #2721592,"I-10, EXIT 5 & US-90 ALT",Pensacola,FL,155,3.22233333,30.4413,-87.1911
66136,CHOCTAW TRAVEL PLAZA #638,US-270 & US-59 & US-112,Poteau,OK,645,3.299,35.0282,-94.6346
66137,CIRCLE K #2721594,"I-10, EXIT 263",Slidell,LA,725,3.17066666,30.2887,-89.7828
66138,LOVES TRAVEL STOP #307,"I-75, EXIT 201",Jackson,GA,18,3.38566666,33.292,-83.9679
66139,LOVES TRAVEL STOPS #305,"I-81, EXIT 291 & SR-651",Toms Brook,VA,60,3.649,38.9465,-78.44
66139,LOVES TRAVEL STOP #305,"I-81, EXIT 291 & SR-651",Toms Brook,VA,60,3.649,38.9465,-78.44
66141,QUICK FUEL #5102,"SR-826, EXIT NW 58TH ST",Miami,FL,95,3.389,25.784,-80.2101
66142,QUICK FUEL #5106,SR-589 & SR-580,Tampa,FL,225,3.49233333,27.9945,-82.4447
66149,QUICK FUEL #5105,"I-75, EXIT W BRANDON BLVD",Tampa,FL,225,3.50066666,27.9945,-82.4447
66152,Flying J Travel Plaza #656,"I-65, EXIT 95 & CR-500",Whiteland,IN,375,3.959,39.5505,-86.0739
66155,7-ELEVEN #36575,"I-35, EXIT 248",Pflugerville,TX,595,2.899,30.4515,-97.6018
66156,7-ELEVEN #36567,SR-6 & SR-21,Bryan,TX,670,3.144,30.665,-96.3807
66172,Timewise Food Store #163,"I-35, EXIT 8",Laredo,TX,693,2.93566666,27.5625,-99.4874
66173,TIMEWISE FOOD STORE #160,"I-10, EXIT 661",Flatonia,TX,740,3.199,29.6888,-97.1059
66174,TIMEWISE FOOD STORE #162,"I-10, EXIT 456",Junction,TX,740,3.099,30.4906,-99.7726
66176,PILOT #6996,"I-40, EXIT 364",Warsaw,NC,245,3.47233333,34.9994,-78.0928
66177,PILOT #6978,"I-74/I-73/US-220, EXIT 44 & SR-211",Candor,NC,65,3.999,35.2964,-79.7323
66178,LOVES TRAVEL STOP #284,I-69C/US-281 & FM-2812,Edinburg,TX,639,3.11066666,26.3196,-98.1597
66179,LOVES TRAVEL STOP #246,I-80 EXIT 46,Fernley,NV,966,3.91566666,39.5627,-119.1906
66182,CIRCLE K #2706708,"I-185, EXIT 10",Midland,GA,50,3.339,32.57486,-84.82715
66183,CHEVRON CURB STORE,SR-35 & SR-21,Forest,MS,705,3.569,32.3595,-89.4761
66184,HENRIETTA TRUCK STOP,"I-390, EXIT 12 & I-90, EXIT 46",Henrietta,NY,190,3.899,43.05923,-77.61222
66185,TIGERMART OF BUFFALO,"I-45, EXIT 178 & US-79",Buffalo,TX,670,3.599,31.46,-96.066
66186,STRIPES #40813,US-281 & SR-285,Falfurrias,TX,625,3.08733333,27.2243,-98.1452
66195,MOBIL,"I-495, EXIT 26 & SR-62",Berlin,MA,34,3.699,42.3812,-71.63701
66196,EXXON TIGER MART,"I-35, EXIT 386",Italy,TX,630,3.12233333,32.1857,-96.8867
66198,CIRCLE K #2703117,"I-20, EXIT 11",Graniteville,SC,135,3.159,33.5646,-81.8078
66221,ROAD RANGER #236,"I-43, EXIT 38",East Troy,WI,420,3.08233333,42.7846,-88.3973
66223,7-ELEVEN #36548,SR-83,Laredo,TX,693,2.999,27.5625,-99.4874
66224,ROAD RANGER #235,"I-90, EXIT 36",Hampshire,IL,290,3.369,42.1124,-88.5118
66225,ROAD RANGER #140,"I-39, EXIT 72",Mendota,IL,520,3.439,41.5553,-89.1041
66225,ROAD RANGER #140,"I-39, EXIT 72",Mendota,IL,520,3.299,41.5553,-89.1041
66225,ROAD RANGER #140,"I-39, EXIT 72",Mendota,IL,520,3.269,41.5553,-89.1041
66225,ROAD RANGER #140,"I-39, EXIT 72",Mendota,IL,520,3.339,41.5553,-89.1041
66227,Pilot Travel Centers #482,"I-57, EXIT 95",Mount Vernon,IL,574,3.399,38.314,-88.9174
66227,Pilot Travel Center #482,"I-57, EXIT 95",Mount Vernon,IL,574,3.599,38.314,-88.9174
66227,Pilot Travel Center #482,"I-57, EXIT 95",Mount Vernon,IL,574,3.459,38.314,-88.9174
66227,Pilot Travel Center #482,"I-57, EXIT 95",Mount Vernon,IL,574,3.359,38.314,-88.9174
66229,LOVES TRAVEL STOP #308,"I-40, EXIT 86 & SR-226",Marion,NC,210,3.739,35.6777,-82.0017
66230,PETRO COLBY TRUCKSTOP,"I-70, EXIT 53 & SR-25",Colby,KS,525,3.599,39.3848,-101.0452
66235,LOVES TRAVEL STOP #291,"I-75, EXIT 95 & SR-627",Richmond,KY,410,3.599,37.7307,-84.2925
66236,LOVES TRAVEL STOP #309,"I-80, EXIT 332 & SR-14",Aurora,NE,330,3.289,40.8645,-98.0078
66237,ROUTE 66 TRAVEL CENTER,"I-40, EXIT 140",Albuquerque,NM,580,3.359,35.1054,-106.6465
66238,BETTY BEAVERS TRUCKSTOP,"I- 90, EXIT 29",Canajoharie,NY,12,3.599,42.90563,-74.57181
66239,Hola,US-27/SR-80/SR-25,South Bay,FL,95,3.419,26.677,-80.7265
66241,PUMP & PANTRY #29,US-30,Central City,NE,330,3.33733333,41.1134,-98.0008
66242,PUMP & PANTRY #23,"US-34, EXIT 4TH AVE",Holdrege,NE,330,3.449,40.4394,-99.3773
66243,CIRCLE K #4707000,SR-9,Baileyville,ME,170,3.899,45.14,-67.35
66244,STRIPES #40809,"I-37, EXIT 56",George West,TX,625,3.044,28.33,-98.1183
66247,GULF OIL #5045,I-90 EXIT 83,Charlton,MA,34,3.909,42.13565,-71.97007
66248,CIRCLE K #4707046,"I-95, EXIT 6",Scarborough,ME,170,3.909,43.57814,-70.32172
66249,CIRCLE K #4707206,SR-125,Epping,NH,170,3.76733333,43.03342,-71.07423
66250,SPEEDWAY #6973,US-1,Wake Forest,NC,177,2.949,35.9632,-78.514
66252,CIRCLE K #4707023,US-1A,Holden,ME,170,3.73233333,44.75285,-68.67892
66255,CIRCLE K #4707217,US-2 & SR-16,Gorham,NH,170,3.75066666,44.38784,-71.17313
66257,LOVES TRAVEL STOP #310,"I-80/US-30, EXIT 173",Wamsutter,WY,795,3.723,41.668,-107.9792
66257,LOVES TRAVEL STOPS #310,"I-80/US-30, EXIT 173",Wamsutter,WY,795,3.759,41.668,-107.9792
66258,CIRCLE K #4707208,"I-93, EXIT 23",New Hampton,NH,170,3.659,43.60563,-71.65424
66259,CEFCO #48,"I-35, EXIT 304",Temple,TX,765,2.96566666,31.1068,-97.3891
66261,CIRCLE K #2723123,"I-95, EXIT 71",Dunn,NC,205,3.14233333,35.3114,-78.6129
66263,One9 SPEEDWAY #6753,"I-78, EXIT 1",Fleetwood,PA,208,3.83233333,40.4565,-75.8209
66266,7-ELEVEN #40508,"I-80, EXIT 90",Elkhart,IN,465,3.999,41.6916,-85.9627
66267,TA DEMOTTE TRAVEL CENTER,"I-65, EXIT 230",Demotte,IN,365,3.44733333,41.19504,-87.19864
66272,MOOSETRACKS #752,"I-85, EXIT 113",High Point,NC,63,3.114,35.991,-79.9937
66273,PETRO STOPPING CENTER,"I-59, EXIT 181 & US-77",Gadsden,AL,615,3.999,34.0086,-86.0157
66274,FLYING J TRAVEL PLAZA #692,"I-80, EXIT 352 & US-93",Wells,NV,835,3.709,41.1132,-114.9535
66278,PILOT TRAVEL CENTERS #394,"I-84, EXIT 6",Newburgh,NY,32,4.359,41.50343,-74.01042
66284,JOLLEY #150,"I-89, EXIT 19",Saint Albans,VT,39,3.539,44.8119,-73.0849
66285,QUIKTRIP #787,"I-675, EXIT 5",Ellenwood,GA,18,3.109,33.61011,-84.28798
66286,CASEYS #4205,"I-40/75, EXIT 374",Knoxville,TN,405,3.099,35.9692,-83.9496
66290,ABBYLAND TRUCK STOP,"SR-29, EXIT 127",Curtiss,WI,395,3.46233333,44.9521,-90.435
66292,LOVES TRAVEL STOP #311,"I-20, EXIT 9",Waco,GA,18,3.39066666,33.7026,-85.1893
66293,One9 #254,"I-24, EXIT 169",Wildwood,GA,285,3.099,34.9706,-85.4078
66294,FLYING J TRAVEL PLAZA #667,"I-69, EXIT 81SB / I-96, EXIT 9",Grand Ledge,MI,406,3.959,42.7534,-84.7448
66295,LOVES TRAVEL STOP #432,"I-94/I-41,  EXIT 322 & SR-100",Oak Creek,WI,444,3.867,42.8803,-87.9009
66295,LOVES TRAVEL STOPS #432,"I-94/I-41,  EXIT 322 & SR-100",Oak Creek,WI,444,3.879,42.8803,-87.9009
66299,XTRA MART #10093,SR-146,Millbury,MA,175,3.649,42.19398,-71.76007
66300,PILOT TRAVEL CENTERS #149,"I-40, EXIT 42 & SR-222",Stanton,TN,435,3.509,35.4613,-89.4012
66301,KWIK TRIP #743,US-10 & SR-114,Menasha,WI,582,3.50733333,44.2125,-88.4271
66303,KWIK TRIP #787,US-51 & CR-JJ,Schofield,WI,395,3.41566666,44.9152,-89.6144
66307,CM ST HELENA,SR-16,Amite,LA,600,3.399,30.72657,-90.50898
66310,FLYING J #620,"I-70, EXIT 49",Smithton,PA,165,4.109,40.1538,-79.7424
66313,LOVES TRAVEL STOP #313,"I-55, EXIT 58  & SR-80",Matthews,MO,275,3.27733333,36.7584,-89.5688
66314,PS FOOD MART #1042,"US-23, EXIT 17",Dundee,MI,325,3.429,41.9642,-83.6636
66314,PS FOOD MART #1042,"US-23, EXIT 17",Dundee,MI,325,3.499,41.9642,-83.6636
66314,PS FOOD MART #1042,"US-23, EXIT 17",Dundee,MI,325,3.459,41.9642,-83.6636
66314,PS FOOD MART #1042,"US-23, EXIT 17",Dundee,MI,325,3.599,41.9642,-83.6636
66315,SPEEDWAY #6748,"I-94, EXIT 34 & US-421",Michigan City,IN,465,3.68233333,41.7092,-86.869
66316,CASEYS #4204,SR-168,Knoxville,TN,405,3.259,35.9692,-83.9496
66317,LOVES TRAVEL STOP #314,I-24 EXIT 89,Christiana,TN,460,3.46233333,35.7193,-86.4129
66318,ROAD RANGER #242,"I-44, EXIT 163",Saint Robert,MO,540,3.264,37.8244,-92.1532
66319,ROAD RANGER #211,I-90 & RIVERSIDE BLVD,Loves Park,IL,520,3.469,42.3364,-88.9975
66320,SPEEDWAY #8772,"I-69, EXIT 168 & SR-53",Imlay City,MI,342,3.779,43.0171,-83.0771
66322,LOVES TRAVEL STOP #318,"I-57, EXIT 83 & CR-42",Ina,IL,574,3.489,38.1499,-88.904
66322,LOVES TRAVEL STOP #318,"I-57, EXIT 83 & CR-42",Ina,IL,574,3.589,38.1499,-88.904
66322,LOVES TRAVEL STOP #318,"I-57, EXIT 83 & CR-42",Ina,IL,574,3.389,38.1499,-88.904
66323,PILOT TRAVEL CENTERS #905- TOWN PUMP,"I-90, EXIT 109",Milltown,MT,820,3.609,46.87131,-113.88177
66328,LOVES TRAVEL STOP #320,"I-16/SR-404, EXIT 49 & SR-257",Dublin,GA,85,3.33233333,32.536,-82.928
66329,CIRCLE K #2723438,"I-85, EXIT 96",Gaffney,SC,210,3.199,35.0743,-81.6552
66332,PWI #172,"I-45, EXIT 258",Palmer,TX,630,2.77566666,32.4258,-96.6724
66334,Hucks Travel Center #052,"I-24/I-69, EXIT 40 & US-641/US-62/SR-93",Kuttawa,KY,490,3.699,37.0593,-88.115
66337,ZIP TRIP #60,"I-25, EXIT 299 & US-16/SR-196",Buffalo,WY,836,3.58066666,44.3427,-106.7139
66338,SHELL,"I-30, EXIT 160 & US-271/SR-49 & US-67",Mount Pleasant,TX,723,3.899,33.1586,-94.9727
66339,PILOT DEALER #873,US-27,Miami,FL,176,3.699,25.784,-80.2101
66339,PILOT TRAVEL CENTERS #873,US-27,Miami,FL,176,3.699,25.784,-80.2101
66341,7-ELEVEN #218,"I-44, EXIT 4",Harrold,TX,770,2.68733333,34.0756,-99.0271
66342,ONE9 #398,"I-75, EXIT 109",Vienna,GA,10,3.109,32.0926,-83.7868
66346,PILOT TRAVEL CENTERS #247,"I-74, EXIT 39 & SR-32",Crawfordsville,IN,375,3.899,40.0428,-86.8976
66346,PILOT TRAVEL CENTER #247,"I-74, EXIT 39 & SR-32",Crawfordsville,IN,375,3.899,40.0428,-86.8976
66348,PIT STOP,I-40 EXIT 221,Wheatley,AR,695,2.999,34.9212,-91.1063
66349,CIRCLE K #2741796,"I-40, EXIT 5",Little Rock,AR,695,3.36566666,34.7256,-92.3577
66352,KWIK TRIP #871,"US-41, EXIT 124 & SR-76",Oshkosh,WI,582,3.29066666,44.0227,-88.5619
66353,MOTOMART #3361,"I-55, EXIT 129",Perryville,MO,540,2.989,37.7263,-89.8759
66355,CIRCLE K #2723439,"I-26, EXIT 5",Campobello,SC,30,3.13233333,35.126,-82.1488
66357,LOVES TRAVEL STOP #351,"I-80 & E 8TH RD, EXIT 81",Utica,IL,290,3.289,41.34059,-89.01008
66357,LOVES TRAVEL STOP #351,"I-80 & E 8TH RD, EXIT 81",Utica,IL,290,3.449,41.34059,-89.01008
66357,LOVES TRAVEL STOP #351,"I-80 & E 8TH RD, EXIT 81",Utica,IL,290,3.589,41.34059,-89.01008
66357,LOVES TRAVEL STOP #351,"I-80 & E 8TH RD, EXIT 81",Utica,IL,290,3.389,41.34059,-89.01008
66361,SHADY NOOK,US-61/US-49,Lyon,MS,655,3.999,34.2169,-90.543
66362,TA FLORENCE TRAVEL CENTER,"I-95, EXIT 164 & US-52",Florence,SC,46,3.32566666,34.178,-79.7898
66363,LOVES TRAVEL STOP #178,"US-35/KS TPKE, MM 26",Belle Plaine,KS,570,3.329,37.3934,-97.2795
66364,SHELL,"I-4, EXIT 64",Plant City,FL,225,3.44733333,28.014,-82.1201
66365,LIBERTY,US-202,Ringoes,NJ,230,3.399,40.4327,-74.8722
66368,PETRO STOPPING CENTER #371,"I-90, EXIT 41",Waterloo,NY,190,4.19566666,42.90479,-76.86274
66369,LOVES TRAVEL STOP #319,"I-74, EXIT 61",Pittsboro,IN,375,3.889,39.8705,-86.4654
66370,SPEEDWAY #6979,US-301,Wilson,NC,177,3.129,35.7311,-77.9284
66371,RAPIDES STATION TRUCK STOP,"I-49, EXIT 94",Boyce,LA,730,3.099,31.3907,-92.67
66372,CEFCO #54,"I-35, EXIT 292",Belton,TX,765,2.95233333,31.0525,-97.479
66374,BROOKSHIRE BROS #6111,US-259,Nacogdoches,TX,618,3.369,31.6134,-94.6528
66376,SUBS AND GRUBS,"I-63, EXIT 39",Jonesboro,AR,435,3.389,35.8212,-90.6791
66377,QUIKTRIP #873,"I-35W, EXIT 42",Fort Worth,TX,630,2.97566666,32.7817,-97.3474
66382,STATELINE CONOCO,"I-35, EXIT 114",Eagleville,MO,320,3.549,40.4685,-93.9862
66383,TENAHA EXPRESS MART,US-96 & US-84,Tenaha,TX,618,3.299,31.944,-94.2457
66385,TA EXPRESS MINDEN,"I-20, EXIT 52",Minden,LA,745,3.114,32.6187,-93.2762
66386,SPEEDWAY #4631,US-220,Bassett,VA,185,3.41566666,36.7615,-79.9866
66388,Gas n Go,"I-75, EXIT 117 AT MILE 117",Pinehurst,GA,85,3.099,32.1956,-83.7596
66392,MISSILE MART #10,"I-40, EXIT 161",El Dorado,AR,635,3.499,33.2184,-92.664
66393,VILLAGE PANTRY #5210,"I-74, EXIT 206",Oakwood,IL,280,3.199,40.1101,-87.7769
66393,VILLAGE PANTRY #5210,"I-74, EXIT 206",Oakwood,IL,280,3.299,40.1101,-87.7769
66393,VILLAGE PANTRY #5210,"I-74, EXIT 206",Oakwood,IL,280,3.179,40.1101,-87.7769
66396,CIRCLE K #2723988,"I-55, EXIT 61 & SR-38",Kentwood,LA,600,3.299,30.9339,-90.5153
66399,CIRCLE K #2723672,"I-59/I-20, EXIT 128",Birmingham,AL,615,3.699,33.5279,-86.7971
66400,PWI #640,"I-10/US-95, EXIT 5",Ehrenberg,AZ,900,3.359,33.6175,-114.4883
66404,QUICK FUEL #5302,"I-635, EXIT 14",Garland,TX,637,3.08733333,32.91,-96.6304
66405,FLYING J FUEL STOP #668,"I-75, EXIT 151",Saginaw,MI,260,3.289,43.4199,-83.9501
66405,FLYING J FUEL STOP #668,"I-75, EXIT 151",Saginaw,MI,260,3.399,43.4199,-83.9501
66405,FLYING J FUEL STOP #668,"I-75, EXIT 151",Saginaw,MI,260,3.599,43.4199,-83.9501
66405,FLYING J FUEL STOP #668,"I-75, EXIT 151",Saginaw,MI,260,3.489,43.4199,-83.9501
66406,LOVES TRAVEL STOP #317,"I-95, EXIT 4 & SR-629",Skippers,VA,180,3.801,36.61182,-77.54665
66406,LOVES TRAVEL STOPS #317,"I-95, EXIT 4 & SR-629",Skippers,VA,180,3.789,36.61182,-77.54665
66407,CIRCLE K #2723668,SR-35,Fort Payne,AL,615,3.649,34.4559,-85.6965
66410,SIBLEY FOOD FUEL,US-72/SR-20 & CR-150,Courtland,AL,615,3.399,34.6703,-87.326
66416,DUCK THRU FOOD STORE #18,US-13,Winton,NC,130,3.56233333,36.3899,-76.935
66420,PILOT TRAVEL CENTER #911,I-90 EXIT 47,Superior,MT,820,3.559,47.1935,-114.892
66422,PLAQUEMINE TRUCK STOP,ST 1,Plaquemine,LA,600,3.999,30.2833,-91.243
66424,CIRCLE K #2741652,"I-10, EXIT 139",Phoenix,AZ,930,3.369,33.5722,-112.0892
66425,CLARK OIL #31,"I-10, EXIT 44",Biloxi,MS,620,2.849,30.4426,-88.9514
66428,SHELL,US-167,Hensley,AR,695,3.589,34.5068,-92.2069
66437,PILOT #4596,"I-81, EXIT 4",White Pine,TN,405,3.699,36.1087,-83.297
66439,JACK FLASH,I-55,Farmersville,IL,574,3.259,39.4412,-89.6521
66439,JACK FLASH,I-55,Farmersville,IL,574,3.199,39.4412,-89.6521
66440,BP CONNECT #4701,I-55,Chicago,IL,290,3.569,41.8375,-87.6866
66447,CIRCLE K #4701207,"U-55, EXIT 220",Dwight,IL,399,3.349,41.0983,-88.4249
66448,HAMMOND TRAVEL CENTER,"I-55, EXIT 31B & US-190/SR-3260",Hammond,LA,600,3.099,30.5061,-90.4563
66449,CITGO,"I-55, EXIT 67",Blytheville,AR,435,3.389,35.9321,-89.9051
66451,EZ MART #304,M-57,Middleton,MI,406,3.699,43.18337,-84.70889
66454,Fast Stop Shell,I-10,Reserve,LA,600,3.799,30.0741,-90.5557
66456,TEXACO #383124,SR-70,Saint James,LA,623,2.969,30.0185,-90.8513
66460,CASH MAGIC BROUSSARD NORTH,"I-49, EXIT 103",Broussard,LA,600,3.399,30.1396,-91.954
66461,YESWAY #1167,US-62 & CR-41/CR-168,Ropesville,TX,700,3.04066666,33.4133,-102.1552
66465,Knapp Truck Stop,"I-64, EXIT 50 & SR-127",Nashville,IL,574,3.299,38.3541,-89.377
66470,CIRCLE K #9068,"I-65, EXIT 181",Millbrook,AL,720,3.21566666,32.5027,-86.3737
66472,DIAMOND #21,"I-65, EXIT 54",Atmore,AL,715,3.259,31.0927,-87.4762
66474,FAMCO EXPRESS,"I-690, EXIT 8",Syracuse,NY,235,3.299,43.0407,-76.1437
66475,SPEEDWAY #4346,SR-7,Calexico,CA,900,4.799,32.6849,-115.4944
66478,LOVES TRAVEL STOP #175,"I-70, EXIT 187",Tecumseh,KS,553,3.289,39.0419,-95.5807
66480,LOVES TRAVEL STOP #360,"I-65, EXIT 58 & SR-218 & SR-335",Horse Cave,KY,415,3.429,37.1738,-85.9146
66487,COMPASS,"I-55, EXIT 282",La Grange,IL,290,3.549,41.8072,-87.8741
66487,COMPASS,"I-55, EXIT 282",La Grange,IL,290,3.749,41.8072,-87.8741
66488,HUCKS FOOD & FUEL #54,I-74,Farmer City,IL,280,3.339,40.248,-88.6423
66488,HUCKS FOOD & FUEL #54,I-74,Farmer City,IL,280,3.269,40.248,-88.6423
66495,SUPER SAVER EXPRESS,"I-10, EXIT 21",Sulphur,LA,690,2.999,30.2286,-93.3566
66496,EXXON FUEL EXPRESS,"I-10/SR-8, EXIT 31 & SR-87",Milton,FL,155,3.999,30.6286,-87.0522
66502,SHOP RITE #82,"I-10, EXIT 64",Jennings,LA,690,3.589,30.2233,-92.6582
66504,COUNTRY BOYS COUNTRY STORE,"I-10, EXIT 813",Hankamer,TX,610,2.86566666,29.85828,-94.62686
66507,ST IGNACE TRUCKSTOP,I-75,Saint Ignace,MI,287,3.799,45.8694,-84.7258
66508,SAMS SUNOCO,I-75,Toledo,OH,550,3.399,41.6638,-83.5827
66509,FOUR STAR FOOD MART,"I-75, EXIT 122",Lima,OH,411,3.144,40.741,-84.112
66512,MARATHON #1554,"I-75, EXIT 21",Newport,MI,325,3.299,42.00227,-83.30854
66512,MARATHON #1554,"I-75, EXIT 21",Newport,MI,325,3.399,42.00227,-83.30854
66513,SUNRISE STORE,"I-75, EXIT 212",West Branch,MI,260,3.399,44.2737,-84.2362
66513,SUNRISE STORE,"I-75, EXIT 212",West Branch,MI,260,3.199,44.2737,-84.2362
66514,BIGFOOT TRAVEL CENTER,"I-75, EXIT 29",Hahira,GA,10,3.099,30.9941,-83.3786
66516,ADEL TRUCK PLAZA,"I-75, EXIT 39",Adel,GA,10,2.999,31.1264,-83.4229
66517,ADMIRAL PETROLEUM #5796,"I-75, EXIT 392",Sault Sainte Marie,MI,287,3.799,46.5,-84.35
66518,Racetrac #2622,"I-75, EXIT 60",Valdosta,GA,75,3.03233333,30.8502,-83.2788
66523,LOVES TRAVEL STOP #325,"I-75, EXIT 59 & SOUTHWELL BLVD",Tifton,GA,10,3.609,31.4624,-83.5203
66525,BP,"I-76, EXIT 6",Luna Pier,MI,550,3.399,41.8049,-83.4426
66525,BP,"I-76, EXIT 6",Luna Pier,MI,550,3.499,41.8049,-83.4426
66527,TA EXPRESS #648,"I-76, EXIT 90A",Brush,CO,800,4.099,40.2598,-103.6323
66528,GO MART FOOD STORE #99,US-50 & SR-14,Parkersburg,WV,430,3.489,39.2623,-81.542
66529,7-ELEVEN #36076,"I-77, EXIT 73 & US-421",Hamptonville,NC,65,2.899,36.09847,-80.76035
66531,MIDWAY EXXON TRAVEL CENTER,"I-78, EXIT 16",Bethel,PA,70,3.359,40.47454,-76.29134
66532,PETRO PLAZA,"I-78, EXIT 17",Hampton,NJ,115,3.26566666,40.70704,-74.956
66534,LOVES TRAVEL STOP #347,"I-70, EXIT 101 & SR-5",Boonville,MO,310,3.509,38.9587,-92.7472
66537,BECKS EXPRESS MART #26,"I-80, EXIT 19",Geneseo,IL,270,3.269,41.4509,-90.154
66538,KUM & GO #0023,"I-80, EXIT 23",Neola,IA,486,3.15733333,41.4498,-95.6173
66539,SOUTH RIDGE FARM MARKET,"I-80, EXIT 6",Clyde,OH,550,3.399,41.3044,-82.9781
66547,OLD STONE JIFFY MART,"I-81, EXIT 321",Clear Brook,VA,60,3.599,39.25649,-78.09611
66548,YESWAY #1156,US-84 & SR-289,Lubbock,TX,700,2.95066666,33.5657,-101.8879
66550,CIRCLE K #2709663,"I-82, EXIT 730",Umatilla,OR,982,3.639,45.9119,-119.3133
66552,GEM STOP,I-84,Marsing,ID,785,3.58566666,43.5466,-116.8094
66553,JACKSONS FOOD STORE #83,"I-84, EXIT 304",Baker City,OR,982,3.599,44.7749,-117.832
66556,PILOT TRAVEL CENTER #899- SLIP IN,I-85,South Hill,VA,180,3.959,36.7254,-78.1287
66560,Sunoco,"I-85, EXIT 11",Townville,SC,30,3.199,34.56371,-82.89848
66562,TA EXPRESS FAIR PLAY,"I-85, EXIT 4",Fair Play,SC,16,3.209,34.5077,-82.9862
66564,SPEEDWAY #6954,US-70,High Point,NC,65,3.049,35.991,-79.9937
66565,KWIK FILL #395,"I-86, EXIT 12",Jamestown,NY,240,4.499,42.0976,-79.2367
66565,KWIK FILL #395,"I-86, EXIT 12",Jamestown,NY,240,4.469,42.0976,-79.2367
66571,LEXINGTON GULF,"I-128, NORTH MASS PIKE",Lexington,MA,34,4.299,42.44732,-71.2245
66573,Brake Time Corner Market,"I-135, EXIT 14",Wichita,KS,570,3.299,37.6895,-97.3443
66579,GULF OIL LP #5010,"I-90, EXIT 2",Lee,MA,215,3.914,42.30425,-73.24816
66582,PWI #807,"I-15, EXIT 163 & SR-99",Fillmore,UT,835,3.374,38.9642,-112.3386
66584,MOAPA PAIUTE TRAVEL CENTER,"I-15, EXIT 75",Moapa,NV,910,3.33233333,36.6758,-114.62082
66586,CIRCLE K #4707609,US-20 & SR-12,Sangerfield,NY,235,4.099,42.91396,-75.37906
66588,CUBBYS #402,"I-90, EXIT 330",Mitchell,SD,530,3.149,43.7294,-98.0337
66594,FRIENDLY GUS STORE #23,I-16/SR-19,Dublin,GA,85,3.399,32.536,-82.928
66595,GULF OIL LP #5040,"I-90, EXIT 9",Charlton,MA,34,3.909,42.13565,-71.97007
66597,BP,"I-16, EXIT 90 & US-1",Twin City,GA,195,3.78233333,32.5829,-82.1575
66598,WOODSHED LL,I-166 & I-169,S Coffeyville,OK,307,3.099,36.96,-95.6
66601,LOVES TRAVEL STOP #323,"I-69, EXIT 264 & SR-18",Marion,IN,457,3.57566666,40.5497,-85.6604
66603,COFFEE CUP FUEL STOP #7,"I-90, EXIT 406 & SR-11",Brandon,SD,530,2.97733333,43.5928,-96.5799
66604,GALLOPS,"I-90, I-80, EXIT 40",La Porte,IN,370,3.549,41.6069,-86.7142
66606,BART INDUSTRIES,"I-91, EXIT 6",Bellows Falls,VT,215,3.709,43.1344,-72.455
66607,7-ELEVEN #37392,"I-93, EXIT 5",Londonderry,NH,34,3.799,42.86509,-71.37395
66608,CASEYS #2650,I-94/US-52 EXIT 135 & CR-173,Melrose,MN,522,3.179,45.6757,-94.8128
66612,STOP N GO #1709,"I-94, EXIT 105",Hixton,WI,295,3.23733333,44.3831,-91.0147
66613,LOVES TRAVEL STOP #362,"I-10, EXIT 7 & SR-3063",Vinton,LA,690,3.30566666,30.1957,-93.5818
66614,MARATHON,"I-94, EXIT 212A",Detroit,MI,325,3.899,42.3834,-83.1024
66614,MARATHON,"I-94, EXIT 212A",Detroit,MI,325,3.699,42.3834,-83.1024
66615,KWIK TRIP #396,"I-94, EXIT 295",Waukesha,WI,444,3.399,43.0087,-88.2464
66618,CIRCLE K #2723378,I-95,Sumter,SC,42,3.159,33.9392,-80.393
66620,Shell,"I-95, EXIT 130",Ashland,VA,180,3.264,37.7597,-77.4716
66622,DUNCAN TRUCK STOP,"I-95, EXIT 15",Jersey City,NJ,115,3.409,40.7184,-74.0686
66624,Sunoco,"I-95, EXIT 25",Croydon,PA,160,3.659,40.0911,-74.8975
66625,EXIT 43 QUICK STOP,"I-95, EXIT 43",Richmond,ME,170,3.76566666,44.0873,-69.79893
66628,Chevron,"I-95, EXIT 5 & US-17",Hardeeville,SC,42,3.00733333,32.2949,-81.0321
66631,SPEEDWAY #3589,I-96,Lake Odessa,MI,342,3.599,42.7824,-85.1374
66632,SHELL FOOD MART AND TRUCKSTOP,I-985,Gainesville,GA,16,3.399,34.2902,-83.8294
66635,C  BARN,US-67,Park Hills,MO,540,3.049,37.8211,-90.505
66637,BERKLYS TRAVEL CENTER,US-281,Round Mountain,TX,595,3.31566666,30.4299,-98.3607
66640,Kent Kwik #928,US-82/SR-6 & SR-5/SR-25,Brent,AL,615,3.099,32.9421,-87.1753
66643,DEERFIELD TRAVEL CENTER,"I-55, EXIT 8",Steele,MO,275,2.97566666,36.0903,-89.8402
66645,ALLSUPS #2390,"I-20/US-84, EXIT 270",Merkel,TX,575,2.87566666,32.4698,-100.0111
66648,CHEVRON,"I-20, EXIT 113",Bessemer,AL,615,3.099,33.3712,-86.9728
66649,CHOCTAW TRAVEL PLAZA #637,US-59 & CR-E1452,Heavener,OK,645,3.299,34.8919,-94.6075
66659,MARATHON,SR-37,Mitchell,IN,415,3.599,38.7369,-86.4755
66664,CASEYS #3294,"I-380/SR-27, EXIT 43 & SR-150",Urbana,IA,380,3.449,42.2286,-91.8867
66667,CIRCLE K #4701408,"I-36, EXIT 99",Rochelle,IL,520,3.499,41.9197,-89.0629
66668,ACME TRUCK STOP,"I-4, EXIT 96",Orlando,FL,140,3.399,28.4773,-81.337
66669,CIRCLE K #2726032,I-40,Jacksonville,FL,75,3.429,30.3322,-81.6749
66670,SPEEDWAY #7930,"I-40, 1126 N MAIN ST",Lillington,NC,63,3.759,35.4001,-78.8138
66671,CIRCLE K #2723686,US-72,Scottsboro,AL,285,3.26566666,34.6438,-86.0491
66673,MARATHON,SR-72,Huntsville,AL,615,2.979,34.6981,-86.6412
66676,HUTCH'S #118,"I-40, EXIT 108",Watonga,OK,483,3.099,35.8691,-98.4166
66678,NKS ROYAL TRUCKSTOP,"I-40, EXIT 16",Gallup,NM,580,3.119,35.5182,-108.7431
66680,BIG TOP TRAVEL CENTER,"I-20, EXIT 157",Delhi,LA,760,2.969,32.4529,-91.49
66683,SUPERSTOP Shell,"I-40, EXIT 192",Stuttgart,AR,695,3.41566666,34.4952,-91.5487
66689,ROSCOE TRAVEL PLAZA,"I-20, EXIT 235",Roscoe,TX,575,2.759,32.4419,-100.5322
66693,Allsup Marketplace #2400,"I-40, EXIT 356",San Jon,NM,585,3.059,35.1113,-103.3364
66705,7-ELEVEN,"I-44, EXIT 1/US-287",Wichita Falls,TX,770,2.76066666,33.9072,-98.5291
66709,CIRCLE K #2709343,"I-24, EXIT 169",Wildwood,GA,285,3.14566666,34.9706,-85.4078
66715,7-Eleven #34210,"I-25/US-87, EXIT 240 & SR-119",Longmont,CO,800,3.189,40.1686,-105.1005
66717,Fast Stop Travel Centers #1131,"I-25/US-87, EXIT 80",Wheatland,WY,795,3.499,42.0517,-104.9595
66718,Bartonville SHELL,"I-474, EXIT 6",Peoria,IL,368,4.299,40.752,-89.6154
66720,MOUNTAIN ENERGY #126,"I-26, EXIT 13",Hendersonville,NC,210,2.84566666,35.3247,-82.4575
66721,USA SPEEDTRAC,"I-49US-167, EXIT 11",Grand Coteau,LA,730,3.399,30.4202,-92.0438
66725,SPEEDWAY #9662,I-264,Louisville,KY,415,3.029,38.1663,-85.6485
66728,CIRCLE K #2723706,"I-81/US-52, EXIT 72 & I-77, EXIT 41",Wytheville,VA,185,3.349,36.953,-81.0881
66734,Marathon,"I-675, Exit 7",Ellenwood,GA,18,3.009,33.61011,-84.28798
66737,THE JUNCTION,US-59 & US-73,Atchison,KS,400,3.279,39.5625,-95.1367
66738,TREX MART #9,I-29,Dearborn,MO,400,2.999,39.5252,-94.7738
66739,ZIP TRIP #64,I-29,Brookings,SD,530,3.399,44.3022,-96.7859
66741,DEANS LANE VALERO,I-295,Monmouth Junction,NJ,230,3.14566666,40.3754,-74.5582
66742,DEEP WATER TRUCK STOP,"I-295, EXIT 2C",Penns Grove,NJ,230,3.279,39.7275,-75.4691
66746,CASEYS #4246,"I-30, EXIT 123",Bryant,AR,695,3.03233333,34.6152,-92.4914
66747,LOVES TRAVEL STOP #322,"I-90, EXIT 3",Roscoe,IL,290,3.789,42.4256,-89.0084
66749,BIG RIVER #18,"I-310 EXIT 2, & US-61",Saint Rose,LA,725,3.099,29.9649,-90.3088
66750,LOVES TRAVEL STOP #177,I-35,El Dorado,KS,336,3.25566666,37.821,-96.8613
66751,FAST N FRIENDLY,"I-35, EXIT 132",Emporia,KS,336,3.65733333,38.4028,-96.1932
66756,CASEYS #2550,"I-35, EXIT 33 & US-34",Osceola,IA,320,3.339,41.0304,-93.784
66760,LOVES TRAVEL STOP #326,I-26 EXIT 154A,Orangeburg,SC,135,3.389,33.4928,-80.8671
66761,SPEEDWAY #4589,US-501 & SR-90,Conway,SC,205,3.064,33.8401,-79.0431
66762,EXXON TIGER MART #44,"US-45,  EXIT 249",Ennis,TX,637,3.099,32.3254,-96.6347
66763,SPEEDWAY #7998,US-52 & US-74,Wadesboro,NC,46,3.64566666,34.9645,-80.0746
66765,STRIPES #40736,US-77/US-83,Olmito,TX,598,2.999,26.0233,-97.5379
66767,SPRINT MART #49,"I-22/US-78, EXIT 87 & SR-811",Tupelo,MS,742,2.99233333,34.2692,-88.7318
66769,PETRO STOPPING CENTER #344,"I-95, EXIT 3",Kingsland,GA,75,3.649,30.8194,-81.7216
66771,FLYING J TRAVEL PLAZA #727,"I-69C/US-281, EXIT 8 & FM-1925",Edinburg,TX,639,3.084,26.3196,-98.1597
66773,STRIPES 7FLEET #42475,US-62,Hobbs,NM,700,3.459,32.7281,-103.16
66774,Clark #4667,"I-80/I-90, EXIT 39 & SR-109",Delta,OH,550,3.699,41.5754,-84.0091
66775,GO MART,US-33 & CR-116,Rockbridge,OH,315,3.499,39.5861,-82.5262
66776,S&G #77,US-224 & US-23,Alvada,OH,411,3.259,41.05033,-83.40187
66778,LOVES TRAVEL STOP #169,"I-44, EXIT 179 & US-377/SR-99",Stroud,OK,560,3.144,35.7686,-96.6467
66780,DIAMOND #20,"I-65, EXIT 93 & SR-84",Evergreen,AL,720,3.399,31.4342,-86.9723
66784,Texaco #384529,US-80/SR-8 & SR-14,Selma,AL,720,3.299,32.4166,-87.0336
66785,WINFIELD TRUCK STOP,SR-129,Winfield,AL,615,3.659,33.9334,-87.7961
66786,Circle K #2741791,"I-40, EXIT 175 & SR-31",Lonoke,AR,695,3.139,34.7906,-91.9072
66787,TEXACO,"I-59, EXIT 67B",Hattiesburg,MS,620,3.06566666,31.3074,-89.317
66788,CIRCLE K #4703626,"I-75, EXIT 60 & SR-68",Sweetwater,TN,285,3.289,35.6029,-84.4716
66793,CIRCLE K #2723693,"I-526, EXIT 19 & SR-10-60",Charleston,SC,42,2.97566666,32.8168,-79.9687
66795,FUEL MART #645,"I-90, EXIT 353",Spencer,SD,530,3.499,43.7273,-97.5911
66796,ROYAL FARMS #109,US-13 & SR-404,Bridgeville,DE,243,3.259,38.7251,-75.6029
66799,ONE9 #1403,"I-75/SR-93, EXIT 451 & US-129",Jasper,FL,10,3.259,30.5061,-82.954
66799,SHELL DBA ONE9 #1403,"I-75/SR-93, EXIT 451 & US-129",Jasper,FL,10,3.244,30.5061,-82.954
66800,CIRCLE K #2743950,I-35,San Antonio,TX,740,2.804,29.4632,-98.5238
66801,SUNSTOP #330,"I-75, EXIT 460 & SR-6",Jennings,FL,75,3.299,30.5968,-83.107
66802,MOBIL,US-27 & SR-66,Sebring,FL,140,3.459,27.477,-81.453
66803,Stripes,FM-2061 & FM-3072,Pharr,TX,639,3.16566666,26.1685,-98.1904
66804,PWI #586,"I-80, EXIT 104  & US-191",Rock Springs,WY,835,3.199,41.5947,-109.2209
66805,CIRCLE K #2723553,US-27,Ringgold,GA,285,3.07566666,34.9136,-85.1215
66807,QUICK FUEL #5303,"I-35E, EXIT 436A",Dallas,TX,637,3.04566666,32.7935,-96.7667
66809,CASEYS #3449,SR-78,Wapello,IA,380,3.349,41.1773,-91.1881
66810,QUICK FUEL #3145,SR-83,Bensenville,IL,290,3.509,41.9579,-87.9442
66810,QUICK FUEL #3145,SR-83,Bensenville,IL,290,3.449,41.9579,-87.9442
66810,QUICK FUEL #3145,SR-83,Bensenville,IL,290,3.539,41.9579,-87.9442
66812,FAMILY EXPRESS #47 (DISCOUNT AVAILABLE),"I-65, EXIT 201 & US-24/US-231",Remington,IN,375,3.55233333,40.7667,-87.1391
66813,MCCLURE OIL #59,I-69 EXIT 259,Gas City,IN,457,3.639,40.4887,-85.5944
66815,MAXS #132,US-641 N,Murray,KY,490,3.399,36.6146,-88.3207
66816,CIRCLE K #4707082,"I-95, EXIT 132 & SR-139",Fairfield,ME,170,3.899,44.5884,-69.59866
66817,JOLLY TRUCK STOP,US-82/US-287,Wichita Falls,TX,770,2.899,33.9072,-98.5291
66819,ROAD RANGER #265,"I-88, EXIT 54",Dixon,IL,520,3.499,41.8439,-89.4794
66819,ROAD RANGER #265,"I-88, EXIT 54",Dixon,IL,520,3.479,41.8439,-89.4794
66820,CM BREAUX BRIDGE,"I-10, EXIT 109",Breaux Bridge,LA,600,3.299,30.2829,-91.9043
66821,DENTON GOOSE CREEK,SR-404/SR-619,Denton,MD,194,3.259,38.877,-75.8264
66822,WILD BILL'S,I-78,Sherman,MS,435,2.919,34.3611,-88.8387
66824,STRIPES #42435,US-87/US-277,San Angelo,TX,740,2.799,31.4424,-100.4504
66833,STRIPES #5148,US-281,Pharr,TX,639,3.399,26.1685,-98.1904
66834,ROAD RANGER #186,"I-39/US-51, EXIT 27 & SR-2/CR-2200",Minonk,IL,280,3.339,40.9104,-89.0381
66834,ROAD RANGER #186,"I-39/US-51, EXIT 27 & SR-2/CR-2200",Minonk,IL,280,3.439,40.9104,-89.0381
66834,ROAD RANGER #186,"I-39/US-51, EXIT 27 & SR-2/CR-2200",Minonk,IL,280,3.449,40.9104,-89.0381
66838,RUTTERS #96,US-322 & SR-655,Milroy,PA,14,4.05066666,40.7164,-77.587
66843,FLYING J TRAVEL PLAZA #728,"I-10, EXIT 37",El Paso,TX,640,3.09233333,31.8476,-106.43
66844,CIRCLE K #2706984,US-77 & CR-1356,Kingsville,TX,625,2.82233333,27.5094,-97.861
66845,CIRCLE K #2723643,SR-431,Dothan,AL,20,3.58233333,31.2336,-85.407
66846,CIRCLE K #2723664,US-280,Childersburg,AL,615,3.899,33.2962,-86.3456
66847,CIRCLE K #2723667,"I-20, EXIT 185 & SR-21",Oxford,AL,615,2.999,33.5967,-85.8687
66848,CIRCLE K #2723695,"I-55, EXIT 265",Senatobia,MS,435,3.199,34.6081,-89.9762
66850,Stripes,ST 77,Riviera,TX,625,3.12566666,27.2993,-97.7997
66853,LOVES TRAVEL STOP #327,US-77 & FM-1898,Kingsville,TX,625,3.15566666,27.5094,-97.861
66854,TA WAPAKONETA TRAVEL CENTER,"I-75, EXIT 111",Wapakoneta,OH,411,3.28233333,40.5664,-84.1916
66856,Speedway #4800,"I-94, EXIT 183",Clearwater,MN,453,3.199,45.4102,-94.0447
66858,LOVES TRAVEL STOP #328,"I-10, EXIT 162",Chandler,AZ,930,3.469,33.2825,-111.8514
66862,LOVES TRAVEL STOP #330,I-40 EXIT 280 & SR-56,Baxter,TN,460,3.234,36.1536,-85.6348
66863,101 TRAVEL PLAZA,"I-40, EXIT 101 & SR-104",Cedar Grove,TN,435,2.999,35.64424,-86.62611
66865,FLYING J FUEL STOP #741,US-287/US-281/US-82 & SR-473,Wichita Falls,TX,770,3.12566666,33.9072,-98.5291
66867,KWIK STAR #212,"US-61, EXIT 156",Maquoketa,IA,335,3.624,42.059,-90.6649
66868,STRIPES #40604,US-83,Mission,TX,639,2.88233333,26.2039,-98.3256
66869,SPEEDWAY #4630,US-220 BUS & CR-782,Ridgeway,VA,185,3.409,36.5781,-79.8583
66870,PETRO STOPPING CENTER NAPOLEON,"US-24/US-6/CR-3, EXIT 41",Napoleon,OH,550,3.70566666,41.3977,-84.1244
66874,FLYING J TRAVEL PLAZA #733,"I-27, EXIT 4 & US-82",Lubbock,TX,700,3.33233333,33.5657,-101.8879
66876,PILOT TRAVEL CENTERS #156,SR-1633 & SR-813 & SR-9004,Mortons Gap,KY,490,3.629,37.2402,-87.4668
66877,PILOT TRAVEL CENTER #916- TOWN PUMP,US-93 & US-12,Lolo,MT,820,3.609,46.7756,-114.1018
66878,PILOT TRAVEL CENTER #915- TOWN PUMP,"I-90, EXIT 455",Billings,MT,780,3.58066666,45.7891,-108.5526
66879,TA EXPRESS,"I-40, EXIT 101",Atkins,AR,695,3.34066666,35.2414,-92.9465
66880,LOVES TRAVEL STOP #324,I-80 EXIT 242 & SR 339,Mifflinville,PA,138,3.96566666,41.0307,-76.2995
66881,PLAZAGO TRUCKSTOP,US-50/SR-61 & SR-96/SR-14,South Hutchinson,KS,570,3.269,38.0278,-97.9429
66888,LOVES TRAVEL STOP #334,"I-84, EXIT 211 & US-30/SR-24",Heyburn,ID,785,3.89233333,42.5599,-113.7624
66890,CASEYS #4223,US-25E,Middlesboro,KY,405,3.489,36.60842,-83.71658
66892,LOVES TRAVEL STOP #336,"I-94, EXIT 112",Marshall,MI,385,3.489,42.2618,-84.9598
66892,LOVES TRAVEL STOP #336,"I-94, EXIT 112",Marshall,MI,385,3.569,42.2618,-84.9598
66892,LOVES TRAVEL STOP #336,"I-94, EXIT 112",Marshall,MI,385,3.589,42.2618,-84.9598
66892,LOVES TRAVEL STOP #336,"I-94, EXIT 112",Marshall,MI,385,3.649,42.2618,-84.9598
66893,ONE9 #1291,US-287 & CR-174,Bowie,TX,770,2.91233333,33.5566,-97.844
66894,PILOT TRAVEL CENTERS #259,US-69,Muskogee,OK,560,3.32233333,35.7432,-95.3567
66895,TA Express Tonkawa,"I-35, EXIT 40 & US-60",Tonkawa,OK,500,3.294,36.6769,-97.3235
66897,FLYING J TRAVEL PLAZA #604,"I-65, EXIT 158",Hope Hull,AL,720,3.309,32.26986,-86.35719
66898,PILOT TRAVEL CENTERS #384,"I-95, EXIT 58",Colonial Heights,VA,180,3.799,37.265,-77.3969
66899,LOVES TRAVEL STOP #333,"I-77, EXIT 83",Fort Mill,SC,46,3.38066666,35.0061,-80.9389
66900,DODGE CITY PETRO #397,"I-65, EXIT 299 & SR-69",Hanceville,AL,615,3.919,34.0632,-86.7645
66902,CIRCLE K #4707239,SR-103,Warner,NH,170,3.93233333,43.28063,-71.81675
66905,CIRCLE K #4707212,SR-27,Raymond,NH,170,3.759,43.0362,-71.1834
66906,LOVES TRAVEL STOP #331,"I-45, EXIT 272",Hutchins,TX,630,3.10233333,32.6421,-96.7093
66908,CIRCLE K #2723708,"I-81, EXIT 77",Wytheville,VA,65,3.36566666,36.953,-81.0881
66911,LOVES TRAVEL STOP #343,"I-20 & I-59, EXIT 165",Toomsuba,MS,705,3.009,32.4267,-88.51
66912,LOVES TRAVEL STOP #335,"I-15, EXIT 62 & SR-130",Cedar City,UT,910,3.677,37.6834,-113.0956
66912,LOVES TRAVEL STOPS #335,"I-15, EXIT 62 & SR-130",Cedar City,UT,910,3.649,37.6834,-113.0956
66914,FLYING J TRAVEL PLAZA #683,"I-95, EXIT 106",Kenly,NC,205,3.709,35.5885,-78.137
66915,CIRCLE K #2723716,"I-81, EXIT 84",Max Meadows,VA,185,3.46233333,36.9798,-80.9678
66918,MINIT MART #647,"I-39, EXIT 35 & SR-17",Wenona,IL,280,3.549,41.0487,-89.0523
66918,MINIT MART #647,"I-39, EXIT 35 & SR-17",Wenona,IL,280,3.499,41.0487,-89.0523
66920,7-ELEVEN #35562,"I-85, EXIT 32",Charlotte,NC,46,3.379,35.2083,-80.8303
66921,LOVES TRAVEL STOP #338,"I-95/SR-405, EXIT 90 & SR-144",Richmond Hill,GA,195,3.364,31.9012,-81.3125
66922,LOVES TRAVEL STOPS #339,"I-20, EXIT 115 & FM-1882",Odessa,TX,710,3.549,31.8801,-102.3448
66922,LOVES TRAVEL STOP #339,"I-20, EXIT 115 & FM-1882",Odessa,TX,710,3.549,31.8801,-102.3448
66923,LOVES TRAVEL STOP #765,"I-85, EXIT 147",Commerce,GA,16,3.21066666,34.2134,-83.4733
66925,FLYING J TRAVEL PLAZA #714,"I-77, EXIT 73",Rock Hill,SC,46,3.399,34.9415,-81.0241
66927,PILOT TRAVEL CENTER #41,I-64 EXIT 113 SE QUAD,Mount Sterling,KY,410,3.759,38.0648,-83.9472
66927,PILOT TRAVEL CENTERS #41,I-64 EXIT 113 SE QUAD,Mount Sterling,KY,410,3.769,38.0648,-83.9472
66928,FLYING J TRAVEL PLAZA #730,"I-35/US-83, EXIT 13",Laredo,TX,693,3.599,27.5625,-99.4874
66929,FLYING J TRAVEL PLAZA #642,"I-255,  EXIT 17",East Saint Louis,IL,540,3.599,38.6245,-90.15094
66929,FLYING J TRAVEL PLAZA #642,"I-255,  EXIT 17",East Saint Louis,IL,540,3.499,38.6245,-90.15094
66929,FLYING J TRAVEL PLAZA #642,"I-255,  EXIT 17",East Saint Louis,IL,540,3.389,38.6245,-90.15094
66929,FLYING J TRAVEL PLAZA #642,"I-255,  EXIT 17",East Saint Louis,IL,540,3.699,38.6245,-90.15094
66931,CASEYS #3896,"I-380, EXIT 35",Center Point,IA,380,3.449,42.1848,-91.7798
66932,CIRCLE K #4701444,US-34 & SR-164,Monmouth,IL,345,3.449,40.914,-90.6425
66932,CIRCLE K #4701444,US-34 & SR-164,Monmouth,IL,345,3.399,40.914,-90.6425
66935,FRANCIS CREEK TRAVEL PLAZA,SR-41,Francis Creek,WI,444,3.384,44.2006,-87.7209
66937,LOVES TRAVEL STOP #341,"I-44, EXIT 189",Rolla,MO,540,3.30066666,37.9459,-91.7607
66939,KWIK TRIP #416,SR-172 & CR-GV,De Pere,WI,582,3.39066666,44.4308,-88.0785
66941,PILOT TRAVEL CENTERS #367,"I-30, EXIT 87 & 88",Caddo Mills,TX,630,3.169,33.0504,-96.2279
66942,MAVERIK COUNTRY STORE #612,"I-15, EXIT 362",Brigham City,UT,835,3.449,41.5035,-112.0453
66944,LOVES TRAVEL STOPS #316,"I-95, EXIT 273 & US-1",Ormond Beach,FL,75,3.489,29.2985,-81.1014
66944,LOVES TRAVEL STOP #316,"I-95, EXIT 273 & US-1",Ormond Beach,FL,75,3.477,29.2985,-81.1014
66945,PILOT TRAVEL CENTERS #159,"I-64, EXIT 211",Providence Forge,VA,180,3.899,37.44181,-77.04358
66948,CIRCLE K #4707618,"I-481, EXIT 8 & CR-82",East Syracuse,NY,220,3.799,43.0638,-76.0698
66951,BERKLYS TRAVEL CENTER #3,US-377/US-87,Brady,TX,575,3.61566666,31.1322,-99.37
66953,LOVES TRAVEL STOP #355,"I-65, EXIT 16",Memphis,IN,415,3.949,38.4891,-85.7679
66954,LOVES TRAVEL STOP #344,I-240 EXIT 21 & US-78/SR-4,Memphis,TN,435,3.249,35.1087,-89.9663
66955,LOVES TRAVEL STOP #349,"I-8, EXIT 3",Yuma,AZ,900,3.50233333,32.5995,-114.5491
66956,LOVES TRAVEL STOP #348,"I-69/I-24, EXIT 27 & US-62",Calvert City,KY,490,3.689,37.0294,-88.3602
66957,LOVES TRAVEL STOP #346,I-65 EXIT 46 & SR-99,Columbia,TN,460,3.789,35.6238,-87.0484
66959,PILOT TRAVEL CENTERS #388,"I-20 & I-59, EXIT 151",Meridian,MS,705,2.979,32.3846,-88.6896
66961,CIRCLE K #2707020,"I-4, EXIT 32 & US-98/SR-700/SR-35",Lakeland,FL,225,3.414,28.0557,-81.9545
66962,PILOT TRAVEL CENTERS #242,"I-74, EXIT 109",Shelbyville,IN,375,3.999,39.5352,-85.7793
66962,PILOT TRAVEL CENTER #242,"I-74, EXIT 109",Shelbyville,IN,375,3.999,39.5352,-85.7793
66963,SPARTA TRAVEL CENTER,"I-90, EXIT 28",Sparta,WI,420,3.179,43.9377,-90.8131
66964,PILOT TRAVEL CENTERS #239,US-30/US-23,Upper Sandusky,OH,411,3.899,40.8298,-83.2721
66965,EATONTON TRAVEL CENTER,US-441/US/129/SR-24,Eatonton,GA,67,3.249,33.3258,-83.3886
66966,LOVES TRAVEL STOP #352,I-71 EXIT 65,Jeffersonville,OH,315,3.42233333,39.6522,-83.555
66968,FLYING J TRAVEL PLAZA #675,US-136 & SR-27,Wayland,MO,345,3.30566666,40.3963,-91.5755
66972,PETRO STOPPING CENTER #339,"I-90, EXIT 272",Spokane,WA,970,3.999,47.6671,-117.433
66972,PETRO STOPPING CENTER #339,"I-90, EXIT 272",Spokane,WA,970,3.959,47.6671,-117.433
66987,LOVES TRAVEL STOP #354,"US-78 & I-20, EXIT 172",Thomson,GA,135,3.849,33.4679,-82.4968
66993,PILOT TRAVEL CENTERS #198,US-30 & US-31,Plymouth,IN,465,3.869,41.3483,-86.3187
66993,PILOT TRAVEL CENTER #198,US-30 & US-31,Plymouth,IN,465,3.859,41.3483,-86.3187
66994,PILOT TRAVEL CENTERS #303,US-24/US-6 & SR-108,Napoleon,OH,550,3.71066666,41.3977,-84.1244
66995,PILOT TRAVEL CENTERS #322,"I-86, EXIT 37",Bath,NY,190,4.499,42.33702,-77.31776
66997,LOVES TRAVEL STOP #289,"I-20, EXIT 49 & SR-531",Minden,LA,745,3.149,32.6187,-93.2762
67008,TA ST LOUIS EAST TRAVEL CENTER,"I-55, EXIT 18",Troy,IL,574,3.439,38.7268,-89.8977
67008,TA ST LOUIS EAST TRAVEL CENTER,"I-55, EXIT 18",Troy,IL,574,3.619,38.7268,-89.8977
67008,TA ST LOUIS EAST TRAVEL CENTER,"I-55, EXIT 18",Troy,IL,574,3.629,38.7268,-89.8977
67008,TA ST LOUIS EAST TRAVEL CENTER,"I-55, EXIT 18",Troy,IL,574,3.439,38.7268,-89.8977
67008,TA ST LOUIS EAST TRAVEL CENTER,"I-55, EXIT 18",Troy,IL,574,3.489,38.7268,-89.8977
67008,TA ST LOUIS EAST TRAVEL CENTER,"I-55, EXIT 18",Troy,IL,574,3.379,38.7268,-89.8977
67009,PILOT TRAVEL CENTERS #407,"I-35, EXIT 194",Clear Lake,IA,433,3.659,43.1347,-93.374
67009,PILOT TRAVEL CENTER #407,"I-35, EXIT 194",Clear Lake,IA,433,3.659,43.1347,-93.374
67030,LOVES TRAVEL STOP #337,"I-90 & I-35, EXIT 11",Albert Lea,MN,515,4.089,43.6548,-93.3643
67034,LOVES TRAVEL STOP #356,"I-75, EXIT 167",North Baltimore,OH,550,3.34733333,41.1803,-83.6695
67037,LOVES TRAVEL STOP #332,I-71 EXIT 204,Burbank,OH,305,3.689,40.9862,-81.9949
67038,PILOT TRAVEL CENTERS #260,US-82/SR-520 & SR-300,Albany,GA,10,3.799,31.5776,-84.1762
67038,PILOT TRAVEL CENTER #260,US-82/SR-520 & SR-300,Albany,GA,10,3.799,31.5776,-84.1762
67039,ROAD RANGER #145,"I-44, EXIT 275",Fenton,MO,540,3.359,38.5279,-90.4488
67040,FLYING J TRAVEL PLAZA #603,US-431/SR-210 & US-231/SR-1,Dothan,AL,20,3.999,31.2336,-85.407
67041,CIRCLE K #4707040,"I-95, EXIT 133 & US-201",Skowhegan,ME,170,3.72566666,44.76506,-69.71922
67044,PILOT TRAVEL CENTER #1212,"I-10, EXIT 45",Salome,AZ,930,3.959,33.7778,-113.606
67044,PILOT #1212,"I-10, EXIT 45",Salome,AZ,930,3.959,33.7778,-113.606
67047,Circle K #2746490,"I-90, EXIT 332",Mitchell,SD,455,3.064,43.7294,-98.0337
67051,PILOT TRAVEL CENTERS #208,"I-44, EXIT 257",Pacific,MO,540,3.324,38.4809,-90.754
67053,TA LAREDO TRAVEL CENTER,"I-35/US-83, EXIT 13",Laredo,TX,693,3.649,27.5625,-99.4874
67054,LOVES TRAVEL STOPS #436,"I-80, EXIT 118",Salt Lake City,UT,835,3.649,40.7776,-111.9311
67054,LOVES TRAVEL STOP #436,"I-80, EXIT 118",Salt Lake City,UT,835,3.777,40.7776,-111.9311
67055,FLYING J TRAVEL PLAZA #641,I-15,Mccammon,ID,825,3.749,42.6504,-112.1901
67056,Arco,US-2 & US-59,Erskine,MN,355,3.399,47.6651,-96.0139
67057,PILOT TRAVEL CENTERS #146,"I-90, EXIT 12",Castleton On Hudson,NY,12,3.999,42.5332,-73.7491
67058,PILOT TRAVEL CENTERS #368,"I-72, EXIT 144",Decatur,IL,280,3.599,39.8557,-88.9342
67058,PILOT TRAVEL CENTER #368,"I-72, EXIT 144",Decatur,IL,280,3.559,39.8557,-88.9342
67058,PILOT TRAVEL CENTER #368,"I-72, EXIT 144",Decatur,IL,280,3.459,39.8557,-88.9342
67058,PILOT TRAVEL CENTERS #368,"I-72, EXIT 144",Decatur,IL,280,3.499,39.8557,-88.9342
67060,PILOT TRAVEL CENTERS #151,"I-5, EXIT 99NE",Olympia,WA,977,4.599,47.0417,-122.8959
67063,PILOT TRAVEL CENTERS #330,"I-35, EXIT 184 SW",New Braunfels,TX,740,3.399,29.6994,-98.1148
67064,LOVES TRAVEL STOP #385,"I-40, EXIT 101 & US-281",Hinton,OK,483,3.38566666,35.4895,-98.3575
67065,TA GREENWOOD TRAVEL CENTER,"I-20, EXIT 5 & US-79",Greenwood,LA,745,3.16566666,32.4359,-93.9643
67066,LOVES TRAVEL STOP #361,"I-80, EXIT 168",Newton,IA,320,3.76233333,41.6963,-93.0403
67067,LOVES TRAVEL STOP #377,"I-76/US-6, EXIT 31 & SR-52",Hudson,CO,800,3.459,40.0898,-104.621
67069,FLYING J FUEL STOP #621,"I-70, EXIT 359 & US-24",Limon,CO,800,3.899,39.2653,-103.6857
67069,FLYING J TRAVEL PLAZA #621,"I-70, EXIT 359 & US-24",Limon,CO,800,3.874,39.2653,-103.6857
67070,CASEYS #4225,"SR-155N, EXIT 26-A",Nashville,TN,460,3.06233333,36.1715,-86.7842
67071,FAS MART #5154,"I-270, EXIT 3 & SR-3",Hartford,IL,574,3.299,38.8183,-90.0915
67071,FAS MART #5154,"I-270, EXIT 3 & SR-3",Hartford,IL,574,3.279,38.8183,-90.0915
67073,PILOT TRAVEL CENTERS #81,"I-79, EXIT 99",Portersville,PA,165,4.259,40.9243,-80.1469
67075,CM FOREST GOLD,SR-16,Amite,LA,600,3.399,30.72657,-90.50898
67076,CASH MAGIC LUCKY MAGNOLIA,SR-63/SR-16,Denham Springs,LA,600,3.399,30.4743,-90.9593
67077,CASH MAGIC BROUSSARD SOUTH,US-90,Broussard,LA,600,3.399,30.1396,-91.954
67078,CASH MAGIC SILVER FOX,SR-63/SR-16,Denham Springs,LA,600,3.399,30.4743,-90.9593
67081,LOVES TRAVEL STOP #376,"I-85/SR-403, EXIT 28 & SR-54/SR-100",Hogansville,GA,18,3.689,33.1674,-84.9027
67082,PILOT TRAVEL CENTERS #179,"I-81, EXIT 5-B",Hagerstown,MD,22,3.959,39.6401,-77.7217
67085,PILOT TRAVEL CENTERS #210,"I-287, EXIT 66 & SR-17",Mahwah,NJ,105,3.899,41.08871,-74.14376
67086,SPEEDWAY #7945,SR-24,Swansboro,NC,205,3.699,34.6957,-77.1367
67087,SPEEDWAY #8189,"I-40, EXIT 408 & SR-210 & US-117",Rocky Point,NC,245,3.60566666,34.4441,-77.8909
67088,PILOT #4580,"I-26, EXIT 82",Prosperity,SC,30,3.42566666,34.2121,-81.5329
67090,LOVES TRAVEL STOP #373,US-69 & PLATTER RD,Calera,OK,253,3.229,33.9303,-96.4293
67091,SPEEDWAY #7903,SR-211,Raeford,NC,63,3.699,34.9809,-79.2291
67092,SPEEDWAY #8288,US-64 & SR-149,Plymouth,NC,177,3.20733333,35.8588,-76.7487
67094,SPEEDWAY #7943,US-64/SR-49 & US-220,Asheboro,NC,65,3.54233333,35.7158,-79.8127
67095,SPEEDWAY #8297,US-17 & US-17 BYP,Chocowinity,NC,205,3.13233333,35.5148,-77.1017
67096,SPEEDWAY #6997,I-95/US-301,Fayetteville,NC,63,3.39566666,35.085,-78.9772
67097,SPEEDWAY #8298,SR-11/SR-55,Kinston,NC,205,3.353,35.2747,-77.5939
67101,SPEEDWAY #7974,US-601 & SR-24/SR-27,Midland,NC,46,3.429,35.245,-80.5212
67103,SPEEDWAY #8225,US-13/US-17 & US-64,Williamston,NC,205,3.849,35.8465,-77.0661
67106,PILOT TRAVEL CENTER #4656,"I-295, EXIT 3-A & US-460",Disputanta,VA,180,3.57233333,37.1236,-77.2249
67107,SPEEDWAY/7fleet #4595,US-501 & SR-544,Conway,SC,205,3.089,33.8401,-79.0431
67108,SPEEDWAY/7fleet #4594,SR-90,Longs,SC,205,3.309,33.93851,-78.73307
67109,SPEEDWAY #4676,US-13/SR-32,Suffolk,VA,130,3.799,36.6953,-76.6398
67113,COLUMBUS WEST TRAVEL CENTER,"US-151, EXIT 118",Columbus,WI,420,3.119,43.3354,-89.03
67114,SPEEDWAY #1415,"I-57, EXIT 306 & US-45/US-52",Kankakee,IL,280,3.379,41.102,-87.8643
67114,SPEEDWAY #1415,"I-57, EXIT 306 & US-45/US-52",Kankakee,IL,280,3.339,41.102,-87.8643
67115,CIRCLE K #3912,"I-24/SR-27, EXIT 155 & SR-28",Jasper,TN,285,2.889,35.0663,-85.6227
67117,MCCLURE OIL #65,US-31 & SR-38,Cicero,IN,375,3.889,40.1246,-86.0242
67118,ABELS QUIK SHOP #20,US-36 & CR-437,Hannibal,MO,540,3.06566666,39.7098,-91.3939
67119,EASTWAY TRUCKSTOP,SR-80,Somerset,KY,410,3.599,37.0834,-84.6109
67120,LOVES TRAVEL STOP #379,"I-10 & CR 255, EXIT 262 SW",Lee,FL,20,3.789,30.4114,-83.3003
67121,BETTY BEAVERS TRUCKSTOP,"I-88, EXIT 12 & CR-48",Otego,NY,12,3.819,42.3973,-75.1735
67122,WORKMANS TRAVEL CENTER,"I-540, EXIT 24 & SR-282",Alma,AR,735,3.37233333,35.4919,-94.2165
67125,LOVES TRAVEL STOP #370,I-80 EXIT 234,Hubbard,OH,573,3.46566666,41.1595,-80.5672
67126,PILOT TRAVEL CENTERS #366,"I-40, EXIT 85 CHRISTMASVILLE RD",Jackson,TN,435,3.509,35.6538,-88.8354
67127,LOVES TRAVEL STOP #381,"I-65, EXIT 322 & CR-55",Falkville,AL,615,3.849,34.3793,-86.9086
67129,PILOT TRAVEL CENTER #920,"I-70, EXIT 54",Colby,KS,525,3.634,39.3848,-101.0452
67129,PILOT TRAVEL CENTERS #920,"I-70, EXIT 54",Colby,KS,525,3.649,39.3848,-101.0452
67130,Pilot Travel Centers #473,"I-55, EXIT 248 & US-6",Channahon,IL,290,3.499,41.421,-88.2599
67130,Pilot Travel Centers #473,"I-55, EXIT 248 & US-6",Channahon,IL,290,3.359,41.421,-88.2599
67130,Pilot Travel Center #473,"I-55, EXIT 248 & US-6",Channahon,IL,290,3.459,41.421,-88.2599
67130,Pilot Travel Center #473,"I-55, EXIT 248 & US-6",Channahon,IL,290,3.599,41.421,-88.2599
67130,Pilot Travel Centers #473,"I-55, EXIT 248 & US-6",Channahon,IL,290,3.399,41.421,-88.2599
67130,Pilot Travel Center #473,"I-55, EXIT 248 & US-6",Channahon,IL,290,3.399,41.421,-88.2599
67133,LOVES TRAVEL STOP #365,I-80 EXIT 352,Wells,NV,835,3.71566666,41.1132,-114.9535
67137,PILOT TRAVEL CENTERS #485,"I-80, EXIT 173",Winnemucca,NV,966,3.77066666,40.9645,-117.7247
67138,Kum N Go #0561,US-65 & SR-744,Springfield,MO,535,2.899,37.1943,-93.2916
67139,LOVES TRAVEL STOP #383,I-71 EXIT 55 & SR-1039,Sparta,KY,415,3.749,38.6969,-84.9074
67140,Maverik Country Store #5069,I-35 EXIT 133,Ellsworth,IA,320,3.09566666,42.3102,-93.5819
67141,KUM & GO #0022,"I-80, EXIT 182 & SR-146",Grinnell,IA,320,3.19733333,41.7359,-92.7244
67143,ALL AMERICAN STORES #7,US-30,Fort Wayne,IN,370,3.559,41.0888,-85.1436
67149,HOOPS TRAVEL CENTER,I-39 & SR-21,Coloma,WI,395,3.18233333,44.0387,-89.5311
67150,Maverik Country Store #5119,"US-30, EXIT 150",Ames,IA,320,3.08233333,42.0256,-93.6217
67151,CASEYS #2523,"SR-163, EXIT 29 & SR-14",Monroe,IA,320,3.199,41.5189,-93.1038
67155,PILOT TRAVEL CENTER #1219,"I-70, EXIT 61",Vandalia,IL,540,3.699,38.9754,-89.1117
67155,PILOT TRAVEL CENTER #1219,"I-70, EXIT 61",Vandalia,IL,540,3.759,38.9754,-89.1117
67155,PILOT #1219,"I-70, EXIT 61",Vandalia,IL,540,3.699,38.9754,-89.1117
67158,GOLDEN GATE AUTO TRUCK PLAZA,"I-80 , EXIT 32",Sparks,NV,966,3.539,39.5736,-119.7161
67160,LOVES TRAVEL STOPS #378,"I-77, EXIT 132",Ripley,WV,44,3.589,38.8201,-81.7091
67160,LOVES TRAVEL STOP #378,"I-77, EXIT 132",Ripley,WV,44,3.621,38.8201,-81.7091
67162,PILOT TRAVEL CENTERS #495,"I-80 , EXIT 201",Brooklyn,IA,380,3.78566666,41.732,-92.445
67162,PILOT TRAVEL CENTER #495,"I-80 , EXIT 201",Brooklyn,IA,380,3.699,41.732,-92.445
67163,LOVES TRAVEL STOP #358,"I-78, EXIT 23",Hamburg,PA,208,3.85733333,40.5561,-75.9825
67164,FLYING J TRAVEL PLAZA #510,"I-15 , EXIT 188",Scipio,UT,835,3.689,39.249,-112.1045
67165,SOMERSET TRAVEL CENTER,"I-76 , EXIT 110",Somerset,PA,14,4.219,40.0049,-79.0778
67166,Circle K #4705726,US-33,Carroll,OH,315,3.24566666,39.8025,-82.7062
67167,LOVES TRAVEL STOP #372,"I-84, EXIT 374",Ontario,OR,982,3.689,44.0259,-116.976
67168,LOVES TRAVEL STOP #455,"I-70, EXIT 145",Ellis,KS,525,3.623,38.9346,-99.5568
67168,LOVES TRAVEL STOPS #455,"I-70, EXIT 145",Ellis,KS,525,3.689,38.9346,-99.5568
67169,JD ORANGEBURG,US-301/US-601/SR-4,Orangeburg,SC,135,3.34233333,33.4928,-80.8671
67170,FAST TRACK #410,"I-10, EXIT 258",Madison,FL,20,3.749,30.4716,-83.413
67174,KWIK STAR #419,"US-218, EXIT 218",Charles City,IA,433,3.539,43.0646,-92.6745
67175,KWIK STAR #428,SR-9,Cresco,IA,515,3.524,43.3718,-92.1163
67178,KWIK STAR #701,US-63,Denver,IA,565,3.499,42.6683,-92.335
67182,KWIK STAR #817,US-52 & SR-24,Calmar,IA,565,3.579,43.1811,-91.8679
67185,KWIK TRIP #385,SR-19/SR-3,Northfield,MN,451,3.499,44.455,-93.1698
67186,KWIK TRIP #424,SR-15 & CR-26,Fairmont,MN,425,3.399,43.6441,-94.4621
67192,KWIK TRIP #464,US-63,Rochester,MN,515,3.54066666,44.0154,-92.478
67193,KWIK TRIP #609,SR-16 & SR-43,Rushford,MN,515,3.499,43.8132,-91.7538
67195,KWIK TRIP #646,US-169 & CR-53,Blue Earth,MN,425,3.324,43.6409,-94.1005
67196,KWIK TRIP #753,US-14 & SR-42,Eyota,MN,515,3.61566666,43.9883,-92.2321
67200,KWIK TRIP #319,SR-13,Spencer,WI,395,3.47566666,44.7544,-90.2983
67202,KWIK TRIP #328,US-53 & SR-95,Blair,WI,295,3.23733333,44.3083,-91.2426
67204,KWIK TRIP #337,SR-65,New Richmond,WI,451,3.499,45.125,-92.5377
67206,KWIK TRIP #352,US-53,Chippewa Falls,WI,295,3.40733333,44.9358,-91.3902
67207,KWIK TRIP #354,SR-26,Watertown,WI,420,3.37233333,43.1893,-88.7285
67208,KWIK TRIP #363,US-14 & CR-O,Richland Center,WI,420,3.389,43.33471,-90.38679
67209,KWIK TRIP #386,SR-64,Merrill,WI,395,3.499,45.182,-89.6994
67211,KWIK TRIP #392,SR-49/SR-23,Ripon,WI,582,3.39066666,43.8436,-88.8386
67219,KWIK TRIP #455,US-8 & SR-27,Ladysmith,WI,295,3.27233333,45.4606,-91.0973
67220,KWIK TRIP #456,"US-18/151, EXIT 79 & CR-PB",Verona,WI,420,3.579,42.9892,-89.5383
67221,KWIK TRIP #457,"I-41/US-41, EXIT 116 & SR-44/SR-91",Oshkosh,WI,582,3.29066666,44.0227,-88.5619
67223,KWIK TRIP #476,"US-53, EXIT 140",Rice Lake,WI,295,3.43233333,45.4864,-91.7447
67226,KWIK TRIP #494,US-53 & SR-35,Onalaska,WI,515,3.33566666,43.8883,-91.2075
67229,KWIK TRIP #740,SR-15,Hortonville,WI,582,3.509,44.3368,-88.6361
67230,KWIK TRIP #750,US-14/US-61/SR-35,La Crosse,WI,515,3.299,43.8241,-91.2268
67233,KWIK TRIP #807,US-10,Brillion,WI,582,3.36566666,44.1758,-88.0707
67234,KWIK TRIP #847,SR-33 & SR-82/SR-80,Wonewoc,WI,395,3.499,43.6531,-90.2239
67235,FLYING J TRAVEL PLAZA #507,I-35,Jarrell,TX,765,3.22066666,30.8103,-97.6144
67237,OUTPOST TRAVEL CENTER,US-79 & CR-111,Minden,LA,745,3.13233333,32.6187,-93.2762
67239,RELAY STATION,SR-1,Shreveport,LA,745,3.13233333,32.4653,-93.7955
67241,RELAY STATION 3,SR-175,Frierson,LA,745,3.259,32.2486,-93.6895
67242,SPEEDWAY #6940,"I-77, EXIT 85 & SR-268",Elkin,NC,65,2.859,36.2621,-80.8443
67243,LOVES TRAVEL STOP #386,"I-40, EXIT 9 & SR-95",Lake Havasu City,AZ,910,3.92233333,34.5006,-114.3113
67245,SPEEDWAY #4582,US-378,Conway,SC,205,3.089,33.8401,-79.0431
67246,SPEEDWAY #7941,US-17 & SR-24,Jacksonville,NC,245,3.32566666,34.7289,-77.3941
67247,CIRCLE K #4707512,"I-93, EXIT 47",Methuen,MA,170,3.799,42.7262,-71.19089
67248,SPEEDWAY #6962,"I-40, EXIT 303",Garner,NC,177,2.92066666,35.6936,-78.6181
67255,LOVES TRAVEL STOP #393,"I-55, EXIT 13",Mccomb,MS,620,3.239,31.2442,-90.4716
67262,PILOT TRAVEL CENTERS #497,"I-20, EXIT 165",Lincoln,AL,615,3.199,33.5935,-86.1365
67262,PILOT TRAVEL CENTER #497,"I-20, EXIT 165",Lincoln,AL,615,3.109,33.5935,-86.1365
67264,CIRCLE K #4707016,US-1,Princeton,ME,170,3.88233333,45.22341,-67.57222
67265,CIRCLE K #4707048,US-2,Lincoln,ME,170,3.73233333,45.36228,-68.50502
67269,ONVO TRAVEL PLAZA - GOULDSBORO,"I-380, EXIT 13 & SR-507",Gouldsboro,PA,200,3.58566666,41.2429,-75.4449
67271,KWIK TRIP #330,US-169 & SR-25,Belle Plaine,MN,451,3.379,44.6196,-93.7606
67272,PILOT TRAVEL CENTER #922- TOWN PUMP,US-2 & SR-40,Columbia Falls,MT,820,3.649,48.3708,-114.1902
67273,LOVES TRAVEL STOP #396,I-26 EXIT 76,Newberry,SC,30,3.41566666,34.2813,-81.601
67274,KWIK STAR #790,"US-20, EXIT 275 & SR-13",Manchester,IA,335,3.56233333,42.4854,-91.4557
67275,KWIK TRIP #481,US-61,Red Wing,MN,451,3.324,44.5817,-92.6036
67279,LOVES TRAVEL STOP #391,"I-74, EXIT 123",Saint Paul,IN,375,3.989,39.4283,-85.6287
67281,PARKERS SURRENCY #208,US-341/SR-27 & SR-121,Surrency,GA,195,3.58566666,31.7215,-82.1988
67282,RUTTERS #65,"I-81, EXIT 14 & US-11",Chambersburg,PA,70,4.399,39.9315,-77.6556
67283,PILOT #4597,"I-40, EXIT 258/SR-53",Gordonsville,TN,460,3.24566666,36.1817,-85.9324
67284,LOVES TRAVEL STOP #390,"I-80, EXIT 179",North Platte,NE,475,3.45566666,41.1263,-100.7641
67285,CASEY'S #4504,"I-35, EXIT 159 & CR-C47",Dows,IA,433,3.299,42.6592,-93.5012
67292,LOVES TRAVEL STOP #304,"I-59, EXIT 174",Steele,AL,615,3.989,33.937,-86.2004
67293,KWIK TRIP #367,SR-33/CR-A,Fox Lake,WI,582,3.24566666,43.5619,-88.913
67294,MAPLEFIELDS,"I-87, EXIT 42/SR-11",Champlain,NY,300,3.799,44.98643,-73.44653
67296,LOVES TRAVEL STOP #340,"I-15, EXIT 64 & US-93",Las Vegas,NV,910,3.689,36.2333,-115.2654
67297,BAR-B,I-20 EXIT 370 & FM-919,Gordon,TX,637,2.93233333,32.5455,-98.3672
67298,SPEEDWAY #5360,US-42,London,OH,315,3.099,39.8935,-83.4375
67302,KUM & GO #0187,"I-90, EXIT 87",Sherburn,MN,440,3.18733333,43.6549,-94.7275
67303,KUM & GO #0615,"I-29, EXIT 15",Elk Point,SD,527,3.07233333,42.6812,-96.6805
67304,JACKRABBIT JUNCTION,"SR-60, EXIT 51 & CR-A22",Sibley,IA,521,3.26566666,43.4015,-95.743
67305,RELAY STATION,"I-20, EXIT 3",Bethany,LA,745,3.12233333,32.37321,-94.04269
67306,150 QUICK STOP,US-150/SR-605,Bardstown,KY,415,3.17233333,37.8175,-85.455
67307,CMS FUELING CENTER,I-69 EXIT 153 AT MILE 153,Lapeer,MI,342,3.899,43.0447,-83.3253
67308,FUEL STAR,SR-48,New Orleans,LA,619,3.279,30.0687,-89.9288
67311,HOLIDAY STATIONSTORE #2746409,US-53 & CR-13,Duluth,MN,334,3.499,46.7756,-92.1393
67312,RHODES 101 STOP #790,"I-55, EXIT 91",Scott City,MO,275,3.424,37.2243,-89.536
67313,Majors 660 Diboll Truck Plaza,US-59,Diboll,TX,610,2.83233333,31.1873,-94.7833
67316,LOVES TRAVEL STOP #302,US-287 & US-412,Boise City,OK,585,3.40233333,36.7313,-102.5095
67321,LOVES TRAVEL STOP #388,"I-55, EXIT 246 & SR-35",Batesville,MS,655,3.46066666,34.3148,-89.9249
67322,LOVES TRAVEL STOP #398,"US-78, EXIT 81 & SR-178",Tupelo,MS,435,3.88233333,34.2692,-88.7318
67323,PUMP & PANTRY #13,US-281/SR-92,Saint Paul,NE,330,3.30733333,41.2138,-98.4596
67325,LOVES TRAVEL STOP #225,"I-65, EXIT 93 & US-84",Evergreen,AL,720,3.339,31.4342,-86.9723
67329,LOVES TRAVEL STOP #387,"I-85, EXIT 4",Fair Play,SC,16,3.21233333,34.5077,-82.9862
67331,LOVES TRAVEL STOP #227,"I-20 /I-59, EXIT 100 & SR-216",Mc Calla,AL,615,3.159,33.3023,-87.0302
67333,PILOT #880,"I-84, EXIT 1",Montague,NJ,105,3.999,41.30315,-74.7935
67334,KWIK TRIP #338,US-51,Plover,WI,395,3.299,44.4615,-89.5382
67335,TOP STOP MARKET,"I-24, EXIT 111",Manchester,TN,285,3.01566666,35.463,-86.0774
67336,LOVES TRAVEL STOPS #342,"I-37, EXIT 72 & US-281",Three Rivers,TX,740,3.089,28.4668,-98.1784
67336,LOVES TRAVEL STOP #342,"I-37, EXIT 72 & US-281",Three Rivers,TX,740,3.169,28.4668,-98.1784
67337,KWIK TRIP #422,"I-94, EXIT 322",Oak Creek,WI,444,3.744,42.8803,-87.9009
67338,HUTCH'S #114,US-81,Enid,OK,337,2.999,36.4063,-97.87
67340,MCCLURE,I-74 EXIT  34,Crawfordsville,IN,375,3.61566666,40.0428,-86.8976
67341,CASEYS #3898,"US-151, EXIT 49 & CR-E34",Anamosa,IA,380,3.359,42.1091,-91.2758
67342,One9 #1414,"I-81, EXIT 128",Elliston,VA,185,3.24233333,37.2164,-80.2245
67343,EAGLE EXPRESS,US-41,Peshtigo,WI,360,3.399,45.056,-87.7471
67344,DODGE CITY SHELL,"I-65, EXIT 299",Hanceville,AL,615,3.95233333,34.0632,-86.7645
67345,STEELE SERVICE STATION,"I-59, EXIT 174",Steele,AL,587,3.889,33.937,-86.2004
67348,LOVES TRAVEL STOP #389,I-90 EXIT 241,Conneaut,OH,305,3.849,41.9275,-80.5685
67350,DE PERE SUPER STORE,US-41,De Pere,WI,360,3.25566666,44.4308,-88.0785
67356,PRIDE CONVENIENCE STORE,"I-91, EXIT 8 & US-20",Springfield,MA,100,3.559,42.1155,-72.5395
67357,LOVES TRAVEL STOP #353,"I-29, EXIT 62",Fargo,ND,341,3.52566666,46.8651,-96.8292
67358,KWIK TRIP #453,SR-35/SR-65,River Falls,WI,451,3.44733333,44.8609,-92.6247
67359,SAGE HILL TRAVEL CENTER,"I-15, EXIT 89 & US-91",Blackfoot,ID,825,3.569,43.194,-112.3454
67360,BP,"I-95/SR-405, EXIT 49 & SR-251",Darien,GA,195,3.539,31.3568,-81.4314
67361,SUMNER TRUCK STOP,SR-167,Sumner,WA,977,4.299,47.2189,-122.2338
67362,TA Glenrio,"I-40, Exit 369 & SR-392",San Jon,NM,585,3.899,35.1113,-103.3364
67364,KWIK TRIP #373,"I-94, EXIT 295",Waukesha,WI,444,3.45733333,43.0087,-88.2464
67365,KWIK TRIP #491,US-151,Manitowoc,WI,582,3.38233333,44.0991,-87.6812
67366,KWIK TRIP #499,"I-43, EXIT 57",New Berlin,WI,444,3.49066666,42.9726,-88.1291
67367,KWIK TRIP #757,US-14/US-61/SR-27,Viroqua,WI,515,3.359,43.5603,-90.8858
67368,KWIK TRIP #653,"I-39, EXIT 87 & US-51/SR-16",Portage,WI,420,3.274,43.5489,-89.4658
67369,KENOSHA TRAVEL PLAZA,"I-94, EXIT 340/US-41 & SR-142",Kenosha,WI,444,3.719,42.5865,-87.8773
67370,CIRCLE M #43,US-441/US-23/SR-15,Rabun Gap,GA,30,3.549,34.96049,-83.39318
67371,PARAMOUNT TRAVEL PLAZA,"I-30, EXIT 46 & SR-19",Prescott,AR,635,3.379,33.8056,-93.3909
67380,MILLERS TRAVEL CENTER,"I-80, EXIT 1",Wendover,UT,835,3.599,40.7241,-114.025
67381,ENMARKET #875,US-78 & US-21,Branchville,SC,195,3.26566666,33.2517,-80.8161
67382,CORNER PANTRY TRAVEL PLAZA,SR-79 & SR-40,Hermosa,SD,506,3.299,43.8399,-103.193
67383,FRIENDSHIP FOOD MART #96,SR-101/SR- 2,Sandusky,OH,550,3.529,41.4468,-82.7024
67391,SHOEMAKERS SHELL TRAVEL CENTER,I-80 EXIT 395 AT MILE 395,Lincoln,NE,413,3.349,40.8099,-96.6784
67393,LOVES TRAVEL STOP #280,"I-10, EXIT 114",Buckeye,AZ,930,3.569,33.4314,-112.6429
67394,Circle K #2745133,US-23 & SR-38,Waycross,GA,75,3.399,31.2108,-82.3579
67395,KUM & GO #0267,"I-80, EXIT 267 & SR 38",Tipton,IA,380,2.98233333,41.7701,-91.1283
67396,Q C MART,US-61 & CR-E63,Welton,IA,270,3.699,41.9081,-90.5971
67397,EXPRESS LANE #51,I-80 EXIT 93 ROUTE 71,Ottawa,IL,290,3.899,41.3555,-88.8261
67397,EXPRESS LANE #51,I-80 EXIT 93 ROUTE 71,Ottawa,IL,290,3.599,41.3555,-88.8261
67398,CASEYS #3998,SR-13 & HWY-C,Lowry City,MO,400,3.249,38.1401,-93.7275
67400,SPEEDWAY #3547,I-75 & 696,Lima,OH,411,3.499,40.741,-84.112
67401,QUIKTRIP #973,"I-45, EXIT 272",Hutchins,TX,630,2.88233333,32.6421,-96.7093
67402,TA EXPRESS HOT SPRINGS,US-395/US-18 & SR-79,Hot Springs,SD,506,3.299,43.4195,-103.4657
67404,Meskwaki Travel Plaza,HIGHWAY 30 E,Tama,IA,486,3.234,41.9648,-92.5743
67405,ANTELOPE TRUCK STOP,"I-80, EXIT 386",Burns,WY,795,3.199,41.1909,-104.359
67406,GETGO #3701,"I-99, EXIT 23",East Freedom,PA,14,4.099,40.3552,-78.4305
67408,STOCKTON TRAVEL CENTER,US-20/SR-78,Stockton,IL,520,3.599,42.3526,-90.002
67409,XTRA MART #7025,SR-146,Sutton,MA,175,3.649,42.1501,-71.76285
67410,STRIPES #40532,US-83 & US-277,Carrizo Springs,TX,740,3.349,28.5267,-99.8589
67411,LOVES TRAVEL STOP #226,"I-25, EXIT 104",Pueblo,CO,803,3.619,38.2701,-104.6114
67414,PILOT TRAVEL CENTERS #590,"I-94, EXIT 100",Alexandria,MN,250,3.46566666,45.8776,-95.3767
67416,CASEYS #4025,US-61/SR-92,Muscatine,IA,380,3.299,41.4195,-91.068
67417,QUIKTRIP #444,"I-10 EXIT, 139",Phoenix,AZ,930,3.369,33.5722,-112.0892
67418,KUM & GO #0080,"US-218/SR-27, EXIT 80 & SR-22",Riverside,IA,380,3.09733333,41.4893,-91.5567
67419,LOVES TRAVEL STOP #359,"I-75, EXIT 283",Cartersville,GA,18,3.55566666,34.1644,-84.8009
67420,LOVES TRAVEL STOP #369,I-40 EXIT 163 & SR-48,Dickson,TN,460,3.17566666,36.0637,-87.3665
67421,LOVES TRAVEL STOP #375,US-79/SR-6 & FM-485,Hearne,TX,670,3.489,30.877,-96.5956
67422,KUM & GO #0137,"I-80, EXIT 237",Tiffin,IA,380,3.099,41.7064,-91.6583
67423,FIRELAKE GRAND TRAVEL PLAZA,"I-40, EXIT 178 & SR-102",Shawnee,OK,483,2.899,35.3531,-96.9647
67424,FLORIDA 595 TRUCK STOP,"I-595/SR-84, EXIT 9 & US-441",Fort Lauderdale,FL,64,3.769,26.1412,-80.1464
67425,LITTLEFIELD EXPRESS #15,"US-67, EXIT 55 & SR-258",Bald Knob,AR,695,3.309,35.3123,-91.5709
67426,Spearville Truck Stop,"I-56, 126 RD",Spearville,KS,570,3.46566666,37.8481,-99.7548
67427,CASEYS #2907,I-57 & I-62,Charleston,MO,275,3.044,36.9179,-89.3343
67428,CONOCO,"I-95, EXIT 12",Carteret,NJ,79,3.499,40.5849,-74.2284
67429,7-ELEVEN #40396,"NJTP, EXIT 8A",Monroe Township,NJ,115,3.559,40.31789,-74.41182
67431,SPARKYS ONE STOP #32,I-30 & CR 33,Carroll,IA,320,3.23233333,42.0699,-94.8646
67432,PILOT TRAVEL CENTERS #471,US-27 & US-17,Haines City,FL,140,3.559,28.1102,-81.6157
67432,PILOT TRAVEL CENTER #471,US-27 & US-17,Haines City,FL,140,3.569,28.1102,-81.6157
67434,SHELL FOOD MART,"I-35, EXIT 54",Cameron,MO,400,2.99066666,39.7444,-94.2329
67435,7 ELEVEN #40122,I-95 MM2,Newark,DE,160,3.459,39.6776,-75.7576
67436,7-ELEVEN #40069,"I-81, EXIT 29",Shippensburg,PA,70,3.42233333,40.0484,-77.5227
67437,CANDIA FIRST STOP,"SR-101, EXIT 3",Candia,NH,170,3.899,43.07786,-71.27673
67438,LOVES TRAVEL STOP #363,"I-75, EXIT 358 & SR-326",Ocala,FL,225,3.353,29.178,-82.1511
67438,LOVES TRAVEL STOPS #363,"I-75, EXIT 358 & SR-326",Ocala,FL,225,3.329,29.178,-82.1511
67439,LOVES TRAVEL STOPS #380,US-287/SR-114,Rhome,TX,630,3.089,33.0646,-97.4779
67439,LOVES TRAVEL STOP #380,US-287/SR-114,Rhome,TX,630,3.161,33.0646,-97.4779
67440,PILOT TRAVEL CENTERS #503,"I-79, EXIT 146 & CR-77",Morgantown,WV,165,4.059,39.6383,-79.9464
67442,PILOT #4598,I-75 EXIT 56,Niota,TN,285,3.599,35.5171,-84.5499
67443,PILOT #4599,"I-24, EXIT 135",Monteagle,TN,285,3.33566666,35.2367,-85.8513
67612,FLYING J TRAVEL PLAZA #914- TOWN PUMP,"I-90, EXIT 96 & US-93/SR-200",Missoula,MT,820,3.609,46.8751,-114.0214
67613,KWIK STAR #490,"US-20, EXIT 225 & SR-27/SR-58",Cedar Falls,IA,565,3.524,42.5195,-92.4536
67614,KWIK TRIP #622,US-14 & CR-5,Byron,MN,515,3.574,44.0378,-92.6409
67615,KWIK TRIP #844,US-63,Lake City,MN,515,3.549,44.4453,-92.2796
67616,KWIK TRIP #887,"US-41, EXIT 139 & SR-15",Appleton,WI,582,3.30233333,44.278,-88.3892
67617,Twice Daily Convenience Store #8046,"I-24, EXIT 31 & SR-249",Joelton,TN,460,3.349,36.31311,-86.86528
67618,7-ELEVEN #40441,I-80 MM 21E,West Unity,OH,550,3.66233333,41.5889,-84.4306
67619,7-ELEVEN #40442,"I-80, MM 21W",West Unity,OH,550,3.66233333,41.5889,-84.4306
67620,LOVES TRAVEL STOP #452,"I-35, EXIT 70",Pauls Valley,OK,253,3.649,34.7231,-97.2281
67621,FLYING J TRAVEL PLAZA #925- TOWN PUMP,"I-15, EXIT 277",Great Falls,MT,815,3.63566666,47.5022,-111.2996
67622,LOVES TRAVEL STOP #454,"I-5/US-12, EXIT 72",Chehalis,WA,977,4.589,46.6638,-122.965
67623,LOVES TRAVEL STOP #301,"I-90, EXIT 2",Post Falls,ID,970,3.74566666,47.7213,-116.9384
67624,LOVES TRAVEL STOP #300,I-70 EXIT 304,Bennett,CO,800,3.32566666,39.7366,-104.4286
67625,LOVES TRAVEL STOP #453,"I-10, EXIT 130 & US-231",Cottondale,FL,20,3.553,30.7891,-85.3644
67625,LOVES TRAVEL STOPS #453,"I-10, EXIT 130 & US-231",Cottondale,FL,20,3.589,30.7891,-85.3644
67626,KWIK TRIP #316,SR-15 N/SR-22 E,Hutchinson,MN,451,3.279,44.8855,-94.3768
67627,PILOT #4556,"I-75, EXIT 329",Wildwood,FL,225,3.22566666,28.7752,-82.0075
67627,PILOT TRAVEL CENTER #4556,"I-75, EXIT 329",Wildwood,FL,225,3.319,28.7752,-82.0075
67628,LOVES TRAVEL STOP #394,"I-65,EXIT 230",Demotte,IN,365,3.51233333,41.19504,-87.19864
67629,KWIK TRIP #681,"I-94, EXIT 205",Saint Michael,MN,451,3.29733333,45.2014,-93.692
67630,KWIK TRIP #630,US-151/SR-32/SR-57,Chilton,WI,582,3.36566666,44.0293,-88.1625
67634,54 TRUCK STOP,US-54,Mullinville,KS,357,3.46566666,37.5885,-99.4754
67635,LOVES TRAVEL STOP #456,I-280 EXIT 1B,Perrysburg,OH,550,3.76066666,41.5377,-83.6413
67636,LOVES TRAVEL STOPS #258,"I-35, EXIT 183",Ottawa,KS,336,3.239,38.5996,-95.2636
67636,LOVES TRAVEL STOP #258,"I-35, EXIT 183",Ottawa,KS,336,3.263,38.5996,-95.2636
67637,Power Gas & Truck Stop,US-1/US-9/US-46 & SR-5,Palisades Park,NJ,115,3.219,40.8472,-73.9966
67641,DANIEL BOONE TRAVEL CENTER,US-23 /US-421/US-58 & SR-871,Duffield,VA,405,3.55733333,36.7196,-82.796
67642,GO MART FOOD STORE #103,SR-16 & CR 50/39,Ellenboro,WV,44,3.699,39.2678,-81.0551
67643,QUALITY MART #62,I-77 EXIT 82,Jonesville,NC,65,2.859,36.2336,-80.8351
67644,PARKERS #31 (DISCOUNT AVAILABLE),US-80/SR-26 & US-280,Ellabell,GA,195,3.03233333,32.12354,-81.48567
67645,CIRCLE K #2721416,US-441 & SR-20,Gainesville,FL,75,3.899,29.6804,-82.3459
67647,BUCHS TRUCK STOP,SR-7,Steubenville,OH,542,3.69233333,40.3653,-80.6519
67650,VIRGINIA FAST STOP,SR-78 & SR-125,Virginia,IL,318,3.759,39.9524,-90.2108
67651,SIMMONS,US-60/SR-21,Ellsinore,MO,275,3.424,36.9328,-90.7477
67652,ON THE GO TRAVEL CENTER,"I-435, EXIT 8",Kansas City,KS,400,3.999,39.1235,-94.7443
67655,CIRCLE K #2706627,"I-10, EXIT 261",Slidell,LA,725,3.189,30.2887,-89.7828
67656,KWIK TRIP #888,US-10/US-49 & SR-54,Waupaca,WI,395,3.45733333,44.3506,-89.0719
67657,KWIK TRIP #463,US-52/SR-60,Zumbrota,MN,515,3.524,44.295,-92.6736
67658,MIRABITO #41,I-81 EXIT 13,Tully,NY,12,4.299,42.79812,-76.10937
67664,CEFCO #16,SR-171,Godley,TX,637,2.98233333,32.455,-97.5302
67665,ALL STAR,US-75 N,Sabetha,KS,553,3.499,39.913,-95.7913
67666,5 STAR TRUCK STOP,"I-44, EXIT 137",Oklahoma City,OK,483,2.879,35.4676,-97.5136
67668,ADVENTURE TRUCK PLAZA,SR-3185 & SR-3107,Thibodaux,LA,623,3.399,29.7949,-90.8146
67669,ONE9 #1271,SR-86,Thermal,CA,900,4.299,33.6262,-116.1309
67669,CHEVRON DBA ONE9 #1271,SR-86,Thermal,CA,900,4.259,33.6262,-116.1309
67676,VALERO,"I-530/US-65, EXIT 34 & SR-365",White Hall,AR,695,3.16566666,34.2741,-92.1006
67677,BIGGAS TRUCK STOP,US-190/SR-6 & FM-2818,Bryan,TX,670,3.199,30.665,-96.3807
67678,7-ELEVEN #40301,I-90/I-80,Genoa,OH,550,3.66233333,41.5202,-83.3619
67682,CASEYS #2739,1323 E MAIN ST,Beloit,KS,336,3.359,39.4645,-98.1082
67683,CASEYS #2734,"I-80, EXIT 222",Cozad,NE,330,3.03233333,40.8613,-99.9863
67684,CASEYS #2490,"I-35, EXIT 124 & US-69",Story City,IA,320,3.06233333,42.1866,-93.5863
67685,CASEYS #2792,"I-380/US-218, EXIT 13",Cedar Rapids,IA,380,3.499,41.9662,-91.6783
67686,CASEYS #2956,"I-315/US-81, EXIT 40",Hesston,KS,570,3.199,38.1401,-97.427
67690,CEFCO #64,ST RT 14,Mexia,TX,765,3.099,31.6809,-96.4833
67695,MOREHEAD TRUCKSTOP,"I-64, EXIT 133 & SR- 801",Morehead,KY,255,3.599,38.1906,-83.4466
67697,FLORENCE TRAVEL PLAZA,"I-95, EXIT 150",Timmonsville,SC,42,3.999,34.1334,-79.9408
67698,FRONTIER TRAVEL CENTER,US-12 & US-85,Bowman,ND,807,3.53233333,46.1843,-103.4029
67699,GAP FARMS TRAVEL CENTER,"I-20, EXIT 69 & SR-151",Arcadia,LA,590,3.249,32.5506,-92.9218
67701,MARATHON,"I-94, EXIT 331",Casselton,ND,341,3.31566666,46.8973,-97.2128
67702,SPEEDWAY #6539,US-41/SR-45 & SR-52,Land O Lakes,FL,225,3.49566666,28.2075,-82.4476
67703,SPEEDWAY #6880,CR-611,Clearwater,FL,225,3.37733333,27.979,-82.7623
67705,CITGO,US-1,North Brunswick,NJ,115,3.18566666,40.454,-74.482
67706,SPEEDWAY #3495,US-1/9,Elizabeth,NJ,115,3.599,40.6658,-74.1913
67707,SPEEDWAY #3503,"I-95, EXIT 13 & I-278/US-1/US-9",Linden,NJ,115,3.429,40.6251,-74.2383
67711,HOUMA COTEAU TRAVEL PLAZA,I-90/SR-20,Houma,LA,725,3.06233333,29.58,-90.7059
67712,CASEYS #3810,"I-29, EXIT 132 & US-14",Volga,SD,530,3.279,44.3219,-96.9219
67715,HUTCH'S #109,"I-40, EXIT 38",Elk City,OK,483,2.969,35.3862,-99.4301
67716,HWY 19 SCALE,"SR-19/I-35, EXIT 66",Gaylord,MN,425,3.46566666,44.5559,-94.2133
67718,SUNSTOP #622,SR-52 & SR-167,Hartford,AL,715,3.599,31.1055,-85.6916
67720,REFUEL #1046,"I-20, EXIT 116 & US-15",Bishopville,SC,42,3.309,34.2202,-80.2483
67721,J AND D COUNTRYSIDE MARTHON,SR-76 & SR-173,Poplar Grove,IL,520,3.499,42.3517,-88.8353
67723,JET FOOD STORE #80,US-221/SR-135 & SR-206,Douglas,GA,10,3.45733333,31.5065,-82.8544
67724,LOVES TRAVEL STOP #458,"I-44, EXIT 88",Strafford,MO,416,3.37233333,37.2689,-93.1183
67726,SPEEDWAY #7909,"US-264, EXIT 73",Greenville,NC,205,3.13233333,35.5943,-77.376
67727,SPEEDWAY #7907,US-264 & SR-33,Greenville,NC,205,2.944,35.5943,-77.376
67728,SPEEDWAY #7905,SR-43 & SR-118,Vanceboro,NC,205,3.37566666,35.303,-77.1567
67729,SPEEDWAY #6981,US-301 BYP,Rocky Mount,NC,177,3.43233333,35.9685,-77.804
67732,Quik Pik,US-275 & SR-9,West Point,NE,470,3.21566666,41.8379,-96.7057
67734,TROTTER TRUCK PLAZA,ST 11,Ord,NE,330,3.299,41.5993,-98.9166
67735,Fast Fuel,US-81/SR-3,Kingfisher,OK,483,3.19066666,35.8444,-97.9386
67736,SPEEDWAY #9855,I-10 EXIT 49,Fabens,TX,640,3.23566666,31.5136,-106.1521
67738,SUPER JACK TRUCK STOP,US-84,Brookhaven,MS,620,3.11566666,31.5803,-90.4432
67739,STRIPES #40819,SR-359,Orange Grove,TX,625,3.06566666,27.9562,-97.9386
67742,STRIPES 7FLEET #42514,"I-20, EXIT 138",Midland,TX,710,3.459,32.0243,-102.1147
67743,STRIPES 7FLEET #42506,US-380 & US-277,Haskell,TX,575,3.539,33.1597,-99.732
67744,STRIPES #40715,SR-107,La Villa,TX,639,3.169,26.2964,-97.9269
67745,STRIPES #40628,"I-2, EXIT 134 & US-83",Mission,TX,639,3.259,26.2039,-98.3256
67746,STRIPES #40598,I-2/US-83,Mission,TX,639,2.869,26.2039,-98.3256
67747,STRIPES 7FLEET #42424,US-87/US-190,Brady,TX,740,3.599,31.1322,-99.37
67748,STRIPES 7FLEET #42428,"I-20 EXIT, 115",Odessa,TX,710,3.069,31.8801,-102.3448
67749,STRIPES 7FLEET #42436,I-20 EXIT 134,Midland,TX,612,3.06566666,32.0243,-102.1147
67750,STRIPES #40729,FM-511 & FM-802,Brownsville,TX,598,2.999,25.9975,-97.458
67753,STRIPES #40892,SR-359 & SR-16,Hebbronville,TX,625,3.28566666,27.3251,-98.6857
67754,Refuel #185,US-220,Stokesdale,NC,65,3.699,36.2318,-79.9834
67755,BLUE WATER #12,"I-526, EXIT 23",Charleston,SC,42,3.23233333,32.8168,-79.9687
67757,KEITH'S SUPERSTORE,"I-59, I-20, EXIT 160",Meridian,MS,705,3.049,32.3846,-88.6896
67758,CLARKS PUMP N SHOP #47,SR-10/SR-9,Vanceburg,KY,312,3.599,38.5944,-83.3245
67762,CEFCO #2008,US-83/US-62 & US-287,Childress,TX,770,2.91566666,34.4293,-100.2516
67763,SHELL,US-72,Mount Pleasant,MS,435,3.399,34.954,-89.5256
67764,NINNEKAH TRUCK STOP,US-277/US-81 & SR-19,Ninnekah,OK,483,3.229,34.964,-97.9447
67766,STOP IN Food Store #8143,US-221/US-460 & SR-607,Montvale,VA,185,3.36566666,37.3865,-79.7252
67768,SHELL,US-60 & SR-657,Lewisport,KY,487,3.499,37.9309,-86.9027
67771,DUCK THRU FOOD STORE #26,"I-95, EXIT 154 & SR-308 & SR-11/SR-42",Lewiston Woodville,NC,177,3.399,36.1141,-77.1811
67772,STEVES SHELL,"I-55, EXIT 42",Brookhaven,MS,620,3.199,31.5803,-90.4432
67774,7-ELEVEN #39329,I-278/US-1,Linden,NJ,79,3.37566666,40.6251,-74.2383
67777,CIRCLE K #2721270,"I-95, EXIT 358B, SR-105",Jacksonville,FL,75,3.34233333,30.3322,-81.6749
67779,REATA PETROLEUM,I-76 & BARLOW RD,Fort Morgan,CO,800,3.439,40.2537,-103.7903
67782,SAMS MART #45,"I-40, EXIT 24 & SR-209",Waynesville,NC,405,3.599,35.4854,-82.9996
67783,RUTTERS #4,US-30 & SR-1016/2011,Wrightsville,PA,70,3.989,40.0239,-76.5312
67784,HAVANA CONVENIENCE,US-136,Havana,IL,368,3.799,40.295,-90.0566
67787,PWI #109,"I-20, EXIT 126",Midland,TX,710,2.999,32.0243,-102.1147
67789,BEAR RIVER VALLEY CO OP,SR-13/SR-83,Corinne,UT,835,3.419,41.5497,-112.1227
67791,KINGSPORT TRUCK STOP,"I-81, EXIT 63",Kingsport,TN,405,3.899,36.5224,-82.5454
67792,CUBBYS #113,US-20/US-275,Oneill,NE,470,3.22566666,42.461,-98.6465
67793,PILOT TRAVEL CENTER #131,"I-35, EXIT 34",Osceola,IA,320,3.459,41.0304,-93.784
67793,PILOT TRAVEL CENTERS #131,"I-35, EXIT 34",Osceola,IA,320,3.439,41.0304,-93.784
67794,ROAD RANGER #181,"I-55, EXIT 90",Springfield,IL,318,3.299,39.7709,-89.654
67794,ROAD RANGER #181,"I-55, EXIT 90",Springfield,IL,318,3.399,39.7709,-89.654
67794,ROAD RANGER #181,"I-55, EXIT 90",Springfield,IL,318,3.409,39.7709,-89.654
67795,ROAD RANGER #263,"I-80, EXIT 93",Ottawa,IL,520,3.219,41.3555,-88.8261
67795,ROAD RANGER #263,"I-80, EXIT 93",Ottawa,IL,520,3.239,41.3555,-88.8261
67795,ROAD RANGER #263,"I-80, EXIT 93",Ottawa,IL,520,3.399,41.3555,-88.8261
67795,ROAD RANGER #263,"I-80, EXIT 93",Ottawa,IL,520,3.339,41.3555,-88.8261
67797,CHEVRON,US-71 & SR-179,Coushatta,LA,745,3.15566666,32.0256,-93.3406
67798,SUNSTOP #631,SR-231/SR-53 & SR-123,Ozark,AL,20,3.599,31.4508,-85.6473
67801,SUNOCO,"I-275, EXIT 42/SR-747",Cincinnati,OH,407,3.099,39.1413,-84.506
67804,SUNSTOP #616,US-84/SR-134 & CR-1,Daleville,AL,20,3.399,31.2915,-85.7117
67806,84 QUICK STOP,I-84,Brookhaven,MS,620,3.149,31.5803,-90.4432
67811,QUICK FUEL #5301,SR-360,Grand Prairie,TX,637,3.024,32.6871,-97.0208
67813,LEROY TRUCK PLAZA,"I-74, EXIT 149",Le Roy,IL,280,3.479,40.3395,-88.7628
67815,LOVES TRAVEL STOP #254,"I-70, EXIT 59 & SR-39",Mooresville,IN,375,3.929,39.6022,-86.3681
67818,LOVES TRAVEL STOP #457,"I-30/US-67/US-70, EXIT 128",Little Rock,AR,695,3.24233333,34.7256,-92.3577
67819,BREW #31,US-71/US-18,Spencer,IA,440,3.46566666,43.1468,-95.1534
67820,CIRCLE K #2723487,US-17 & SR-211,Supply,NC,245,3.289,34.01767,-78.2675
67821,FAS MART #5261,SR-9 & SR-57,Tollesboro,KY,410,3.35233333,38.55952,-83.57603
67822,SPINX #178 (DISCOUNT AVAILABLE),"I-385, EXIT 42 & I-85, EXIT 51B & US-25",Travelers Rest,SC,210,3.19233333,34.9582,-82.4412
67823,FLASH MARKET #17032,"I-555/US-63, EXIT 29 & SR-69",Trumann,AR,435,3.40733333,35.677,-90.5259
67824,CIRCLE K #2723641,US-231/SR-87/SR-10/SR-53 & CR-21,Troy,AL,720,3.799,31.8021,-85.9664
67826,VALLEN MART,US-14,Volga,SD,566,3.319,44.3219,-96.9219
67827,GAS N GO,US-280/SR-27 & SR-520,Richland,GA,10,3.199,32.0885,-84.6625
67829,KWIK TRIP #721,SR-19 & SR-73,Marshall,WI,420,3.49733333,43.1726,-89.0613
67832,Sprint Mart #45,US-278/US-45,Tupelo,MS,742,3.189,34.2692,-88.7318
67833,PETES #05,US-59 & US-400,Parsons,KS,307,3.299,37.3405,-95.2958
67835,CIRCLE K #2723782,"I-40, EXIT 38 & US-421",Greensboro,NC,65,3.08233333,36.0956,-79.8271
67837,PILOT TRAVEL CENTER #1054,US-183 & SR-21,Buda,TX,740,3.41566666,30.0758,-97.8487
67839,EL TIGRE FOOD STORE #13,SR-336,Hidalgo,TX,639,3.21566666,26.109,-98.2464
67841,CIRCLE K #2723844,US-15/US-501/US-1,Sanford,NC,177,3.049,35.4875,-79.177
67842,CIRCLE K #4707627,"I-81, EXIT 48",Watertown,NY,220,4.099,43.9734,-75.9094
67844,UNCLE WILLIES #1288,US-13,Felton,DE,243,3.219,39.0127,-75.5765
67846,CEDAR RIVER PLAZA,SR-35,Stephenson,MI,360,3.419,45.4137,-87.6091
67847,E Z PICKENS,"US-20, EXIT 275 & SR-13",Manchester,IA,335,3.579,42.4854,-91.4557
67848,JEMISON EXXON,"I-65, EXIT 219 & CR-42",Jemison,AL,615,3.299,32.9696,-86.7339
67849,KUM & GO #0379,US-412/ US-63 & SR-25,Black Rock,AR,435,3.199,36.107,-91.1074
67850,SMILEYS FUEL CITY,"I-64/I-81, EXIT 205 & SR-206",Raphine,VA,185,3.539,37.93735,-79.23281
67854,CircleK #2709341,US-411,Chatsworth,GA,285,3.499,34.7808,-84.7835
67855,FAS MART #5262,"I-64, EXIT 94 & SR-1958/SR-2888",Winchester,KY,410,2.90733333,38.0018,-84.1908
67859,PILOT #1135,US-281,Falfurrias,TX,639,3.459,27.2243,-98.1452
67860,SHELL,"I-55, EXIT 227 & SR-32",Oakland,MS,435,2.999,34.0576,-89.9132
67861,CASEYS #4308,US-34,Chariton,IA,320,3.539,41.0175,-93.3097
67862,SUNOCO TRUCK STOP,"I-70, EXIT 123 & SR-3",Spiceland,IN,375,3.399,39.8433,-85.426
67865,PILOT TRAVEL CENTER #897,"I-95, EXIT 12B, INTERSECTION OF SR-826 & 817",Opa Locka,FL,95,3.699,25.8997,-80.2551
67865,PILOT TRAVEL CENTERS #897,"I-95, EXIT 12B, INTERSECTION OF SR-826 & 817",Opa Locka,FL,95,3.699,25.8997,-80.2551
67866,QUICK DRAW TRAVEL PLAZA,"I-20, EXIT 49 & SR-531",Minden,LA,590,3.01233333,32.6187,-93.2762
67868,CHEVRON,SR-19,Huntsville,TX,670,2.979,30.7009,-95.5567
67871,BASIN MARKET #107,US-40,Vernal,UT,810,3.599,40.4517,-109.5378
67872,SMOKIES,US-45,Okolona,MS,576,3.099,34.0053,-88.7479
67874,RUTTERS #56,"I-83, EXIT 39A & SR-114",New Cumberland,PA,70,3.899,40.2297,-76.8764
67875,EXXON TIGER MART,"US-67/US-167, EXIT 28 & US-64",Beebe,AR,695,3.299,35.0713,-91.8998
67876,KUM & GO #0880,"US-412, EXIT 36",Stillwater,OK,560,2.954,36.1317,-97.0742
67877,CIRCLE K #4703701,I-24 EXIT 70,Smyrna,TN,460,3.03233333,35.9687,-86.5264
67879,Strike,US-287/96/69 & SR-347,Beaumont,TX,610,3.499,30.0849,-94.1451
67883,CASH MAGIC HOLLYWOOD,US-90,Berwick,LA,725,3.399,29.7013,-91.2377
67884,ROADRUNNER FUELS,US-550/SR-544,Aztec,NM,614,3.77566666,36.8225,-107.971
67886,MAVERIK #5200,"I-70 BUSINESS, EXIT 25, CR-24",De Beque,CO,800,3.44233333,39.3105,-108.2049
67887,AIRLINE CHEVRON,US-61,Kenner,LA,725,3.099,30.0109,-90.2549
67890,KUM & GO #0449,US-60/US-71,Neosho,MO,535,3.05566666,36.8437,-94.3758
67892,TURRELL FUEL STOP,"I-55, EXIT 21",Turrell,AR,435,3.46566666,35.3763,-90.2704
67894,CIRCLE K #2705098,US-27 & SR-44,Leesburg,FL,140,3.57233333,28.7672,-81.8962
67897,KENT KWIK #273,SR-302 & SR-18,Kermit,TX,710,3.039,31.854,-103.0924
67900,SPRINT FOODS #725,"I-520, EXIT 16/SR-28",Beech Island,SC,135,3.349,33.4288,-81.8905
67906,ON THE GO,SR-239,Prescott,KS,400,3.199,38.063,-94.6929
67908,CIRCLE K #2744062,"I-25, EXIT 74",Colorado City,CO,796,3.349,37.9381,-104.8451
67910,G FUEL,US-40 & SR-140,Penns Grove,NJ,243,3.399,39.7275,-75.4691
67917,STRIPES 7FLEET #42510,"I-10, EXIT 256/US-285",Fort Stockton,TX,710,3.379,30.8926,-102.8842
67918,DELAWARE TRUCK STOP,"I-80, EXIT 4C/US-46",Delaware,NJ,90,3.079,40.89288,-75.06462
67922,EXXON,"I-20, EXIT 44 & US-371 & US-80/US-79",Minden,LA,745,3.399,32.6187,-93.2762
67923,MONROE CENTER BP OASIS,"I-39, EXIT 111/US-51 & SR-72",Monroe Center,IL,520,3.599,42.1003,-88.9941
67924,KUM & GO #0026,"I-90, EXIT 26",Adrian,MN,440,3.19066666,43.6332,-95.9329
67925,CHEVRON,US-61,Baton Rouge,LA,600,3.899,30.442,-91.1311
67927,STONES TRUCK STOP,"I-29, EXIT 77/US-212",Watertown,SD,566,3.38233333,44.9094,-97.1532
67929,Circle K,SR-574,Plant City,FL,225,3.32566666,28.014,-82.1201
67930,CIRCLE K #2721426,US-98/SR-30A & SR-368,Panama City,FL,145,3.29066666,30.1995,-85.6003
67931,Forks 1&23,US-1/US-23/SR-4 & SR-19,Alma,GA,195,3.599,31.5432,-82.4745
67932,SPRINT MART #4144,US-82/US-45/SR-12 & SR-182,Columbus,MS,576,3.01566666,33.5088,-88.4096
67933,SUNOCO,SR-50 & SR-471,Webster,FL,140,3.33566666,28.6114,-82.0493
67934,WHISPERING PINES,SR-10,Greensburg,LA,600,3.099,30.83,-90.6698
67935,CIRCLE K #2707610,"I-10, EXIT 26",Milton,FL,155,3.23233333,30.6286,-87.0522
67938,TEXACO,"I-84, EXIT 376",Tremonton,UT,835,3.45566666,41.7187,-112.189
67939,DELTA FUEL,"I-80, EXIT 242 & SR-339",Mifflinville,PA,138,3.36566666,41.0307,-76.2995
67940,MARTIN GENERAL STORE,US-22,Ebensburg,PA,14,3.524,40.4884,-78.7264
67941,FIESTA MART #21,"I-40, EXIT 278",Warner,OK,560,3.639,35.4905,-95.3087
67943,LOVES TRAVEL STOP #459,"I-65, EXIT 133 & SR-267",Whitestown,IN,375,3.62233333,39.9706,-86.3612
67949,7-ELEVEN #36835,"I-85, EXIT 32",Pelzer,SC,30,3.18233333,34.6433,-82.4588
67952,CIRCLE K #2707682,"I-75, EXIT 164 & US-17/SR-35",Punta Gorda,FL,225,3.399,26.8941,-82.0513
67957,CITGO,US-27,Hialeah,FL,64,3.47233333,25.8696,-80.3045
67965,DIAMOND #7,"I-65, EXIT 69",Brewton,AL,715,3.399,31.1113,-87.0737
67968,WHITESBURG BP,US-27/SR-16,Whitesburg,GA,18,3.699,33.4928,-84.9137
67974,TALL TIMBERS TRUCKSTOP,"I-10, EXIT 23 & SR-108",Sulphur,LA,690,3.83233333,30.2286,-93.3566
67976,KWIK TRIP #587,US-141 & SR-22,Lena,WI,582,3.28233333,44.953,-88.0476
67977,KUM & GO #4127,"I-29, EXIT 127",Sloan,IA,527,3.109,42.2328,-96.2247
67994,Pure,US-82/SR-520/SR-135,Willacoochee,GA,10,3.46566666,31.3358,-83.0446
67997,CIRCLE K #2745137,"I-75/SR-401, EXIT 149 & SR-49",Byron,GA,85,3.199,32.6476,-83.7539
68002,CO RETAIL VENTURE DB,US-34 & SR-59,Yuma,CO,800,3.449,40.1235,-102.7161
68005,WESSON,"I-84, EXIT 22, SR-8, EXIT 22",Waterbury,CT,100,4.179,41.5582,-73.0361
68007,Highland oil,US-412,Hardy,AR,435,3.269,36.3189,-91.4794
68008,FAST LANE #3,US-64 & US-49,Mc Crory,AR,435,3.399,35.2573,-91.1972
68009,CIRCLE K #2741779,"US-270, EXIT 2",Hot Springs National Park,AR,695,3.369,34.5,-93.05
68012,ROYAL FARMS #120,US-13/CR-16,Greenwood,DE,194,3.259,38.8072,-75.59
68016,Chevron #386730,"I-10, EXIT 139",Phoenix,AZ,930,3.299,33.5722,-112.0892
68017,TEXACO,SR-89,Prescott,AZ,930,3.739,34.5849,-112.4473
68019,PAC PRIDE CARDLOCK,CR-25/CR-826,Miami,FL,95,3.479,25.784,-80.2101
68020,EXXON,"I-10, EXIT 335/SR-121",Macclenny,FL,75,3.499,30.2809,-82.1253
68026,MINIT MART #600627,"I-57, EXIT 312",Kankakee,IL,399,3.449,41.102,-87.8643
68029,MAPCO #3502,SR-151,Ringgold,GA,285,3.09233333,34.9136,-85.1215
68030,FIVE STAR EXPRESS,"I-520/SR-415, EXIT 16 & SR-28",Augusta,GA,135,3.499,33.3645,-82.0708
68031,ORCHARD STOP BP,US-30,Montgomery,IL,290,3.649,41.7237,-88.3633
68031,ORCHARD STOP BP,US-30,Montgomery,IL,290,3.549,41.7237,-88.3633
68033,CIRCLE K #2703175,"I-520/SR-415, EXIT 9 & SR-56",Augusta,GA,135,3.28233333,33.3645,-82.0708
68036,MOBIL,"I-95, EXIT 60",Salisbury,MA,178,3.599,42.84176,-70.86061
68040,MISHAWAKA ROAD FLEET SITE,SR-19 & CR-20,Elkhart,IN,465,3.689,41.6916,-85.9627
68043,CARROLL MOTOR FUELS,US-40,Middle River,MD,22,3.139,39.3436,-76.4253
68048,CASEYS #3961,SR-3 & SR-143,Marcus,IA,527,3.299,42.8224,-95.8068
68052,CUBBYS #302,SR-39 & SR-175,Odebolt,IA,319,3.31566666,42.3119,-95.2545
68053,KJ TRAVEL CENTER,"US-20, EXIT 310",Idaho Falls,ID,825,3.40733333,43.4871,-112.0362
68055,Gallops,US-20,Michigan City,IN,370,3.399,41.7092,-86.869
68062,FARMERS UNION OIL,US-83,Wilton,ND,390,3.899,47.1581,-100.7842
68065,Caseys #4450,US-160,Ulysses,KS,525,3.399,37.5774,-101.3546
68067,PUMP & PANTRY #2,US-30 & US-281,Grand Island,NE,330,3.30733333,40.9218,-98.3586
68068,ELGIN ONE STOP,SR-14 & SR-70,Elgin,NE,470,3.13733333,41.9831,-98.0828
68070,PAULS TRUCK STOP,US-171,Leesville,LA,690,3.449,31.1324,-93.2673
68072,FAMILY FARE #834 (DISCOUNT AVAILABLE),"US-131, EXIT 175",Byron Center,MI,371,3.739,42.8121,-85.7279
68073,BIG BATS 2,US-20,Chadron,NE,506,3.699,42.826,-103.0025
68076,JENNINGS TRUCKSTOP,"I-10, EXIT 65",Jennings,LA,690,2.999,30.2233,-92.6582
68079,NORTH FORK TRUCK STOP,US-12/CR-103,White Pigeon,MI,465,3.559,41.7977,-85.6485
68079,NORTH FORK TRUCK STOP,US-12/CR-103,White Pigeon,MI,465,3.599,41.7977,-85.6485
68080,SAMMYS TRUCK AUTO PLAZA,"I-49, EXIT 53",Bunkie,LA,730,3.399,30.954,-92.1884
68081,SHELL,SR-308 & SR-654,Mathews,LA,725,3.459,29.6821,-90.5559
68091,ALLTOWN MARKETS,"SR-101, EXIT 2",Auburn,NH,178,3.799,43.00453,-71.3484
68093,MARATHON,US-223/CR-52,Adrian,MI,385,3.599,41.8994,-84.0447
68095,ALEXS MARKET AND GRILL,"I-75, EXIT 101",Holly,MI,342,4.699,42.7987,-83.622
68100,REFINED MARKETERS,"I-96, EXIT 31A/US-131, EXIT 88",Grand Rapids,MI,344,3.739,42.9619,-85.6562
68102,SUNOCO,ST 17,Carlstadt,NJ,115,3.16233333,40.8247,-74.0613
68107,SPEEDWAY #4500,"I-35, EXIT 171/CR-11",Pine City,MN,451,3.549,45.8368,-92.9682
68110,CIRCLE K #4705573,SR-82,Grafton,OH,414,3.749,41.2809,-82.038
68112,QUICK FUEL #3138,"I-35, EXIT 98/CR-26",Saint Paul,MN,448,3.61733333,44.9478,-93.1039
68113,CIRCLE K #4705571,ST 2,Holland,OH,550,3.549,41.6192,-83.7081
68114,BP,US-130,Burlington,NJ,230,3.14566666,40.07122,-74.86489
68116,Circle K #2746335,"I-35, EXIT 22",Minneapolis,MN,448,3.799,44.9635,-93.2678
68122,CENEX,SR-11/SR-310,Roseau,MN,449,3.499,48.8445,-95.7625
68124,CIRCLE K #4705587,SR-585 & SR-57,Rittman,OH,249,3.659,40.9736,-81.785
68129,CULVERS HAWKINS,"US-59/I-29, EXIT 43",Saint Joseph,MO,400,3.199,39.7598,-94.821
68133,CASEYS #4256,US-71/SR-175,Joplin,MO,416,3.069,37.0757,-94.5018
68140,CROSSROADS RATON TRUCK STOP,"I-25/US-85, EXIT 451 & US-87",Raton,NM,803,3.499,36.8849,-104.4396
68147,Regal Truck Stop,SR 30,New Albany,MS,435,3.249,34.4909,-89.0201
68148,CIRCLE K #2723389,US-49,Gulfport,MS,715,2.944,30.4274,-89.0704
68151,KUM & GO #0498,SR-125,Rogersville,MO,535,3.05233333,37.1148,-93.0742
68154,LOVES TRAVEL STOP #395,"I-57, EXIT 308",Kankakee,IL,290,3.379,41.102,-87.8643
68154,LOVES TRAVEL STOP #395,"I-57, EXIT 308",Kankakee,IL,290,3.449,41.102,-87.8643
68154,LOVES TRAVEL STOP #395,"I-57, EXIT 308",Kankakee,IL,290,3.489,41.102,-87.8643
68154,LOVES TRAVEL STOP #395,"I-57, EXIT 308",Kankakee,IL,290,3.429,41.102,-87.8643
68154,LOVES TRAVEL STOP #395,"I-57, EXIT 308",Kankakee,IL,290,3.549,41.102,-87.8643
68155,SHEETZ #181,"I-80, EXIT 158 & SR-220",Bellefonte,PA,14,3.729,40.9141,-77.7683
68156,A PLUS MINI MARKET,"I-95, EXIT 26",Philadelphia,PA,160,3.999,40.0077,-75.1339
68157,RAJS MINI MART,US-1/SR-29,Morrisville,PA,230,3.899,40.2074,-74.78
68158,SUNOCO,"I-78, EXIT 29A/SR-61",Shoemakersville,PA,90,3.639,40.5004,-75.97
68161,KWIK FILL #390,SR-15 & TABER RD,Blossburg,PA,138,3.684,41.6795,-77.069
68165,GOLDEN GATE Fallon,US-50,Fallon,NV,966,3.549,39.4737,-118.7779
68167,CIRCLE K #4707628,SR-90 & SR-5,Montezuma,NY,220,3.999,43.01006,-76.70328
68169,GOLDEN GATE GOLDEN VALLEY,"US-395, EXIT 73",Reno,NV,966,3.949,39.5497,-119.8483
68174,MIRABITO #42,"I-81, EXIT 7",Castle Creek,NY,12,3.999,42.22758,-75.91825
68177,ONVO TRAVEL PLAZA - MIFFLINVILLE,"I-80, EXIT 242/CR-339",Mifflinville,PA,138,3.36566666,41.0307,-76.2995
68178,CIRCLE K #2723748,"I-20, EXIT 48",Pearl,MS,760,3.389,32.273,-90.0918
68179,WEST PAK A POK,SR-8,Houston,MS,655,3.399,33.8963,-89.0031
68180,One9 #1374,"I-81, EXIT 143, SR-924",Hazleton,PA,200,3.86233333,40.9505,-75.9725
68185,CITGO,US-22/SR-72,Jonestown,PA,70,3.749,40.413,-76.4806
68188,ONVO TRAVEL PLAZA - GIBSON,"I-81, EXIT 219 & SR-848",New Milford,PA,200,3.589,41.87258,-75.72713
68189,EAGLE EXXON,US-27/SR-29,Dayton,TN,285,3.399,35.4912,-85.012
68191,MARTIN GENERAL STORE # 207,SR-865/I-99 EXIT 41,Altoona,PA,14,3.539,40.5082,-78.4007
68196,CATDADDY MARKET,SR-33,Tazewell,TN,405,3.299,36.4625,-83.5669
68211,CEFCO #2005,"I-40, EXIT 73",Amarillo,TX,585,2.869,35.1984,-101.8316
68212,CIRCLE K #2723415,"I-26, EXIT 16",Spartanburg,SC,210,3.099,34.9442,-81.9251
68213,CADOO MILLS,"I-30/US-67, EXIT 87 & FM-1903",Caddo Mills,TX,253,2.80066666,33.0504,-96.2279
68215,COWBOY TRAVEL PLAZA,"I-10, EXIT 833",Hamshire,TX,610,2.899,29.857,-94.3185
68217,CIRCLE K #2723881,US-701 & US-501,Conway,SC,46,3.184,33.8401,-79.0431
68225,OASIS TRUCK STOP,US-60 & US-83,Canadian,TX,585,3.299,35.9096,-100.3838
68227,QUARLES #4914,"I-64 EXIT 297, US-13",Chesapeake,VA,130,3.52566666,36.6778,-76.3023
68234,CIRCLE K #2723705,"I-81, EXIT 80 & SR-121",Wytheville,VA,65,3.26566666,36.953,-81.0881
68235,JOLLEY #113,"I-91, EXIT 28",Derby,VT,39,3.539,44.95,-72.13
68236,TEX BEST #506,"I-35, EXIT 84",Dilley,TX,747,3.099,28.6675,-99.1765
68243,PILOT EXPRESS #1173,"I-5, EXIT 135",Tacoma,WA,977,4.599,47.2431,-122.4531
68245,STRIPES #40705,US-77/SR-374,Combes,TX,665,2.91233333,26.2448,-97.7257
68253,KENT KWIK #262,"CR-18/I-20, EXIT 80",Monahans,TX,710,2.859,31.6289,-103.0403
68256,EXTRA MILE TRUCK STOP,I-30 EXIT 208,Hooks,TX,723,2.81733333,33.4707,-94.2842
68257,LOVES TRAVEL STOP #292,"I-55, EXIT 220",Dwight,IL,290,3.589,41.0983,-88.4249
68257,LOVES TRAVEL STOP #292,"I-55, EXIT 220",Dwight,IL,290,3.389,41.0983,-88.4249
68257,LOVES TRAVEL STOP #292,"I-55, EXIT 220",Dwight,IL,290,3.489,41.0983,-88.4249
68257,LOVES TRAVEL STOP #292,"I-55, EXIT 220",Dwight,IL,290,3.349,41.0983,-88.4249
68257,LOVES TRAVEL STOP #292,"I-55, EXIT 220",Dwight,IL,290,3.449,41.0983,-88.4249
68258,CIRCLE K #2741536,SR-83/CR-1015,Weslaco,TX,639,3.03566666,26.1599,-97.9877
68260,ALVARADO MARKET STATION,"I-35W, EXIT 26A & US-67",Alvarado,TX,637,2.844,32.4068,-97.2149
68261,STRIPES #2294,US-83 & FM-1120,Leakey,TX,740,2.949,29.7254,-99.7631
68266,FREDS FUEL AND FOOD #2,"I-57, EXIT 283 & US-24",Gilman,IL,280,3.189,40.7626,-87.9975
68266,FREDS FUEL AND FOOD #2,"I-57, EXIT 283 & US-24",Gilman,IL,280,3.269,40.7626,-87.9975
68266,FREDS FUEL AND FOOD #2,"I-57, EXIT 283 & US-24",Gilman,IL,280,3.049,40.7626,-87.9975
68268,SPEED SMART,"I-10, EXIT 114",Buckeye,AZ,930,3.37233333,33.4314,-112.6429
68270,MPC #2,US-67 & CR-A,Fredericktown,MO,574,2.99066666,37.5644,-90.2988
68271,PHOENIX #308,ST 210,Rocky Point,NC,245,3.619,34.4441,-77.8909
68273,CHISUM TRAVEL CENTER,US-70/US-54,Tularosa,NM,640,2.999,33.0753,-106.0175
68274,CEFCO #6,SR-6 & SR-7,Marlin,TX,765,2.999,31.3085,-96.8934
68276,KWIK STAR #895,US-18/US-63 EXIT 204,New Hampton,IA,565,3.449,43.0563,-92.3153
68277,WHITE OAK STATION #15,US-65,Harrison,AR,735,3.599,36.2438,-93.1198
68279,MACS MARKET #101,ST 22A,Fair Haven,VT,12,3.599,43.59479,-73.26567
68282,SUNSTOP #612,US-84,Andalusia,AL,720,3.48566666,31.3102,-86.4781
68290,WALTON TRUCK STOP,US-78/SR-10 & SR-83,Monroe,GA,16,3.999,33.799,-83.7161
68292,GAS N GO,US-280/US-19,Americus,GA,10,3.299,32.0736,-84.2248
68294,BP,"I-74, EXIT 51",Galesburg,IL,270,3.499,40.9506,-90.3763
68298,MR FUEL #719,"I-80, EXIT 6",Gary,IN,365,3.56566666,41.5905,-87.3473
68301,LOVES TRAVEL STOP #463,I-10 EXIT 604,Seguin,TX,740,3.179,29.5891,-97.9676
68302,FLYING J #493,I-95 EXIT 77,Saint George,SC,42,3.519,33.1861,-80.5794
68303,KWIK TRIP #351,SR-13 & SR-64,Medford,WI,295,3.40066666,45.1365,-90.3436
68306,BIG D #018,SR-387 & SR-59,Gillette,WY,790,3.459,44.2752,-105.4982
68307,EXPRESSWAY LUVERNE,"I-90, EXIT 12",Luverne,MN,432,3.239,43.6531,-96.2148
68308,PINECONE TRAVEL PLAZA,"I-94, EXIT 267",Johnson Creek,WI,420,3.219,43.0812,-88.7702
68311,SUN DO KWIK SHOP,SR-242,Evergreen,NC,63,3.159,34.4149,-78.9114
68314,Refuel #313,US-183 & SR-29,Liberty Hill,TX,595,2.909,30.6638,-97.9063
68315,SHELL,"I-40, EXIT 200 & SR-99",Seminole,OK,483,2.859,35.2348,-96.6493
68316,CIRCLE K #2723622,"I-75, EXIT 345",Ringgold,GA,285,3.07566666,34.9136,-85.1215
68318,NINOS TRUCK PLAZA,"I-10, EXIT 151",Port Allen,LA,600,3.039,30.4456,-91.2098
68319,HOLIDAY STATIONSTORE #2746484,US-61 & US-10,Hastings,MN,448,3.569,44.7318,-92.8538
68321,Big's #304,"I-35, EXIT 141",Moore,TX,740,2.999,29.0574,-99.0069
68323,TRAINER MART,"I-10, EXIT 593",Marion,TX,740,2.999,29.5726,-98.143
68328,TONKAWA TRAVEL CENTER,"I-35, EXIT 214 & US-60",Tonkawa,OK,500,3.099,36.6769,-97.3235
68330,SHREES TRUCK STOP,"I-90, EXIT 149 & SR-281",George,WA,920,3.709,47.0846,-119.86
68330,SHREES TRUCK STOP,"I-90, EXIT 149 & SR-281",George,WA,920,3.569,47.0846,-119.86
68330,SHREES TRUCK STOP,"I-90, EXIT 149 & SR-281",George,WA,920,3.739,47.0846,-119.86
68330,SHREES TRUCK STOP,"I-90, EXIT 149 & SR-281",George,WA,920,3.759,47.0846,-119.86
68332,CIRCLE K #2701526,"I-40, EXIT 208",Colfax,NC,65,2.95733333,36.11264,-80.01448
68333,GO MART FOOD STORE #106,US-250/US-219/SR-92/SR-55,Elkins,WV,44,3.499,38.9237,-79.8541
68335,PILOT #481,"I-75, EXIT 20",Mc Donald,TN,285,3.599,35.1088,-84.9853
68337,SPEEDWAY #1426,US-30 & SR-51,Merrillville,IN,290,3.88566666,41.4728,-87.3196
68339,LOVES TRAVEL STOP #464,"I-10, EXIT 523 & US-87",Comfort,TX,740,3.21233333,29.9704,-98.9046
68343,HUTCH'S #119,I-40 EXIT 40,Elk City,OK,483,2.969,35.3862,-99.4301
68347,ENERGY EXPRESS TRAVEL CENTER,I-70 EXIT 247,Saint Louis,MO,540,2.909,38.6359,-90.2451
68348,HOT SPOT #6007,"I-85, EXIT 80",Spartanburg,SC,210,3.089,34.9442,-81.9251
68349,SAPP BROS TRAVEL CENTER,"US-75, EXIT 116",Le Mars,IA,527,3.269,42.781,-96.1733
68350,JOAQUIN QUICK STOP,US-84,Joaquin,TX,618,3.43233333,31.9659,-94.0504
68354,LEERJAK TRAVEL CENTER,US-60,Ellsinore,MO,275,3.409,36.9328,-90.7477
68359,LOVES TRAVEL STOP #466,"I-78, EXIT 65",Jasper,AL,615,3.55566666,33.8508,-87.271
68360,A PLUS MINI MARKET,"I-95, EXIT 19",Philadelphia,PA,160,4.049,40.0077,-75.1339
68361,DUCK THRU FOOD STORE #34,US-158 & US-17,Elizabeth City,NC,130,3.499,36.2942,-76.236
68362,RUTTERS #5,US-30 & SR-997,Fayetteville,PA,70,3.859,39.9114,-77.5652
68364,Maplefields,"I-89, EXIT 19",Saint Albans,VT,39,3.539,44.8119,-73.0849
68365,7-ELEVEN #36834,SR-72,Abbeville,SC,30,3.619,34.1787,-82.3774
68366,MARATHON,US-68/SR-80,Russellville,KY,460,3.199,36.8394,-86.895
68367,LOVES TRAVEL STOP #447,"I-10 E, EXIT 0",Anthony,TX,640,3.449,31.9876,-106.5933
68368,AKAL TRAVEL CENTER,I-80 EX 360,Waco,NE,413,2.799,40.897,-97.4619
68369,WORKMANS TRAVEL CENTER,"I-40 EXIT, 35 & SR-23",Ozark,AR,735,3.29733333,35.4991,-93.8438
68370,GULF EXPRESS DIESEL AND GAS,"I-295, EXIT 4 & SR-14",Johnston,RI,175,3.799,41.82186,-71.50675
68372,SPEEDWAY #8062,SR-26/CR-00,Kokomo,IN,375,3.799,40.464,-86.1277
68375,PILOT #491,"I-81, EXIT 251 & US-11",Harrisonburg,VA,185,3.659,38.4362,-78.8735
68377,PILOT #4568,I-20 EXIT 11,Graniteville,SC,135,3.39233333,33.5646,-81.8078
68378,PILOT TRAVEL CENTERS #596,I-69 EXIT 196,Smiths Creek,MI,342,3.959,42.91392,-82.60381
68381,Fast Stop Travel Centers #2241,US-26 S & SR-39,Blackfoot,ID,825,3.999,43.194,-112.3454
68382,QUIKTRIP #766,US-29 & SR-316,Dacula,GA,18,3.32066666,33.9815,-83.8952
68383,AYERCO 32,US-61 & SR-P,Canton,MO,494,3.01566666,40.1295,-91.5266
68386,KWIK TRIP #884,US-45 & SR-22,Clintonville,WI,582,3.559,44.6222,-88.7513
68389,WEBERS OF PLYMOUTH,SR-57 N/CR-PP E,Plymouth,WI,582,3.499,43.7447,-87.966
68394,CHEVRON,"I-84, EXIT 343/CR-104",Ogden,UT,835,3.44233333,41.2279,-111.9682
68396,TOOT N TOTUM #44,SR-287 E/CR-335 N,Amarillo,TX,585,3.04233333,35.1984,-101.8316
68403,RUTTERS #16,"I-83, EXIT 10 & SR-214",York,PA,70,4.199,39.9651,-76.7315
68405,PILOT TRAVEL CENTER #1028,"I-45, EXIT 178/US-79 N",Buffalo,TX,765,3.549,31.46,-96.066
68406,TOOT N TOTUM #114,US-385/US-54,Dalhart,TX,585,3.199,36.058,-102.5123
68411,PAWNEE TRAVEL PLAZA,US-412 & SR-18,Pawnee,OK,560,3.044,36.3484,-96.8025
68416,STRIPES 7FLEET #42515,US-87 N,Lamesa,TX,710,3.099,32.7333,-101.9541
68417,7-ELEVEN #42072,"I-20, EXIT 599/SR-281",Longview,TX,766,3.20733333,32.5193,-94.7622
68419,ROAD RANGERS #270,"I-35, EXIT 114/SR-462",Moore,TX,740,3.169,29.0574,-99.0069
68420,SHELBINA Phillips 66,US-36 & SR-15,Shelbina,MO,494,3.099,39.693,-92.0396
68421,STRIPES,US-77,Refugio,TX,625,3.074,28.3074,-97.275
68423,GOLDEN GATE TRUCKSTOP,"I-80, EXIT 106 & SR-398",Lovelock,NV,966,3.649,40.1787,-118.4775
68424,MAVERICK TRAVEL CENTER,"I-20, EXIT 386/US-281",Santo,TX,637,3.099,32.6056,-98.2138
68428,STRIPES #40519,US-90/CR-1023,Uvalde,TX,740,3.359,29.2152,-99.7782
68432,PAPA ROCK,US-79/SR-76,Clarksville,TN,460,3.199,36.5692,-87.3413
68434,Circle K #2741789,"I-30, EXIT 98 & US-270",Malvern,AR,695,3.439,34.3734,-92.8205
68440,EXPRESS GAS,"I-40, EXIT 2A/US-51",Memphis,TN,435,2.979,35.1087,-89.9663
68441,QUIKTRIP #1106,US-76,Anderson,SC,30,2.959,34.5211,-82.6478
68444,Sunoco,US-30,Roebling,NJ,160,3.159,40.1167,-74.7775
68446,J J OIL #07,US-160,Ulysses,KS,525,3.399,37.5774,-101.3546
68447,JUMPIN JACKS 419,SR-161,Rockport,IN,487,3.999,37.8895,-87.0542
68451,CASEYS #3439,US-63,Lime Springs,IA,433,3.56566666,43.4499,-92.2841
68453,Marathon,US-82/US-27,Cuthbert,GA,10,3.699,31.7713,-84.794
68458,SPEEDWAY #6278,"I-96, EXIT 16",Coopersville,MI,456,3.599,43.0658,-85.9341
68458,SPEEDWAY #6278,"I-96, EXIT 16",Coopersville,MI,456,3.499,43.0658,-85.9341
68462,CHEVRON,SR-24 & SR-660,Houma,LA,623,3.099,29.58,-90.7059
68463,SPANISH LAKE TRUCK AND CASINO PLAZA,SR-182,New Iberia,LA,730,3.329,30.0049,-91.8202
68465,LOVES TRAVEL STOP #470,"I-75, EXIT 451",Jasper,FL,10,3.32733333,30.5061,-82.954
68466,KWIK TRIP #462,SR-11 & SR-83,Burlington,WI,444,3.274,42.6744,-88.2721
68468,SHELL,SR-193/SR-163 & CR-26,Theodore,AL,715,3.039,30.5408,-88.1885
68469,8 MILE STORE,"US-64/I-40, EXIT 127",Conway,AR,695,3.399,35.0753,-92.4692
68471,B LINE SHELL,SR-710,Jupiter,FL,140,3.95733333,26.92,-80.1128
68476,CREEK TRAVEL PLAZA,"I-65, EXIT 54",Atmore,AL,715,3.13566666,31.0927,-87.4762
68480,KUM & GO #0414,US-212/SR-265,Springdale,AR,645,3.14233333,36.1901,-94.1574
68493,FAST TRACK 427,"I-10, EXIT 225/US-19",Lamont,FL,20,3.739,30.3796,-83.8135
68494,LOVES TRAVEL STOPS #469,"I-85, EXIT 15 & US-1",South Hill,VA,180,3.949,36.7254,-78.1287
68494,LOVES TRAVEL STOP #469,"I-85, EXIT 15 & US-1",South Hill,VA,180,3.949,36.7254,-78.1287
68497,JACKSONS FOOD STORE #30,"I-86, EXIT 61",Pocatello,ID,825,3.459,42.8724,-112.4647
68499,DUBOIS TRAVEL STOP,I-15 & MAIN,Dubois,ID,825,4.299,44.1727,-112.2293
68506,WARRIOR RIDGE,US-22 & SR-3035,Ashland,PA,14,3.699,40.7811,-76.3451
68511,PWI #675,I-10/US-85/US-180 EXIT 155 & SR-227,Vado,NM,640,2.949,32.1278,-106.6571
68512,BP,US-29/SR-154,Palmetto,GA,18,3.249,33.531,-84.6678
68518,CHEVRON,SR-243,Gordon,GA,85,3.359,32.8866,-83.3349
68520,SPEED GAS,SR-56,Rosenhayn,NJ,150,3.459,39.4787,-75.138
68522,MINIT MART #600632,"I-474, EXIT 9 & SR-29",Pekin,IL,368,3.739,40.5678,-89.6251
68524,Coastal Fuel,US-421,Wilmington,NC,245,3.399,34.2099,-77.8866
68531,CASEYS #2845,"SR-150, I-380, EXIT 41",Urbana,IA,380,3.449,42.2286,-91.8867
68533,MACH ONE FOOD SHOP #17,US-45/US-50,Flora,IL,510,3.899,38.6688,-88.4758
68534,BG FOOD MART,US-31,Bowling Green,KY,460,3.05733333,36.9716,-86.4378
68535,CASEYS #3295,SR-35 & SR-27,Prairie Du Chien,WI,420,3.499,43.0429,-91.1372
68541,DUCK THRU #3,SR-11 & SR-561,Ahoskie,NC,130,3.56233333,36.2842,-76.9902
68542,EXCELL FUELS,SR-5,Buffalo,NY,38,3.999,42.9018,-78.8487
68549,GOOD 2 GO #212,US-310/SR 789,Lovell,WY,780,3.657,44.8357,-108.3919
68552,HUCKS FOOD & FUEL #368,"US-41, EXIT 44/SR-281",Madisonville,KY,340,3.399,37.3409,-87.5034
68556,MONICARLO FUEL STOP,US-61 & SR-54,Garyville,LA,623,3.199,30.0688,-90.6285
68559,KUM & GO #0779,"I-35, EXIT 92 & US-136",Bethany,MO,320,2.95566666,40.2684,-94.0282
68562,CHEVRON,SR-3235,Galliano,LA,725,3.499,29.447,-90.3096
68572,FOOD N FUN #17,US-90 & SR-83 & CR-605,New Iberia,LA,730,3.067,30.0049,-91.8202
68574,SPRING STREET SERVICE STATION,US-1/US-9,Elizabeth,NJ,115,3.099,40.6658,-74.1913
68581,CHEVRON #308195,"I-82, EXIT 58/US-12 & SR-223",Granger,WA,977,4.499,46.3454,-120.1925
68581,CHEVRON #308195,"I-82, EXIT 58/US-12 & SR-223",Granger,WA,977,4.329,46.3454,-120.1925
68588,SHELL,"US-202, EXIT 16",Orange,MA,175,3.649,42.59036,-72.30981
68592,Sprint Food #742,US-25/SR-121,North Augusta,SC,135,3.159,33.5214,-81.9547
68593,ONE9 #1285,"I-20, EXIT 386 & US-281",Santo,TX,575,2.924,32.6056,-98.2138
68594,CIRCLE K #2723796,SR-S-8-33 & SR-S-8-119,Charleston,SC,42,3.199,32.8168,-79.9687
68595,SUPER LUCKY LOUIES,US-190/SR-1,Port Allen,LA,600,3.03233333,30.4456,-91.2098
68596,FLASH MARKET SHELL,US-63,Koshkonong,MO,418,3.499,36.5976,-91.646
68598,7-ELEVEN #41032,US-84 & US-259,Mount Enterprise,TX,618,3.349,31.9113,-94.6826
68602,NEW DIXIE MART #19,"I-95, EXIT150",Whitakers,NC,205,3.339,36.1057,-77.7131
68606,SAMS MART #95,SR-49,Harrisburg,NC,46,3.799,35.3125,-80.6485
68613,SHEETZ #236,SR-441 & SR-772,Marietta,PA,70,3.389,40.0574,-76.5515
68618,MINER TOWNE MART,206 R-11,Shullsburg,WI,335,3.399,42.5733,-90.2348
68621,CIRCLE K #2723367,"I-77, EXIT 8 & SR-148",Fancy Gap,VA,65,3.29066666,36.6771,-80.6997
68622,PILOT #474,"I-79, EXIT 67 & SR-19",Sutton,WV,44,3.86566666,38.6663,-80.7116
68623,FLYING J TRAVEL PLAZA #304,"I-469, EXIT 19 & US-30",New Haven,IN,370,3.859,41.0676,-85.0174
68623,FLYING J #304,"I-469, EXIT 19 & US-30",New Haven,IN,370,3.859,41.0676,-85.0174
68624,PILOT #586,"I-10, EXIT 69 & SR-63",Moss Point,MS,715,3.459,30.4241,-88.5289
68625,FLYING J #470 HUDSON,"I-94, EXIT 10 & US-65",Roberts,WI,450,3.559,44.9733,-92.5505
68626,BECKS EXPRESS MART #14,SR-26,Princeton,IL,270,3.249,41.3807,-89.464
68630,DOWNSTREAM Q STORE,US-166/US-400,Joplin,MO,277,3.199,37.0757,-94.5018
68642,EXXON SANDY RIDGE MART,"I-40/US-421, EXIT 208",Colfax,NC,65,3.099,36.11264,-80.01448
68643,SHELL,"I-95, EXIT 58 & US-13",Wade,NC,63,3.199,35.1635,-78.737
68644,SUPERPUMPER #32,US-2,Minot,ND,452,3.599,48.2375,-101.278
68650,MARATHON,"I-75, EXIT 8",Cincinnati,OH,300,3.899,39.1413,-84.506
68653,KWIK TRIP #679,"I-43, EXIT 128 & SR-42",Sheboygan,WI,444,3.21566666,43.7403,-87.7316
68656,TA Express Williston,US-2 & US-85,Williston,ND,807,3.44733333,48.1814,-103.6364
68659,KWIK TRIP #659,"US-52, EXIT 56 & CR-22",Rochester,MN,515,3.549,44.0154,-92.478
68663,LOVES TRAVEL STOP #474,US-85/US-2 & CR-6,Williston,ND,273,3.519,48.1814,-103.6364
68665,BIG D 14,"I-90, EXIT 46/US-14/SR-79",Piedmont,SD,506,3.13733333,44.2136,-103.3717
68671,CASEYS #2969,US-81 & RD F,Fairmont,NE,350,3.28233333,40.6343,-97.5991
68672,24 NORTH MOBIL,"I-495, EXIT 7A & SR-24, EXIT 14B",Bridgewater,MA,175,3.699,41.99038,-70.97504
68674,TEXACO,US-290 & SR-696,Elgin,TX,595,3.099,30.3526,-97.3883
68684,Rebecca Plantation Truck Plaza,"US-90, EXIT 200 & SR-311",Schriever,LA,623,2.999,29.7333,-90.831
68685,QUICK FUEL #2403,"I-29/I-35/SR-71, EXIT 5B",Kansas City,MO,400,3.344,39.1238,-94.5541
68689,CHEVRON,"I-10, EXIT 59 & SR-395",Roanoke,LA,690,3.609,30.2356,-92.7481
68690,MARATHON,US-30 & SR-30,Mansfield,OH,315,3.499,40.7656,-82.5275
68691,BYRNE DAIRY #43,"I-81, EXIT 36 & SR-13",Pulaski,NY,220,4.099,43.5653,-76.1268
68692,DANDY MINI MART #57,SR-14,Horseheads,NY,190,3.899,42.16702,-76.82051
68693,SUPER STOPS,SR-70 & SR-308,Belle Rose,LA,623,3.499,30.0422,-91.0497
68696,STRIPES #40800,FM-351 & US-181,Beeville,TX,625,3.01566666,28.4053,-97.749
68697,STRIPES #40915,"I-35, EXIT 8 & SR-20 & FM-1472",Laredo,TX,693,2.979,27.5625,-99.4874
68698,GAS N WASH,"I-80, EXIT 145 & SR-84",Mokena,IL,365,3.499,41.5327,-87.8781
68699,ORGANIC CONNECTION MOBIL,SR-997,Homestead,FL,95,3.344,25.4665,-80.4472
68701,SPEEDWAY #1421,US-45 & CR-74,Frankfort,IL,293,3.399,41.4892,-87.8363
68701,SPEEDWAY #1421,US-45 & CR-74,Frankfort,IL,293,3.359,41.4892,-87.8363
68701,SPEEDWAY #1421,US-45 & CR-74,Frankfort,IL,293,3.299,41.4892,-87.8363
68701,SPEEDWAY #1421,US-45 & CR-74,Frankfort,IL,293,3.369,41.4892,-87.8363
68702,QUIKTRIP #1120,"I-85, EXIT 90 & SR-105",Gaffney,SC,210,3.19066666,35.0743,-81.6552
68708,LOVES TRAVEL STOP #476,"I-80, EXIT 292 & SR-130",Davenport,IA,270,3.86233333,41.5565,-90.6053
68716,ALLTOWN MARKETS #833,I-95 EXIT 41,Milford,CT,100,3.599,41.22232,-73.0565
68722,Pilot #140,US-40/US-191,Roosevelt,UT,835,3.759,40.2924,-110.0093
68730,KENT KWIK #315,SR-158 & FM-1788,Midland,TX,710,3.43733333,32.0243,-102.1147
68734,LOVES TRAVEL STOP #478,"I-15, EXIT 113",Idaho Falls,ID,825,3.75566666,43.4871,-112.0362
68737,KWIK TRIP #691,"I-39, EXIT 161",Stevens Point,WI,395,3.559,44.5241,-89.5507
68738,CASEYS #2316,US-136/SR-5 & SR-5,Unionville,MO,320,3.214,40.4757,-93.0044
68740,Certified Oil #400352,US-20 & SR-510 & SR-101,Clyde,OH,550,3.379,41.3044,-82.9781
68741,COUNTY LINE TRUCK STOP,SR-22,Dickinson,ND,273,3.53233333,46.8918,-102.7925
68742,ARTESIA #401,SR-82 & SR-285,Artesia,NM,593,3.439,32.8497,-104.4268
68796,MR FUEL #731,"I-70, EXIT 123 & SR-3",Spiceland,IN,375,3.699,39.8433,-85.426
68797,SPEEDWAY #1412,SR-43,Frankfort,IL,293,3.359,41.4892,-87.8363
68798,PILOT DEALER #1179,SR-189,Nogales,AZ,980,4.249,31.3624,-110.9336
68798,PILOT #1179,SR-189,Nogales,AZ,980,4.249,31.3624,-110.9336
68799,SHELL FOOD MART # 25,"I-20, EXIT 77 & SR-13",Morton,MS,705,3.199,32.3455,-89.6572
68801,7-ELEVEN #40574,US-281,Blanco,TX,740,3.399,30.0987,-98.4169
68803,SHELL,"I-45, EXIT 152",Madisonville,TX,670,3.18233333,30.9538,-95.9091
68806,SHELL,US-90,Westwego,LA,725,3.06566666,29.9058,-90.1434
68808,SPEEDWAY #4574,US-701,Loris,SC,245,3.269,34.0578,-78.8876
68813,SPEEDWAY #8741,"I-96, EXIT 86 & SR-100",Eagle,MI,406,3.789,42.8098,-84.7909
68814,TA HOLBROOK,"I-40/US-180, EXIT 283",Holbrook,AZ,580,3.65566666,34.9044,-110.1672
68815,LOVES TRAVEL STOP #471,"I-35, EXIT 127 & FM-471",Natalia,TX,740,3.203,29.1876,-98.8524
68815,LOVES TRAVEL STOPS #471,"I-35, EXIT 127 & FM-471",Natalia,TX,740,3.289,29.1876,-98.8524
68821,Joe's Kwik Mart #473,CR-139,Lancaster,NY,38,3.799,42.90061,-78.67031
68821,Joe's Kwik Mart #473,CR-139,Lancaster,NY,38,3.659,42.90061,-78.67031
68822,CASEYS #3919,"I-35/US-50, EXIT 148 & SR-131",Lebo,KS,400,3.089,38.4156,-95.8622
68823,FRIENDS FOOD MART,SR-13,Mansfield,OH,249,4.199,40.7656,-82.5275
68824,EXPRESSWAY,SR-60 & CR-9,Heron Lake,MN,425,3.299,43.7981,-95.3197
68825,ALLTOWN MARKETS #832,"I-95, EXIT 40",Milford,CT,100,3.599,41.22232,-73.0565
68826,HIGHWAY SERVICE,US-44,Seekonk,MA,175,3.319,41.80843,-71.337
68828,CIRCLE K #2721540,US-78 & SR-15,New Albany,MS,435,3.759,34.4909,-89.0201
68831,KWIK TRIP #896,SR-65 & CR-J,Minneapolis,MN,451,3.599,44.9635,-93.2678
68835,SPEEDWAY #7954,US-258/SR-24,Richlands,NC,205,3.324,34.9003,-77.5427
68836,Corner Market #160,US-60,Pampa,TX,585,3.399,35.5479,-100.9651
68839,CHOCTAW TRAVEL PLAZA #641,US-69/SR-43,Stringtown,OK,560,3.159,34.4701,-96.0549
68840,LOVES TRAVEL STOP #475,"I-20/US-84, EXIT 242 & FM-142",Sweetwater,TX,575,3.189,32.4692,-100.4092
68841,PILOT TRAVEL CENTER #575,"I-95, EXIT 1",Saint Marys,GA,75,3.599,30.7567,-81.5722
68841,PILOT TRAVEL CENTERS #575,"I-95, EXIT 1",Saint Marys,GA,75,3.599,30.7567,-81.5722
68843,PILOT #467,"I-37, EXIT 125",San Antonio,TX,740,3.399,29.4632,-98.5238
68844,FLYING J #553,"I-10, EXIT 259",Fort Stockton,TX,710,3.659,30.8926,-102.8842
68845,PILOT TRAVEL CENTER #4651,"I-95, EXIT 4",Skippers,VA,180,3.799,36.61182,-77.54665
68847,CIRCLE K #2741553,US-190/US-183 & US-281,Lampasas,TX,595,2.759,31.064,-98.1824
68848,CIRCLE K #2741328,"I-35, EXIT 328 & FM-2063",Hewitt,TX,765,2.86566666,31.452,-97.196
68849,Circle K #2706632,US-80/SR-8 & CR-480,Selma,AL,720,3.699,32.4166,-87.0336
68850,SPRINT MART #67,US-84/US-425,Vidalia,LA,730,3.08233333,31.5668,-91.4404
68856,KWIK N EZ #1,"I-40, EXIT 265",Checotah,OK,645,2.909,35.482,-95.5224
68860,PETRO STOP #394,"I-35, EXIT 101 & FM-140",Pearsall,TX,740,3.53566666,28.8915,-99.0975
68861,KWIK TRIP #733,SR-76/SR-44,Caledonia,MN,515,3.49066666,43.6344,-91.5009
68864,QUICK FUEL #3190,"I-75, EXIT 68",Dayton,OH,317,3.67733333,39.7805,-84.2003
68865,QUICK FUEL #3192,"I-275, EXIT 42B & SR-747",Cincinnati,OH,300,3.25233333,39.1413,-84.506
68868,PUMP & PANTRY #14,SR-92/SR-2,Broken Bow,NE,330,3.299,41.4051,-99.6408
68869,PUMP & PANTRY #4,SR-2 & SR-11,Cairo,NE,330,3.32733333,41.0046,-98.6007
68873,ONVO TRAVEL PLAZA - MOUNTAIN COBB,"I-84, EXIT 8",Lake Ariel,PA,200,3.58566666,41.45397,-75.38268
68874,QUIKTRIP #492,"I-10, EXIT 114 & SR-85",Buckeye,AZ,930,3.369,33.4314,-112.6429
68875,SHEETZ #512,"I-40, EXIT 203 & SR-66",Kernersville,NC,65,2.844,36.1065,-80.0842
68882,CAPITAL FUELS MYTON,US-40/191,Myton,UT,835,3.50233333,40.1933,-110.0624
68883,CBH TRAVEL CENTER,US-85,Belle Fourche,SD,506,3.299,44.664,-103.8564
68885,FLYING J #488,"I-35, EXIT 69",Cotulla,TX,693,3.599,28.4364,-99.2367
68886,BEBO'S,SR-38,Kentwood,LA,600,3.01566666,30.9339,-90.5153
68888,Express Lane,"US-80, EXIT 33 & US-6/SR-78",Annawan,IL,270,3.299,41.3958,-89.8882
68888,Express Lane,"US-80, EXIT 33 & US-6/SR-78",Annawan,IL,270,3.399,41.3958,-89.8882
68890,Circle K #2741795,"I-430, EXIT 12 & SR-100",Maumelle,AR,695,3.18566666,34.8522,-92.4
68891,LOVES TRAVEL STOP #480,I-40 EXIT 364,Lenoir City,TN,405,3.439,35.8111,-84.2818
68892,OLIVE EXXON,US-31,Holland,MI,371,3.799,42.7677,-86.0984
68893,J & H FAMILY STORE,"I-96, EXIT 52 & SR-50",Lowell,MI,371,3.789,42.9351,-85.3457
68894,ROCKFORD MOBIL MART,"US-131, EXIT 97",Rockford,MI,344,3.599,43.1267,-85.5582
68894,ROCKFORD MOBIL MART,"US-131, EXIT 97",Rockford,MI,344,3.299,43.1267,-85.5582
68895,J & H FAMILY STORE #103,"I-196, EXIT 62",Hudsonville,MI,344,3.399,42.8632,-85.8627
68897,TA CARYVILLE,"I-75, EXIT 141",Pioneer,TN,405,3.00733333,36.41758,-84.3141
68899,XTRAMART,SR-9,Westborough,MA,175,3.649,42.26954,-71.61618
68900,DUCK THRU #41,US-17/SR-37,Hertford,NC,130,3.599,36.1813,-76.4673
68901,SPEEDWAY #1224,"SR-741 & I-71, EXIT 25",Mason,OH,300,3.159,39.3571,-84.3023
68902,CASEYS #3062,SR-281 & SR-160,Medicine Lodge,KS,357,3.114,37.2851,-98.5812
68903,BIG D KWIK SHOP,SR-59,Gillette,WY,836,3.379,44.2752,-105.4982
68907,QUIKTRIP #943,"I-35E, EXIT 405 & US-77",Waxahachie,TX,630,2.89566666,32.4035,-96.8446
68908,SPEEDWAY #1804,"I-270, EXIT 32 & I-71, EXIT 116",Columbus,OH,315,3.69233333,39.9862,-82.9855
68912,Chisholm Corner #13,"SR-19 & I-35, EXIT 72",Pauls Valley,OK,569,3.089,34.7231,-97.2281
68913,CASEYS #3263,"I-90, EXIT 43 & SR-60",Worthington,MN,530,3.14233333,43.6281,-95.599
68915,PUMP & PANTRY #53,US-20,Jackson,NE,527,3.41233333,42.4507,-96.5787
68916,YESWAY #1075,"I-20, EXIT 278",Tye,TX,575,2.87566666,32.4522,-99.8665
68919,GULF MART 5150,"I-90 E, MM 117",Natick,MA,34,4.06566666,42.28343,-71.3495
68921,GAS N GO,US-341/SR-7 & SR-96/SR-49,Fort Valley,GA,85,3.18233333,32.552,-83.8817
68923,STRIPES 7FLEET #42509,US-67 & SR-137,Big Lake,TX,612,3.599,31.1941,-101.4534
68924,KWIK TRIP #326,"I-90, EXIT 171 & US-51 & US-14",Janesville,WI,420,3.374,42.6854,-89.0135
68925,KWIK TRIP #874,"I-35, EXIT 132 & US-8",Chisago City,MN,448,3.32733333,45.3473,-92.9116
68926,KWIK TRIP #872,SR-26,Jefferson,WI,420,3.38233333,43.0044,-88.8084
68927,MARATHON,US-19 & SR-80,Rosedale,VA,185,3.749,36.95928,-81.93124
68928,PILOT TRAVEL CENTER #475,"I-40, EXIT 196 & SR-41",Moriarty,NM,580,3.244,35.0034,-106.0444
68929,SPEEDWAY #6953,"I-74/US-311, EXIT 65",High Point,NC,65,3.529,35.991,-79.9937
68930,PILOT #4569,"I-95, EXIT 5",Hardeeville,SC,195,3.37566666,32.2949,-81.0321
68933,RUTTERS #23,US-30 & SR-462,Mountville,PA,70,3.979,40.0402,-76.4339
68935,JACKSONS FOOD STORES #144,I-84 & SR-55,Nampa,ID,785,3.899,43.5844,-116.5638
68936,AMOCO,US-421/SR-11 & SR-53,Burgaw,NC,245,3.599,34.5509,-77.9224
68937,LANTZ CORNERS MINI MART #255,US-6 & US-219,Kane,PA,240,3.71566666,41.6631,-78.8094
68938,TOOT N TOTUM #23,SR-136/207 & SR-152,Borger,TX,585,3.01566666,35.6598,-101.4012
68941,ALLTOWN MARKETS #2743,"US-3, EXIT 28",North Billerica,MA,178,3.68233333,42.58343,-71.2845
68946,FLYING J #97,"I-75, EXIT 64",Vandalia,OH,317,3.35233333,39.8791,-84.193
68947,PILOT TRAVEL CENTER #593,"I-10, EXIT 268",Tucson,AZ,980,3.30233333,32.1541,-110.8787
68949,JOES KWIK MARTS #475,US-15 & SR-20,Orange,VA,180,3.33233333,38.2485,-78.1129
68950,KWIK TRIP #608,US-52 & SR-30,Chatfield,MN,515,3.48233333,43.8445,-92.1829
68951,KWIK TRIP #313,US-10 & SR-73,Neillsville,WI,395,3.339,44.5605,-90.5906
68952,MAVERIK COUNTRY STORE #425,"I-84, EXIT 376, US-30/US-95",Fruitland,ID,785,3.36566666,44.0197,-116.922
68956,SPEEDWAY #4533,"US-18/US-12, EXIT 146",Madison,WI,448,3.599,43.0822,-89.393
68957,TA EXPRESS #6259,US-85/SR-200,Alexander,ND,273,3.52566666,47.8393,-103.6426
68959,SPEEDWAY #5215,"I-70, EXIT 66 & SR-54",South Vienna,OH,315,3.159,39.9294,-83.6138
68960,MAVERIK COUNTRY STORE #484,"I-15/84, EXIT 343 & SR-126",Ogden,UT,835,3.39233333,41.2279,-111.9682
68964,JIFFY TRIP #201,US-64/SR-58,Cherokee,OK,337,3.269,36.7507,-98.3577
68969,MAVERIK COUNTRY STORE #474,"I-80, EXIT 115, CR-154",Salt Lake City,UT,835,3.389,40.7776,-111.9311
68971,FLYING J #580,"I-20, EXIT 121",Odessa,TX,710,3.56566666,31.8801,-102.3448
68972,SUNOCO CLARA BARTON PLAZA #7005,NJTP MM 5 SB,Penns Grove,NJ,115,3.899,39.7275,-75.4691
68974,STRIPES #40801,US-181 & SR-123 & CR-347,Karnes City,TX,625,3.174,28.8858,-97.9002
68976,MAVERIK COUNTRY STORE #453,"I-80, EXIT 223 & SR-305",Battle Mountain,NV,835,3.389,40.6299,-116.9518
68977,MAVERIK COUNTRY STORE #444,US-491 & US-666,Monticello,UT,835,3.489,37.8683,-109.338
68978,MAVERIK COUNTRY STORE #287,"I-84, EXIT 36 & US-30",Nampa,ID,785,3.38566666,43.5844,-116.5638
68979,MAVERIK COUNTRY STORE #478,"I-40, EXIT 286 & SR-77",Holbrook,AZ,930,3.224,34.9044,-110.1672
68981,PETRO-CARD 24 #910450,US-63 & US-36,Macon,MO,494,3.239,39.7426,-92.4711
68982,SHELL,US-23,Grand Blanc,MI,342,3.799,42.9258,-83.6181
68985,LOVES TRAVEL STOP #500,"I-35, EXIT 106",Eagleville,MO,320,3.789,40.4685,-93.9862
68987,STRIPES #40535,I-35,Cotulla,TX,625,3.339,28.4364,-99.2367
68988,7-ELEVEN #40547,US-281 & SR-29,Burnet,TX,740,2.95733333,30.7496,-98.2383
68989,QUARLES #4907,SR-166,Norfolk,VA,130,3.809,36.8945,-76.259
68990,LOVES TRAVEL STOP #490,"I-24, EXIT 158",Jasper,TN,285,3.25233333,35.0663,-85.6227
68991,LOVES TRAVEL STOP #514,"I-90/US-395, EXIT 221 & SR-261",Ritzville,WA,970,3.959,47.1253,-118.3809
68991,LOVES TRAVEL STOP #514,"I-90/US-395, EXIT 221 & SR-261",Ritzville,WA,970,4.049,47.1253,-118.3809
68991,LOVES TRAVEL STOP #514,"I-90/US-395, EXIT 221 & SR-261",Ritzville,WA,970,3.989,47.1253,-118.3809
68991,LOVES TRAVEL STOP #514,"I-90/US-395, EXIT 221 & SR-261",Ritzville,WA,970,3.919,47.1253,-118.3809
68991,LOVES TRAVEL STOPS #514,"I-90/US-395, EXIT 221 & SR-261",Ritzville,WA,970,4.019,47.1253,-118.3809
68992,SHORT STOP #24,US-24,Saint Marys,KS,553,2.96733333,39.1942,-96.0643
68993,SHORT STOP #22,SR-15,Clay Center,KS,316,2.97233333,39.3812,-97.1276
68994,SHORT STOP #25,US-36 & SR-15,Washington,KS,316,2.90233333,39.816,-97.0487
68995,ALLTOWN MARKETS #839,"I-95, EXIT 10",Darien,CT,100,3.83233333,41.07871,-73.46929
68996,BLU / DRIVEN FUELS,"I-15, EXIT 113",Idaho Falls,ID,825,3.479,43.4871,-112.0362
69002,KWIK TRIP #863,US-10,Stevens Point,WI,395,3.584,44.5241,-89.5507
69004,Maplefields,HWY 9 N & ROUTE 22,Ticonderoga,NY,39,3.749,43.84867,-73.42345
69005,SPEEDWAY #1017,"I-70, EXIT 186 & SR-285",Lore City,OH,315,3.23233333,39.9832,-81.46
69006,PILOT #449,"I-70, EXIT 208",Belmont,OH,165,3.539,40.028,-81.0409
69007,SPEEDWAY #7136,US-41 & US-70,Nashville,TN,460,3.24233333,36.1715,-86.7842
69008,SPEEDWAY #7137,SR-42 & SR-111,Cookeville,TN,460,3.07733333,36.1482,-85.5109
69009,PILOT #1140,US-287,Rhome,TX,630,3.17566666,33.0646,-97.4779
69010,PILOT TRAVEL CENTER #1023,US-69 & US-59/SR-287,Lufkin,TX,610,3.659,31.3217,-94.7277
69013,SPEEDWAY #7124,US-231/SR-10,Lebanon,TN,460,3.024,36.204,-86.3481
69014,SPEEDWAY #4100,"I-94, EXIT 308 & US-41",Milwaukee,WI,448,3.599,43.0642,-87.9675
69015,Joe's Kwik Mart,"I-75, EXIT 7 & US-11 & US-64",Chattanooga,TN,285,3.149,35.066,-85.2481
69016,SPEEDWAY #7606,"I-75, EXIT 25",Corbin,KY,405,3.519,36.9323,-84.1006
69017,SHELL,US-71 & SR-511,Bossier City,LA,745,2.999,32.5224,-93.6668
69021,SWEET CRUDE TRAVEL CENTER,HWY 85 & SR 200,Grassy Butte,ND,273,3.64066666,47.39251,-103.24797
69027,SPINX #134 (DISCOUNT AVAILABLE),SR-55 & 418,Simpsonville,SC,30,3.06566666,34.7287,-82.2569
69028,LOVES TRAVEL STOP #427,"I-75, EXIT 51",Dayton,OH,317,3.319,39.7805,-84.2003
69029,LOVES TRAVEL STOP #461,"I-70, EXIT 246A",Saint Louis,MO,540,3.114,38.6359,-90.2451
69030,LOVES TRAVEL STOP #424,"I-20, EXIT 51",Lexington,SC,135,3.40733333,33.989,-81.2202
69031,LOVES TRAVEL STOP #492,"I-20, EXIT 42 & US-285",Pecos,TX,710,3.455,31.42291,-103.49323
69031,LOVES TRAVEL STOPS #492,"I-20, EXIT 42 & US-285",Pecos,TX,710,3.449,31.42291,-103.49323
69036,REFUEL #1038,US-15 & SR-151,Hartsville,SC,46,3.36566666,34.3675,-80.0829
69037,CIRCLE K #2723192,US-64 & US-421,Siler City,NC,177,2.949,35.7251,-79.456
69038,REFUEL #1028,US-421/US-52 & US-15,Society Hill,SC,63,3.399,34.5098,-79.8539
69041,SPEEDWAY #7960,US-258/US-13,Farmville,NC,205,2.899,35.5951,-77.5907
69042,Joes Kwik Mart #7012,US-17/701,Georgetown,SC,205,2.999,33.3594,-79.2958
69043,KWIK TRIP #204,"US-51, EXIT 188",Wausau,WI,395,3.33233333,44.962,-89.6459
69045,TA BRUNSWICK #6258,"I-95, EXIT 29",Brunswick,GA,75,3.46066666,31.1449,-81.4746
69046,SPEEDWAY #6303,"I-96, EXIT 4 & US-31",Muskegon,MI,456,3.299,43.2281,-86.2562
69046,SPEEDWAY #6303,"I-96, EXIT 4 & US-31",Muskegon,MI,456,3.319,43.2281,-86.2562
69046,SPEEDWAY #6303,"I-96, EXIT 4 & US-31",Muskegon,MI,456,3.359,43.2281,-86.2562
69046,SPEEDWAY #6303,"I-96, EXIT 4 & US-31",Muskegon,MI,456,3.379,43.2281,-86.2562
69046,SPEEDWAY #6303,"I-96, EXIT 4 & US-31",Muskegon,MI,456,3.279,43.2281,-86.2562
69047,SPEEDWAY #7461,I-294 & SR-50/SR-31,Alsip,IL,293,3.219,41.6701,-87.7368
69048,QUICK FUEL #2104,"I-74, EXIT 11",Indianapolis,IN,375,3.66233333,39.7771,-86.1458
69049,CIRCLE K #2741787,"I-440, EXIT 7 & US-165",North Little Rock,AR,695,3.369,34.7807,-92.2371
69051,PILOT TRAVEL CENTER #1225,"I-64, EXIT 23 & SR-4",Mascoutah,IL,540,3.799,38.5192,-89.8045
69051,PILOT TRAVEL CENTER #1225,"I-64, EXIT 23 & SR-4",Mascoutah,IL,540,3.859,38.5192,-89.8045
69051,PILOT #1225,"I-64, EXIT 23 & SR-4",Mascoutah,IL,540,3.859,38.5192,-89.8045
69052,PILOT DEALER #1193,US-93,Wikieup,AZ,930,3.839,34.6931,-113.5995
69052,PILOT #1193,US-93,Wikieup,AZ,930,3.899,34.6931,-113.5995
69053,PILOT #1192,US-60,Wittmann,AZ,930,4.899,33.7749,-112.525
69053,PILOT DEALER #1192,US-60,Wittmann,AZ,930,4.899,33.7749,-112.525
69055,PILOT DEALER #1058,US-301 & SR-200,Waldo,FL,140,3.799,29.7925,-82.1663
69055,PILOT TRAVEL CENTER #1058,US-301 & SR-200,Waldo,FL,140,3.799,29.7925,-82.1663
69057,MACH ONE FOOD SHOP #18,US-45/SR-15,Fairfield,IL,340,3.759,38.3798,-88.3723
69057,MACH ONE FOOD SHOP #18,US-45/SR-15,Fairfield,IL,340,3.729,38.3798,-88.3723
69058,FOOD N FUEL,SR-53,Joliet,IL,365,3.599,41.5188,-88.1499
69058,FOOD N FUEL,SR-53,Joliet,IL,365,3.499,41.5188,-88.1499
69059,LOVES TRAVEL STOP #530,"I-20, EXIT 147",Moody,AL,615,3.17566666,33.5986,-86.4963
69061,SPINX #125 (DISCOUNT AVAILABLE),US-25 & SR-331,Piedmont,SC,30,3.06566666,34.7074,-82.4651
69064,DUCK THRU #7,US-258,Rich Square,NC,130,3.699,36.2739,-77.2839
69067,AP FUEL STOP,"I-75, EXIT 120",Lima,OH,411,3.08066666,40.741,-84.112
69069,SPINX #179 (DISCOUNT AVAILABLE),SR-291,Greenville,SC,210,3.799,34.8354,-82.3646
69073,LOVES TRAVEL CENTER #518,"I-15, EXIT 260 & SR-77",Springville,UT,835,3.689,40.1638,-111.6205
69073,LOVES TRAVEL STOP #518,"I-15, EXIT 260 & SR-77",Springville,UT,835,3.809,40.1638,-111.6205
69076,A PLUS MINI MARKET,"I-95, MM 82",Aberdeen,MD,22,3.83233333,39.5151,-76.1733
69077,FLYING J #554,"I-37, EXIT 56",George West,TX,740,3.199,28.33,-98.1183
69078,PILOT #559,"I-20, EXIT 178",Big Spring,TX,612,3.659,32.2389,-101.4799
69079,Circle K #2746432,SR-2,Stanley,ND,452,3.549,48.3137,-102.3974
69084,TIGER MART #79,SR-287 & FM-664,Waxahachie,TX,630,2.849,32.4035,-96.8446
69085,FATDOGS OGALLALA,"US-80, EXIT 126 & US-26/SR-61",Ogallala,NE,475,3.014,41.1292,-101.7211
69088,SPEEDWAY #3478,US-9 & SR-184,Perth Amboy,NJ,115,3.419,40.5202,-74.2724
69091,SPEEDWAY #6670,US-36/SR-67,Indianapolis,IN,375,3.229,39.7771,-86.1458
69095,JACKSONS FOOD STORE #23,"SR-395, EXIT 78",Reno,NV,966,3.999,39.5497,-119.8483
69096,SPEEDWAY #2907,US-62 & SR-18,Hermitage,PA,165,3.93733333,41.2305,-80.4413
69097,CIRCLE K #2741192,"I-30, EXIT 42B & SR-180",Dallas,TX,630,2.899,32.7935,-96.7667
69098,CIRCLE K #2741318,SR-285 & CR-160,Dripping Springs,TX,595,3.049,30.196,-98.0938
69099,LOVES TRAVEL STOP #523,"I-10, EXIT 92",Rayne,LA,600,3.149,30.2403,-92.2668
69100,DADS NORTH YELLOWSTONE,US-26,Idaho Falls,ID,825,3.599,43.4871,-112.0362
69101,BROMPTON VALERO,"I-20, EXIT 147 WEST",Moody,AL,615,3.12233333,33.5986,-86.4963
69102,CIRCLE K #4701445,"I-57, EXIT 250 & US-36",Rantoul,IL,280,3.599,40.3031,-88.1549
69102,CIRCLE K #4701445,"I-57, EXIT 250 & US-36",Rantoul,IL,280,3.799,40.3031,-88.1549
69103,LOVES TRAVEL STOP #539,US-385 & FM-1910,Andrews,TX,710,3.689,32.3207,-102.552
69104,QUIKTRIP #970,SR-12 & SR-180,Dallas,TX,630,2.97566666,32.7935,-96.7667
69106,SPINX #201,"I-185, EXIT 1A, I-385, EXIT 30",Simpsonville,SC,30,2.96566666,34.7287,-82.2569
69109,SHEETZ #497,"I-99, EXIT 15 & US-220 (BUSINESS)",Claysburg,PA,14,3.644,40.2915,-78.4514
69110,SHEETZ #498,US-22/US-119,Blairsville,PA,165,3.52733333,40.4326,-79.2599
69112,LOVES TRAVEL STOP #529,"I-39, EXIT 54",Oglesby,IL,290,3.489,41.2932,-89.071
69112,LOVES TRAVEL STOP #529,"I-39, EXIT 54",Oglesby,IL,290,3.589,41.2932,-89.071
69112,LOVES TRAVEL STOP #529,"I-39, EXIT 54",Oglesby,IL,290,3.389,41.2932,-89.071
69115,BP,"I-90, EXIT 387/CR-151",Hartford,SD,530,2.97733333,43.621,-96.9424
69117,SPEEDWAY #6395,US-24 & SR-64,Waterville,OH,550,3.699,41.5015,-83.7367
69119,CIRCLE K #2741217,"I-24, EXIT 242 & US-550/SR-24",Bernalillo,NM,580,3.52566666,35.3127,-106.5537
69122,DOUBLE QUICK #61,US-82,Leland,MS,655,3.299,33.4051,-90.8909
69123,LATTA TRAVEL STOP,SR-1,Ada,OK,569,3.10733333,34.7662,-96.6681
69124,LOVES TRAVEL STOP #467,"I-95, EXIT 131 & SR-68",Fort Pierce,FL,95,3.50566666,27.4255,-80.3431
69125,TA BROOKLYN,"I-80, EXIT 197",Brooklyn,IA,380,3.819,41.732,-92.445
69127,TALL TIMBERS TRUCK STOP,"I-55, EXIT 46 & SR-16",Amite,LA,600,2.999,30.72657,-90.50898
69128,BEACON & BRIDGE #34,"US-127, EXIT 194 & SR-55",Houghton Lake,MI,260,3.399,44.3019,-84.7491
69132,PILOT #1001,US-67 & SR-137,Big Lake,TX,710,4.059,31.1941,-101.4534
69133,PILOT TRAVEL CENTERS #557,US-180 & US-62,Hobbs,NM,593,3.729,32.7281,-103.16
69134,LOVES TRAVEL STOP #486,"I-40 & US-270, EXIT 166",Choctaw,OK,483,3.33733333,35.4802,-97.2666
69135,SPEEDWAY #8013,"I-70, EXIT 21",Brookville,OH,317,3.34066666,39.8393,-84.4176
69137,CIRCLE K #2741564,"I-35/US-77, EXIT 338B",Waco,TX,765,2.889,31.5599,-97.1882
69139,CIRCLE K #2741545,SR-72 & US-87,Cuero,TX,747,3.099,29.1023,-97.2871
69141,LOVES TRAVEL STOP #558,US-283 & US-400/US-56,Dodge City,KS,570,3.789,37.7611,-100.0182
69142,LOVES TRAVEL STOP #517,"I-70, EXIT 26 & US-50/6",Grand Junction,CO,800,3.989,39.0877,-108.5673
69143,MACH 1 #21,US-45 & SR-34,Harrisburg,IL,510,3.689,37.7374,-88.5457
69144,STRIPES 7FLEET #42530,SR-71 & SR-16,Llano,TX,740,3.23233333,30.7509,-98.6763
69145,SPEEDWAY #9561,"I-77, EXIT 132",Ripley,WV,44,3.499,38.8201,-81.7091
69146,DRUMS FUEL STOP,I-80 EXIT 262,Drums,PA,200,3.569,41.01814,-75.99493
69149,BLU STATION- LAMAR AVE,"I-240, EXIT 30",Memphis,TN,435,2.969,35.1087,-89.9663
69150,BLU STATION,"I-70, EXIT 66 & SR-267",Plainfield,IN,375,3.479,39.6954,-86.3716
69151,PILOT #592,"I-70, EXIT 26 & US-50",Grand Junction,CO,800,3.999,39.0877,-108.5673
69151,PILOT TRAVEL CENTER #592,"I-70, EXIT 26 & US-50",Grand Junction,CO,800,3.999,39.0877,-108.5673
69152,LOVES TRAVEL STOP #557,"US-64/167, EXIT 44 & SR-367",Searcy,AR,695,3.36233333,35.2418,-91.7351
69153,Pilot Travel Center #1550,"I-65, EXIT 304 & SR-69/CR-437",Cullman,AL,615,3.859,34.1775,-86.8407
69153,PILOT #1550,"I-65, EXIT 304 & SR-69/CR-437",Cullman,AL,615,3.859,34.1775,-86.8407
69155,PILOT TRAVEL CENTERS #1004,"I-35, EXIT 214 & US-60",Tonkawa,OK,500,3.59566666,36.6769,-97.3235
69156,BLU STATION,"I-55, EXIT 5A",Memphis,TN,435,2.969,35.1087,-89.9663
69159,EXXON,US-15 & SR-49,Lawrenceville,PA,32,3.699,41.9959,-77.1304
69162,Shell,US-20 & SR-15,Goshen,IN,370,3.549,41.5743,-85.8309
69163,CUBBYS #406,"I-229, EXIT 9 & SR-115",Sioux Falls,SD,530,3.099,43.5396,-96.7311
69164,CIRCLE K #2741557,US-190 & SR-195 & SR-3470,Killeen,TX,765,2.76233333,31.0753,-97.7297
69165,EL TIPI QUICK STOP,US-283 & SR-15,Shattuck,OK,337,3.23233333,36.2649,-99.8774
69167,HOBO TRUCK STOP 2,US-50/400 & US-83,Garden City,KS,525,3.399,37.9753,-100.8527
69168,STRIPES 7FLEET #42470,I-20 EXIT 324 & CR-134,Cisco,TX,575,3.12733333,32.3848,-98.9805
69169,LAMBOS #5,"I-57, EXIT 212 & SR-36/CR-950",Tuscola,IL,280,3.229,39.7968,-88.2749
69170,SPEEDWAY #9381,US-50 & SR-14,Parkersburg,WV,430,3.464,39.2623,-81.542
69171,KWIK STAR #215,US-61,Davenport,IA,270,3.649,41.5565,-90.6053
69172,KWIK TRIP #210,"US-53, EXIT 90",Eau Claire,WI,295,3.40733333,44.8197,-91.4948
69173,KWIK TRIP #231,US-61 & SR-310,Boscobel,WI,335,3.474,43.1437,-90.6948
69174,KWIK TRIP #860,SR-17,Rhinelander,WI,395,3.45233333,45.6358,-89.4261
69175,KWIK TRIP #854,US-212 & CR-33,Norwood Young America,MN,453,3.674,44.7721,-93.9192
69176,FLYING J TRAVEL PLAZA #1015- TOWN PUMP,SR-200/SR-16 & CR-123,Sidney,MT,780,3.384,47.7152,-104.1679
69177,LOVES TRAVEL STOP #426,"I-80, EXIT 34",Shelby,IA,433,3.649,41.5067,-95.4506
69178,LOVES TRAVEL STOP #495,"I-75, EXIT 143 & CR-78",North Fort Myers,FL,225,3.789,26.7244,-81.8485
69182,XtraMart #1513,"I-87, EXIT 10 & US-9",Clifton Park,NY,12,3.899,42.86563,-73.77095
69183,SPEEDWAY #7611,"I-71, EXIT 65 & SR-435",Jeffersonville,OH,315,3.229,39.6522,-83.555
69185,LOVES TRAVEL STOP #560,US-258 & US-58,Franklin,VA,130,3.889,36.6831,-76.9386
69185,LOVES TRAVEL STOPS #560,US-258 & US-58,Franklin,VA,130,3.889,36.6831,-76.9386
69186,LOVES TRAVEL STOP #551,US-20 & CR-127,Angola,IN,465,3.889,41.6433,-85.005
69187,LOVES TRAVEL STOP #559,US-82 & US-49,Indianola,MS,655,3.31566666,33.4492,-90.6447
69188,PILOT TRAVEL CENTER #1013-TOWN PUMP,"I-90, EXIT 298",Belgrade,MT,786,3.63066666,45.7789,-111.1736
69189,LOVES TRAVEL STOP #542,"I-10, EXIT 261/US-67 & I-10 BUS",Fort Stockton,TX,710,3.649,30.8926,-102.8842
69190,LOVES TRAVEL STOP #561,"I-10, EXIT 70 & US-90 & SR-285",Defuniak Springs,FL,20,3.609,30.7123,-86.1208
69193,Certified Oil #400305,SR-2 & SR-7,New Martinsville,WV,317,3.31733333,39.6635,-80.8569
69194,CHESAPEAKE HOUSE SUNOCO,"I-95, EXIT 97",North East,MD,243,3.83233333,39.6076,-75.9414
69200,BECKS EXPRESS MART #22,"I-55, EXIT 126",Lincoln,IL,280,3.299,40.1508,-89.372
69201,CASEYS #3654,SR-210,Brainerd,MN,522,3.44566666,46.3553,-94.1983
69203,SPEEDWAY #1414,US-45,Mokena,IL,293,3.339,41.5327,-87.8781
69207,CIRCLE K #2705988,"I-10, EXIT 209A & US-90/SR-10",Tallahassee,FL,20,3.619,30.4551,-84.2527
69211,KWIK TRIP #213,"I-35/US-61, EXIT 139 & CR-19",Stacy,MN,451,3.37733333,45.3841,-92.9938
69213,Circle K #2741498,SR-72 & SR-16,Tilden,TX,747,3.199,28.46,-98.5487
69214,MAVERIK #5031,"I-70, EXIT 90 & US-24",Rifle,CO,800,3.46233333,39.5362,-107.7729
69215,GASWAY,US-1,North Brunswick,NJ,115,3.159,40.454,-74.482
69217,Circle K #4705624,"I-76, EXIT 2 & US-224",Seville,OH,249,3.06566666,41.0207,-81.8671
69218,DANDY MINI MART #58,"I-86, EXIT 41 & US-17/15",Campbell,NY,32,3.899,42.23313,-77.19747
69218,DANDY MINI MART #58,"I-86, EXIT 41 & US-17/15",Campbell,NY,32,3.999,42.23313,-77.19747
69220,CIRCLE K #2705097,"I-275, EXIT 2 & US-41",Palmetto,FL,225,3.699,27.5251,-82.5749
69221,PILOT TRAVEL CENTER #483,"I-80, EXIT 112 & SR-47",Morris,IL,290,3.799,41.3749,-88.4304
69222,PILOT TRAVEL CENTERS #1003,US-287 & US-283,Childress,TX,585,3.799,34.4293,-100.2516
69223,LOVES TRAVEL STOP #566,"US-231/CR-53, EXIT 12",Ozark,AL,20,3.989,31.4508,-85.6473
69226,STRIPES #40812,US-77,Odem,TX,625,3.199,27.9462,-97.5875
69228,QUIKTRIP #993,"I-20, EXIT 501 & SR-34",Terrell,TX,630,2.87066666,32.734,-96.2931
69229,SPEEDWAY #7154,"I-40, EXIT 87 & US-70",Jackson,TN,460,3.399,35.6538,-88.8354
69230,JOES KWIK MARTS #6013,SR-16 & SR-73,Denver,NC,46,3.189,35.5344,-81.034
69233,PILOT TRAVEL CENTER #597,US-23 & US-50,Chillicothe,OH,315,3.799,39.3393,-82.9939
69234,KWIK TRIP #220,US-53/SR-194,Duluth,MN,334,3.499,46.7756,-92.1393
69235,KWIK TRIP #203,US-2 & SR-35,Superior,WI,334,3.339,46.6941,-92.0823
69236,KWIK TRIP #225,SR-54/SR-55,Seymour,WI,582,3.39066666,44.5142,-88.3271
69237,KWIK TRIP #239,"I-43, EXIT 50 & SR-164",Big Bend,WI,444,3.33233333,42.9021,-88.2121
69238,KWIK TRIP #242,"US-41, EXIT 97",Fond Du Lac,WI,444,3.34066666,43.7718,-88.4397
69239,LOVES TRAVEL STOP #580,SR-20/157 & SR-133,Tuscumbia,AL,615,3.849,34.7204,-87.7035
69245,SPEEDWAY #7946,SR-24,Newport,NC,205,3.699,34.772,-76.8772
69250,MAVERIK #5150,"I-25, EXIT 278 & SR-1",Wellington,CO,800,3.199,40.7,-105.0054
69252,SPEEDWAY #6977,SR-96,Youngsville,NC,205,2.95233333,36.0242,-78.4816
69255,THE LANDING,US-82,Greenwood,MS,655,3.199,33.5126,-90.1993
69257,CATARINA ONE STOP,US-83,Catarina,TX,693,3.024,28.3499,-99.6161
69258,TEX-BEST #525,"I-37, EXIT 109 & SR-97",Pleasanton,TX,740,3.099,28.9642,-98.4957
69259,SPEEDWAY #7162,US-74/SR-311,Cleveland,TN,285,3.449,35.1817,-84.8707
69261,THORNTONS #314,SR-83,Bensenville,IL,290,3.449,41.9579,-87.9442
69261,THORNTONS #314,SR-83,Bensenville,IL,290,3.409,41.9579,-87.9442
69261,THORNTONS #314,SR-83,Bensenville,IL,290,3.459,41.9579,-87.9442
69263,LOVES TRAVEL STOP #564,US-82 & SR-50 & SR-12,Columbus,MS,615,3.249,33.5088,-88.4096
69288,KWIK STAR #207,"US-61, EXIT 311B & US-30",De Witt,IA,270,3.624,41.8227,-90.5448
69289,KWIK TRIP #224,"I-35, EXIT 254",Duluth,MN,334,3.499,46.7756,-92.1393
69290,LOVES TRAVEL STOP #587,"I-41/US-45, EXIT 97",Fond Du Lac,WI,444,3.44566666,43.7718,-88.4397
69291,LOVES TRAVEL STOP #581,"I-70, EXIT 56 & US-89",Salina,UT,835,3.70566666,38.9387,-111.8652
69294,KWIK TRIP #317,"I-90, EXIT 28 & SR-16",Sparta,WI,515,3.24233333,43.9377,-90.8131
69296,KWIK TRIP #234,"I-35, EXIT 239",Cloquet,MN,334,3.319,46.7221,-92.4923
69297,KWIK TRIP #241,"US-51, EXIT 208 & SR-64",Merrill,WI,395,3.40733333,45.182,-89.6994
69299,SPEEDWAY #7912,US-421/SR-16,Wilkesboro,NC,65,3.134,36.1424,-81.174
69300,SPEEDWAY #8262,SR-306 & SR-55,Grantsboro,NC,205,3.44066666,35.1449,-76.8447
69301,SPEEDWAY #6969,US-264 & SR-99,Belhaven,NC,205,3.19733333,35.5428,-76.6232
69305,ROAD RANGER #268,"I-64, EXIT 130 & SR-1",Grayville,IL,340,3.799,38.2554,-87.997
69306,PILOT TRAVEL CENTER #500,"I-75, EXIT 460 & SR-6",Jasper,FL,10,3.369,30.5061,-82.954
69307,LOVES TRAVEL STOP #578,I-55 EXIT 30 & SR-140,Hamel,IL,540,3.569,38.8894,-89.8425
69307,LOVES TRAVEL STOP #578,I-55 EXIT 30 & SR-140,Hamel,IL,540,3.419,38.8894,-89.8425
69307,LOVES TRAVEL STOP #578,I-55 EXIT 30 & SR-140,Hamel,IL,540,3.429,38.8894,-89.8425
69307,LOVES TRAVEL STOP #578,I-55 EXIT 30 & SR-140,Hamel,IL,540,3.689,38.8894,-89.8425
69308,LOVES TRAVEL STOP #535,SR-283,Middletown,PA,70,3.759,40.201,-76.7289
69309,PILOT TRAVEL CENTER #1012,"US-218, EXIT 42B & US-34",Mount Pleasant,IA,270,3.56566666,40.9625,-91.5452
69310,PILOT TRAVEL CENTER #1006,"I-10, EXIT 456 & US-377",Junction,TX,740,3.599,30.4906,-99.7726
69311,GOLDEN GATE TRUCKSTOP HAWTHORNE,US-95/SR-362,Hawthorne,NV,966,4.079,38.5253,-118.626
69312,ONVO TRAVEL PLAZA - DUNCANNON,US-11/15,Duncannon,PA,70,3.55233333,40.3952,-77.0277
69313,PETERSONS DIESEL FUELING,"I-5, EXIT 156",Seattle,WA,962,4.399,47.6211,-122.3244
69314,Circle K #4706799,"I-55, EXIT 283 & SR-43",Bridgeview,IL,291,3.919,41.7403,-87.8067
69315,ROAD RANGER #269,"I-70, EXIT 147 & SR-1",Marshall,IL,510,3.449,39.3986,-87.69
69315,ROAD RANGER #269,"I-70, EXIT 147 & SR-1",Marshall,IL,510,3.249,39.3986,-87.69
69315,ROAD RANGER #269,"I-70, EXIT 147 & SR-1",Marshall,IL,510,3.309,39.3986,-87.69
69318,FUEL ONE,US-9 & SR-35,Avenel,NJ,115,3.37233333,40.5842,-74.2716
69319,SPEEDWAY #8190,US-117/13 BYP S,Goldsboro,NC,205,3.599,35.3778,-77.9717
69321,CIRCLE K #2741546,US-90,Gonzales,TX,747,2.87566666,29.5126,-97.4472
69322,SHELL SERVICE STATION,"I-10, EXIT 828 & SR-73",Winnie,TX,610,3.23233333,29.8167,-94.3807
69324,CIRCLE K #4707006,"I-95, EXIT 302 & US-1",Houlton,ME,170,3.899,46.12616,-67.8403
69330,KWIK TRIP #292,"I-43, EXIT 183",Green Bay,WI,582,3.39066666,44.5148,-87.9895
69333,SPEEDWAY #3578,"US-131, EXIT 64",Wayland,MI,456,3.599,42.6725,-85.6408
69333,SPEEDWAY #3578,"US-131, EXIT 64",Wayland,MI,456,3.499,42.6725,-85.6408
69333,SPEEDWAY #3578,"US-131, EXIT 64",Wayland,MI,456,3.699,42.6725,-85.6408
69336,SPEEDWAY #7148,"I-40, EXIT 232 & SR-109",Lebanon,TN,460,2.92233333,36.204,-86.3481
69338,SPEEDWAY #6139,US-30 & SR-13,Pierceton,IN,465,3.729,41.1993,-85.7033
69339,SPEEDWAY #9383,"I-75, EXIT 29 & SR-63",Monroe,OH,300,3.20233333,39.4461,-84.3667
69341,CIRCLE K #2741067,"I-410/US-281, EXIT 41",San Antonio,TX,740,2.899,29.4632,-98.5238
69342,WARREN OIL,"I-90, EXIT 3 & US-41 & SR-912",Hammond,IN,365,3.439,41.6168,-87.4909
69344,CIRCLE K #2741078,SR-97 & SR-123,Stockdale,TX,747,3.079,29.2361,-97.9636
69345,RUTTERS #20,"I-76, EXIT 247 & I-283, EXIT 1A",Middletown,PA,70,3.82233333,40.201,-76.7289
69346,D AND C FUEL SALES,US-6 & CR-4019,Tunkhannock,PA,200,3.699,41.5413,-75.9485
69353,SPEEDWAY #2910,"I-79, EXIT 55",Pittsburgh,PA,165,3.909,40.4397,-79.9763
69354,CIRCLE K #4702411,US-36,Danville,IN,375,3.789,39.7584,-86.5019
69362,HART MARATHON,US-31,Hart,MI,456,3.499,43.6955,-86.3679
69362,HART MARATHON,US-31,Hart,MI,456,3.449,43.6955,-86.3679
69365,Circle K #4703911,SR-109 & SR-52,Portland,TN,460,2.959,36.5921,-86.5239
69369,SPEEDWAY #2912,SR-65,Baden,PA,165,3.91233333,40.6396,-80.2228
69374,7-ELEVEN #40558,SR-6 & CR-185,Woodway,TX,765,2.98566666,31.4988,-97.2314
69377,CIRCLE K #4705628,SR-21 & SR-585,Barberton,OH,249,3.58233333,41.0095,-81.6037
69379,Kum & Go #0535,US-6 & US-65,Des Moines,IA,320,2.98733333,41.5725,-93.6105
69380,CASEYS #2967,SR-43 & SR-2,Bennet,NE,413,3.229,40.6818,-96.5039
69384,KWIK TRIP #209,"US-41, EXIT 148 & SR-55",Kaukauna,WI,582,3.369,44.2773,-88.2641
69390,MINIT MART #600625,"I-57, EXIT 283 & US-24",Gilman,IL,280,3.399,40.7626,-87.9975
69390,MINIT MART #600625,"I-57, EXIT 283 & US-24",Gilman,IL,280,3.489,40.7626,-87.9975
69392,LOVES TRAVEL STOP #600,"I-69, EXIT 214",Pendleton,IN,457,3.57566666,40.0066,-85.7711
69393,LOVES TRAVEL STOP #594,US-35 & SR-850,Bidwell,OH,315,3.849,38.9248,-82.2856
69394,SPEEDWAY #3424,"I-75, EXIT 73 & SR-55",Troy,OH,411,3.13566666,40.0437,-84.2186
69395,SPEEDWAY #3766,US-52,Indianapolis,IN,375,3.599,39.7771,-86.1458
69396,SPEEDWAY #7158,"I-40, EXIT 320 & SR-98",Crossville,TN,460,3.07233333,35.9526,-85.0295
69397,SPEEDWAY #7163,"I-40/US-412, EXIT 85",Jackson,TN,460,3.349,35.6538,-88.8354
69398,SPEEDWAY #7114,"I-75, EXIT 4, SR-153, EXIT 1 & US-64/US-11",Chattanooga,TN,285,3.08233333,35.066,-85.2481
69399,SPEEDWAY #7147,"I-75, EXIT 49 & SR-30",Athens,TN,285,3.349,35.4573,-84.6045
69400,CASEYS #4411,US-641 & SR-58,Benton,KY,490,3.199,36.8479,-88.3602
69401,CASEYS #3205,"I-29, EXIT 47 & US-275/SR-92",Council Bluffs,IA,319,3.599,41.2369,-95.8516
69402,SHELL,"I-71, EXIT 151 & SR-95",Mount Gilead,OH,315,3.759,40.5532,-82.828
69403,SHORTYS ONE STOP,US-83/12/SR-20,Selby,SD,248,3.089,45.5057,-100.0329
69405,FLYING J #551,"I-20, EXIT 330 & SR-206",Cisco,TX,575,3.14233333,32.3848,-98.9805
69407,Cenex,US-14/CR-812 & US-83,Blunt,SD,571,3.1015,44.5159,-99.9885
69410,LOVES TRAVEL STOP #602,"I-90, EXIT 67B",Box Elder,SD,506,3.989,44.112,-103.0818
69412,CIRCLE K #4705724,US-127 & CR-144,Paulding,OH,411,3.699,41.1424,-84.5824
69413,ASAP GENERAL STORE #300,"I-40, EXIT 66 & US-183",Clinton,OK,483,3.149,35.5069,-98.9706
69414,FLEX MARKET,"I-65 EXIT20, US-31 W EXIT 4",Bowling Green,KY,460,2.999,36.9716,-86.4378
69416,CIRCLE K #2740541,HWY 90,Roans Prairie,TX,670,3.07233333,30.58437,-95.94384
69417,LOVLEN FOODS,US-58 & SR-615,Drewryville,VA,130,3.049,36.71571,-77.30636
69421,CIRCLE K #2741257,"I-10, EXIT 19B",El Paso,TX,640,2.91566666,31.8476,-106.43
69423,FAST MARKET #4574,SR-375 & CR-258,El Paso,TX,640,2.90566666,31.8476,-106.43
69425,5R TRAVEL CENTER,"I-10, US HWY 180, EXIT 82A",Deming,NM,640,3.049,32.2631,-107.7525
69426,LOVES TRAVEL STOP #553,"I-40 E, EXIT 163",Williams,AZ,930,3.59566666,35.2476,-112.1834
69434,CIRCLE K #2741559,US-281 & SR-29,Burnet,TX,595,2.91566666,30.7496,-98.2383
69436,CIRCLE K #2741077,SR-97 & CR-433,Pleasanton,TX,747,2.949,28.9642,-98.4957
69437,CountryMark,SR-66,Evansville,IN,340,3.699,37.9881,-87.5341
69438,LOVES TRAVEL STOP #585,"I-49/US-71, EXIT 27 & SR-86",Neosho,MO,277,3.39733333,36.8437,-94.3758
69439,LOVES TRAVEL STOP #608,"I-135, EXIT 60 & US-56",Mcpherson,KS,570,3.324,38.3714,-97.6605
69440,LOVES TRAVEL STOP #592,US-24 & SR-101,Woodburn,IN,370,3.849,41.1287,-84.8503
69441,LOVES TRAVEL STOP #610,"I-20, EXIT 307 & US-283",Baird,TX,575,3.10733333,32.396,-99.3963
69442,Eagle #51,US-83 & FM-1917,Carrizo Springs,TX,740,3.279,28.5267,-99.8589
69446,SUPER SAVE #4,SR-33 & SR-15,Farmerville,LA,719,3.479,32.7752,-92.4013
69448,STRIPES #42525,"I-27/US-87, EXIT 2",Lubbock,TX,700,2.95733333,33.5657,-101.8879
69451,LOVES TRAVEL STOP #603,I-95 EXIT 366 AT PECAN PARK RD,Jacksonville,FL,75,3.399,30.3322,-81.6749
69452,DANDY MINI MART #5,HWY 6,Towanda,PA,32,3.999,41.7706,-76.4472
69453,7-ELEVEN #41033,US-69,Woodville,TX,610,3.149,30.774,-94.4234
69454,SPEEDWAY #6092,"I-65, EXIT 76A & US-31",Taylorsville,IN,375,3.35733333,39.2964,-85.9502
69455,SPEEDWAY #4214,"I-45, EXIT 46 & US-100",Milwaukee,WI,448,3.36566666,43.0642,-87.9675
69458,PEOSTA KWIK STOP,"US-20, EXIT 308",Peosta,IA,335,3.489,42.4477,-90.8448
69459,LOVES TRAVEL STOP #583,"I-64, EXIT 27 & SR-161",New Baden,IL,540,3.849,38.5367,-89.7071
69462,LOVES TRAVEL STOP #619,"I-59, EXIT 29 & SR-26",Poplarville,MS,725,3.17566666,30.8391,-89.5306
69465,MAVERIK COUNTRY STORE #476,US-59,Gillette,WY,790,3.36566666,44.2752,-105.4982
69467,CIRCLE K #2741547,US-181,Floresville,TX,740,2.99566666,29.1451,-98.1651
69468,TOOT N TOTUM #100,US-83,Perryton,TX,585,2.999,36.3928,-100.7976
69469,QUIKTRIP #1110,"I-85, EXIT 60 & US-101",Greer,SC,210,3.08566666,34.933,-82.2313
69471,Circle K #2741501,"I-37, EXIT 3A",Corpus Christi,TX,625,3.104,27.7254,-97.3767
69474,LOVES TRAVEL STOP #577,"I-85, EXIT 22",Shorter,AL,720,3.22066666,32.4077,-85.9413
69475,GUTHRIE TRAVEL CENTER,I-35 EXT 138C,Guthrie,OK,483,2.96566666,35.8424,-97.4366
69477,LOVES TRAVEL STOP #621,US-36 & SR-110,Bevier,MO,310,3.439,39.7513,-92.5638
69480,VAN HOOK TRAVEL CENTER,US-23,New Town,ND,452,3.56233333,47.989,-102.4882
69483,LOVES TRAVEL STOP #607,"US-63, EXIT 40 & SR-463",Jonesboro,AR,435,3.439,35.8212,-90.6791
69484,KWIK TRIP #774,SR-13,Adams,WI,395,3.274,43.9554,-89.8169
69485,7-ELEVEN #41036,US-96,San Augustine,TX,618,3.159,31.5296,-94.1108
69486,DUCK THRU FOOD STORE #42,SR-186 & SR-305,Seaboard,NC,130,3.299,36.4907,-77.442
69487,CIRCLE K #2742034,"I-35, EXIT 176",Schertz,TX,740,2.794,29.565,-98.2535
69489,SPRINT FOODS #728,SR-38,Bennettsville,SC,63,3.399,34.6303,-79.6875
69492,GOOD 2 GO #418,"I-15, EXIT 273 & US-54 & US-91",Mona,UT,835,3.429,39.8121,-111.8495
69494,TMI FUEL STOP,SR 1,Port Allen,LA,600,3.06566666,30.4456,-91.2098
69495,QUIKTRIP #72,US-69 & US-62,Muskogee,OK,560,3.03233333,35.7432,-95.3567
69496,LOVES TRAVEL STOP #601,"I-70, EXIT 115 & SR-109",Knightstown,IN,375,3.949,39.7959,-85.5312
69497,MACH ONE FOOD SHOP #10,"I-70 & EXIT 129, SR-49",Casey,IL,510,3.499,39.3031,-87.9897
69497,MACH ONE FOOD SHOP #10,"I-70 & EXIT 129, SR-49",Casey,IL,510,3.299,39.3031,-87.9897
69497,MACH ONE FOOD SHOP #10,"I-70 & EXIT 129, SR-49",Casey,IL,510,3.199,39.3031,-87.9897
69499,HANKS TRUCK STOP,US-39 & US-30,Hanna,IN,457,3.499,41.4121,-86.7795
69500,ROAD RANGER #271,"I-20, EXIT 108",Odessa,TX,710,3.51566666,31.8801,-102.3448
69501,VALLEY COUNTRY STORE,"I-84, EXIT 16B & SR-79",Jerome,ID,787,3.43233333,42.7179,-114.5159
69504,KWIK TRIP #245,SR-42,Plainview,MN,515,3.624,44.1648,-92.1697
69505,KWIK TRIP #282,"I-43, EXIT 43 & SR-83",Mukwonago,WI,444,3.33733333,42.857,-88.3269
69506,KWIK TRIP #290,"I-94/US-41, EXIT 321",Oak Creek,WI,444,3.719,42.8803,-87.9009
69508,KWIK TRIP #777,SR-49 & CR-F,Berlin,WI,582,3.42566666,43.9704,-88.9504
69510,CLARK #3121,SR-46 & SR-24,Caro,MI,260,3.399,43.4891,-83.4025
69512,LOVES TRAVEL STOP #589,"I-27/US-87, EXIT 8 & FM-2641",Lubbock,TX,700,3.33233333,33.5657,-101.8879
69513,KWIK TRIP #885,WI-29 EXIT 132,Abbotsford,WI,395,3.45233333,44.9435,-90.3174
69514,Flying J #1033,"I-20, EXIT 138 & SR-158",Midland,TX,710,3.56566666,32.0243,-102.1147
69520,SPEEDWAY #2908,SR-51,Perryopolis,PA,165,3.91566666,40.0869,-79.7526
69521,CASEYS #3319,"US-30, EXIT 158",Nevada,IA,320,2.989,42.0184,-93.4633
69522,FUEL EXPRESSO 17,"I-35 & EXIT 187, SR-68",Ottawa,KS,400,3.17233333,38.5996,-95.2636
69524,CONCORD XTRAMART,"I-93, EXIT 17 & US-4",Concord,NH,178,3.659,43.2305,-71.5595
69525,DILLEY TRUCK STOP,"I-35 & EXIT 85, FM 117",Dilley,TX,740,3.06566666,28.6675,-99.1765
69526,STRIPES 7FLEET #42469,"I-20, US-80 EXIT 15A",Santo,TX,575,2.91733333,32.6056,-98.2138
69527,Exxon,"I-96, EXIT 129",Fowlerville,MI,406,3.749,42.6596,-84.0743
69528,KWIK STAR #283,"I-380/US-218/SR-27, EXIT 13",Cedar Rapids,IA,380,3.53233333,41.9662,-91.6783
69530,CIRCLE K #2741030,"I-35, EXIT 160",San Antonio,TX,740,2.999,29.4632,-98.5238
69531,Kwik Star#223,"I-35, EXIT 194 & US-18/SR-122",Clear Lake,IA,433,3.079,43.1347,-93.374
69532,JACKSONS FOOD STORE #147,"I-84, EXIT 27/US-20 & SR-19",Caldwell,ID,785,3.579,43.6453,-116.6594
69534,CAIRO TRAVEL CENTER,US-84/SR-38,Cairo,GA,20,3.424,30.879,-84.205
69536,7-ELEVEN #40802,US-87,Nixon,TX,740,3.079,29.2698,-97.7658
69541,PILOT #1027,US-385 & CR-E,Vega,TX,585,3.30566666,35.2453,-102.4294
69542,PILOT #1030,"I-57, EXIT 353",Alsip,IL,290,3.359,41.6701,-87.7368
69542,PILOT TRAVEL CENTER #1030,"I-57, EXIT 353",Alsip,IL,290,3.459,41.6701,-87.7368
69542,PILOT TRAVEL CENTER #1030,"I-57, EXIT 353",Alsip,IL,290,3.499,41.6701,-87.7368
69542,PILOT TRAVEL CENTER #1030,"I-57, EXIT 353",Alsip,IL,290,3.599,41.6701,-87.7368
69542,PILOT #1030,"I-57, EXIT 353",Alsip,IL,290,3.459,41.6701,-87.7368
69545,LOVES TRAVEL STOP #628,"I-35E, EXIT 386 & FM-1134",Italy,TX,630,3.10233333,32.1857,-96.8867
69546,KWIK TRIP #186,"I-35, EXIT 183",Hinckley,MN,334,3.35233333,46.0122,-92.9256
69547,KWIK TRIP #297,"US-10, WI-441",Menasha,WI,582,3.49066666,44.2125,-88.4271
69549,KWIK TRIP #178,"I-494, EXIT 64B & SR-156",South Saint Paul,MN,451,3.60733333,44.89274,-93.03494
69550,KWIK TRIP #273,"I-35, EXIT 251B & SR-23",Duluth,MN,334,3.499,46.7756,-92.1393
69553,SPEEDWAY #2120,US-30,Oswego,IL,293,3.249,41.6834,-88.3372
69553,SPEEDWAY #2120,US-30,Oswego,IL,293,3.259,41.6834,-88.3372
69553,SPEEDWAY #2120,US-30,Oswego,IL,293,3.299,41.6834,-88.3372
69554,SPEEDWAY #8047,"I-70, EXIT 104 & SR-9",Greenfield,IN,375,3.599,39.7937,-85.7738
69558,CIRCLE K #2741070,FM-1560,San Antonio,TX,740,2.914,29.4632,-98.5238
69559,CASEYS #3424,"I-35, EXIT 26 & SR-30",Ellendale,MN,433,3.499,43.8727,-93.2993
69560,LOVES TRAVEL STOP #614,"I-40, EXIT 149",Albuquerque,NM,580,3.52066666,35.1054,-106.6465
69561,SPEEDWAY #7156,"I-40/75, EXIT 374 & SR-131",Knoxville,TN,405,3.26566666,35.9692,-83.9496
69562,SPEEDWAY #8796,"I-496, EXIT 11",Lansing,MI,406,3.699,42.7142,-84.5601
69563,SPEEDWAY #9651,"I-75, EXIT 104",Lexington,KY,410,3.149,38.0423,-84.4587
69564,SPEEDWAY #7106,"I-40, EXIT 280 & SR-56",Baxter,TN,460,3.06566666,36.1536,-85.6348
69565,PILOT #1021,"I-196, EXIT 49",Holland,MI,406,3.999,42.7677,-86.0984
69565,PILOT #1021,"I-196, EXIT 49",Holland,MI,406,4.099,42.7677,-86.0984
69566,PILOT TRAVEL CENTER #1024,"I-80, EXIT 132B & SR-53",Joliet,IL,290,3.799,41.5188,-88.1499
69566,PILOT #1024,"I-80, EXIT 132B & SR-53",Joliet,IL,290,3.799,41.5188,-88.1499
69567,KWIK TRIP #166,"I-35, EXIT 214",Moose Lake,MN,334,3.319,46.4442,-92.7654
69568,KWIK TRIP #295,SR-26 & SR-59,Milton,WI,420,3.399,42.775,-88.9429
69570,CENEX CONVENIENCE,SR-34 & CR-21,Detroit Lakes,MN,341,3.499,46.806,-95.8449
69572,AC & T GARLAND GROH,I-81 EXIT 7B,Hagerstown,MD,70,3.559,39.6401,-77.7217
69573,AC & T Falling Waters,"I-81, EXIT 23",Falling Waters,WV,70,3.849,39.5637,-77.8875
69574,LOVES TRAVEL STOP #622,"I-94, EXIT 45 & CR-B",Menomonie,WI,450,3.579,44.8893,-91.9084
69575,LOVES TRAVEL STOP #537,"I-68, EXIT 46 & US-220/SR-144",Cumberland,MD,14,4.249,39.6515,-78.7584
69576,PILOT #498,US-69/75 & SR-7,Atoka,OK,253,3.499,34.386,-96.1317
69580,GORES TRAVEL PLAZA,US-270/SR-3,Seiling,OK,483,3.149,36.1556,-98.9304
69581,BYRNE DAIRY #22,"I-81, EXIT 15 & US-20",La Fayette,NY,220,4.299,42.94,-76.11
69584,LOVES TRAVEL STOP #648,US-70,Valliant,OK,253,3.099,34.0058,-95.0861
69585,LOVES TRAVEL STOP #618,"I-75, EXIT 136 & SR-32",Sadieville,KY,300,3.139,38.3883,-84.549
69587,LAMBOS #3,"I-57, EXIT 190A & SR-16",Mattoon,IL,280,3.399,39.4774,-88.3623
69588,FUEL CITY,"I-30, EXIT 52B & US-80",Mesquite,TX,630,2.96566666,32.7602,-96.5865
69589,LOVES TRAVEL STOP #604,I-35 EXIT 157 & SR-33,Guthrie,OK,483,3.319,35.8424,-97.4366
69590,LOVES TRAVEL STOP #654,US-81,Union City,OK,483,3.37566666,35.4015,-97.9047
69591,REBEL PLUS #841,"I-75, EXIT 116 & CR-865",Bonita Springs,FL,225,3.539,26.3558,-81.7859
69592,SPEEDWAY #6131,"I-465, EXIT 49",Indianapolis,IN,375,3.799,39.7771,-86.1458
69594,SPEEDWAY #8480,US-30 & CR-36,Plainfield,IL,293,3.279,41.6207,-88.2253
69594,SPEEDWAY #8480,US-30 & CR-36,Plainfield,IL,293,3.339,41.6207,-88.2253
69595,SPEEDWAY #7176,US-31/SR-6,Columbia,TN,460,3.359,35.6238,-87.0484
69596,SPEEDWAY #4250,SR-72,Des Plaines,IL,293,3.289,42.0345,-87.9008
69596,SPEEDWAY #4250,SR-72,Des Plaines,IL,293,3.499,42.0345,-87.9008
69597,SPEEDWAY #2918,US-119,Uniontown,PA,165,3.91566666,39.8993,-79.7246
69598,SPEEDWAY #8133,SR-237,Berea,OH,305,3.499,41.3696,-81.8641
69599,One9 SPEEDWAY #2917,SR-48 & SR-130,Monroeville,PA,165,3.99233333,40.4262,-79.7605
69601,LOVES TRAVEL STOP #638,US-54,Texhoma,OK,585,3.509,36.5054,-101.7872
69605,CASEYS #3305,SR-23 & SR-47,Ogilvie,MN,333,3.371,45.8301,-93.4232
69607,PANOLA PINES PLAZA,I-59,Carthage,TX,618,3.139,32.1526,-94.3368
69608,STRIPES,FM 1924,Mission,TX,639,3.099,26.2039,-98.3256
69611,CUBBYS #2104,CR-131,Shelby,NE,313,3.399,41.194,-97.426
69612,ROAD RANGER #272,"I-35, EXIT 39 & SR-44",Encinal,TX,693,3.539,28.041,-99.3546
69614,RUTTERS #36,US-15 & SR-234,York Springs,PA,70,4.299,40.0093,-77.1159
69615,LOVES TRAVEL STOP #631,US-275/SR-64,Valley,NE,270,3.34566666,41.3148,-96.3566
69616,FLYING J #552,"I-71, EXIT 32 & SR-350",Lebanon,OH,407,3.399,39.4254,-84.2133
69618,LOVES TRAVEL STOP #656,US-50/400,Holcomb,KS,525,3.729,37.9859,-100.9936
69621,Circle K #2741096,"I-10/US-90, EXIT 591 & FM-1518",Converse,TX,740,2.93566666,29.5091,-98.3084
69625,RUTTERS #34,US-30 & SR-23,Leola,PA,70,4.199,40.0915,-76.1891
69626,CASEYS #2860,US-160 & FM-6070,West Plains,MO,535,3.419,36.7377,-91.868
69627,STRIPES #40601,US-83 & FM-2360,Rio Grande City,TX,639,2.99566666,26.3808,-98.8215
69629,SWANTON MOBIL,"I-89, EXIT 21 & SR-78",Swanton,VT,39,3.539,44.9181,-73.1243
69630,MANSFIELD TRAVEL PLAZA,SR-175 & SR-509,Mansfield,LA,745,3.019,32.0355,-93.7004
69632,Circle K #2709300,US-72/SR-2,Huntsville,AL,460,2.97733333,34.6981,-86.6412
69633,ONE9 EXPRESS FUEL,"I-10, EXIT 42 & FM-1110",Clint,TX,640,2.80233333,31.5901,-106.2289
69636,PETRO WILMINGTON,"I-55, EXIT 240",Wilmington,IL,290,3.399,41.3207,-88.164
69636,PETRO WILMINGTON,"I-55, EXIT 240",Wilmington,IL,290,3.499,41.3207,-88.164
69636,PETRO WILMINGTON,"I-55, EXIT 240",Wilmington,IL,290,3.449,41.3207,-88.164
69636,PETRO WILMINGTON,"I-55, EXIT 240",Wilmington,IL,290,3.539,41.3207,-88.164
69637,PILOT #1041,SR-64 & CR-23,Carol Stream,IL,290,3.759,41.9181,-88.1307
69637,PILOT TRAVEL CENTER #1041,SR-64 & CR-23,Carol Stream,IL,290,3.699,41.9181,-88.1307
69637,PILOT #1041,SR-64 & CR-23,Carol Stream,IL,290,3.799,41.9181,-88.1307
69637,PILOT TRAVEL CENTER #1041,SR-64 & CR-23,Carol Stream,IL,290,3.799,41.9181,-88.1307
69643,Tex-Best #524,SR-44 E,Alice,TX,625,2.899,27.7556,-98.0653
69646,Arco One9,"I-10, EXIT 19",Quartzsite,AZ,930,3.379,33.6675,-114.2171
69646,Arco dba One9 #1258,"I-10, EXIT 19",Quartzsite,AZ,930,3.359,33.6675,-114.2171
69647,SPEEDWAY #6207,SR-25,Batavia,IL,293,3.699,41.8479,-88.3109
69647,SPEEDWAY #6207,SR-25,Batavia,IL,293,3.599,41.8479,-88.3109
69648,BP-GIANT OIL #440,"I-71, EXIT 204 & SR-83",Burbank,OH,249,3.23233333,40.9862,-81.9949
69649,SPEEDWAY #2921,"I-80, EXIT 29 & SR-8",Harrisville,PA,573,3.434,41.1365,-80.0105
69651,LOVES TRAVEL STOP #074,SR-19 & SR-76,Lindsay,OK,483,3.09066666,34.8393,-97.6105
69652,LOVES TRAVEL STOP #633,US-30,Plymouth,IN,365,3.849,41.3483,-86.3187
69653,LOVES TRAVEL STOP #644,"I-70, EXIT 437 & US-385",Burlington,CO,800,3.889,39.3042,-102.2712
69654,LOVES TRAVEL STOP #636,US-169,Nowata,OK,500,3.399,36.6985,-95.6372
69657,JIFFY MART,US-7 & SR-22A,Ferrisburgh,VT,39,3.599,44.20561,-73.24623
69658,Missouri Travel,"I-29, EXIT 75 & US-30",Missouri Valley,IA,319,3.424,41.5592,-95.9028
69659,QUIKTRIP #1092,"I-77, EXIT 77 & US-21/SR-5",Rock Hill,SC,46,3.134,34.9415,-81.0241
69662,STRIPES 7FLEET #42472,US-377,Brownwood,TX,575,2.96233333,31.7127,-98.9767
69663,STRIPES #2484,SR-480 & FM-1021,Eagle Pass,TX,740,3.199,28.7125,-100.484
69664,7-ELEVEN #40544,US-281,Lampasas,TX,765,2.91566666,31.064,-98.1824
69666,7-ELEVEN #40587,SR-21 & FM-150,Maxwell,TX,595,3.15233333,29.88105,-97.79334
69668,LOVES TRAVEL STOP #643,"I-55/57, EXIT 66A & US-60",Sikeston,MO,490,3.549,36.8854,-89.5877
69669,LOVES TRAVEL STOP #623,"I-20/SR-349, EXIT 131",Midland,TX,710,3.55566666,32.0243,-102.1147
69670,LOVES TRAVEL STOP #611,"I-90, EXIT B3 & SR-22",Canaan,NY,12,3.989,42.41203,-73.44706
69670,LOVES TRAVEL STOP #611,"I-90, EXIT B3 & SR-22",Canaan,NY,12,3.979,42.41203,-73.44706
69671,LOVES TRAVEL STOP #655,US-83 & SR-96,Scott City,KS,525,3.63733333,38.4789,-100.9031
69672,STRIPES 7FLEET #42507,US-285,Pecos,TX,710,3.379,31.42291,-103.49323
69673,QUIKTRIP #1863,"SEC HWY 114, I-35",Roanoke,TX,630,2.97566666,33.0144,-97.2276
69674,WEIGLES #64,"I-75, EXIT 122 & SR-61",Clinton,TN,405,2.99566666,36.0981,-84.1283
69676,SPEEDWAY #8495,"US-19/SR-400, EXIT 12",Alpharetta,GA,18,3.349,34.0704,-84.2738
69679,LOVES TRAVEL STOP #627,US-27 & SR-54,Davenport,FL,140,3.55233333,28.1587,-81.6083
69680,PILOT #1042,I-55 EXIT 283,Bridgeview,IL,290,3.799,41.7403,-87.8067
69680,PILOT TRAVEL CENTER #1042,I-55 EXIT 283,Bridgeview,IL,290,3.799,41.7403,-87.8067
69681,PILOT #1549,"I-20, EXIT168 & SR-77",Lincoln,AL,615,3.199,33.5935,-86.1365
69681,PILOT TRAVEL CENTER #1549,"I-20, EXIT168 & SR-77",Lincoln,AL,615,3.109,33.5935,-86.1365
69682,PILOT #1577,"I-75, EXIT 141 & SR-63",Pioneer,TN,405,3.02566666,36.41758,-84.3141
69683,GOOD TO GO #88,"I-55, EXIT 283",Chicago,IL,291,3.619,41.8375,-87.6866
69684,KWIK TRIP #140,"SR-29, EXIT 177",Schofield,WI,395,3.424,44.9152,-89.6144
69686,CASEYS #3472,SR-125 & SR-78,Virginia,IL,368,3.759,39.9524,-90.2108
69686,CASEYS #3472,SR-125 & SR-78,Virginia,IL,368,3.659,39.9524,-90.2108
69686,CASEYS #3472,SR-125 & SR-78,Virginia,IL,368,3.799,39.9524,-90.2108
69687,CASEYS #3470,US-421 & SR-16,Monon,IN,375,3.779,40.8642,-86.8787
69688,CASEYS #3431,US-150 & SR-54,Farmer City,IL,368,3.339,40.248,-88.6423
69693,MAVERIK COUNTRY STORE #527,"US-89, EXIT 405",Ogden,UT,835,3.439,41.2279,-111.9682
69694,MAVERIK COUNTRY STORE #533,US-91 & SR-101,Wellsville,UT,835,3.444,41.6223,-111.943
69695,MAVERIK COUNTRY STORE #488,"I-15/US-89, EXIT 288",Draper,UT,835,3.44566666,40.4957,-111.8605
69696,MAVERIK COUNTRY STORE #531,"I-80/15, EXIT 305D",Logan,UT,835,3.43066666,41.7399,-111.8422
69698,KUM & GO #0891,I-44 (EASTBOUND),Vinita,OK,560,3.059,36.6375,-95.1725
69699,CIRCLE K #2741552,"SR-969, SR-130, EXIT 444",Austin,TX,595,2.93233333,30.3005,-97.7522
69701,PUMP & PANTRY #48,US-30 & SR-25,Fremont,NE,486,3.319,41.4395,-96.4873
69702,SPEEDWAY #7159,"I-40/SR-66, EXIT 412",Dandridge,TN,405,3.259,36.0284,-83.4308
69703,CIRCLE K #2741831,"I-35, EXIT 8B & SR-20",Laredo,TX,693,2.90233333,27.5625,-99.4874
69707,SUPER S TRAVEL PLAZA,"I-49, EXIT 241",Ida,LA,745,3.059,33.0016,-93.8954
69708,TA Express #289,US-59,Nacogdoches,TX,618,3.139,31.6134,-94.6528
69709,LOVES TRAVEL STOP #626,US-287,Dumas,TX,585,3.41566666,35.8613,-101.9642
69710,LOVES TRAVEL STOP #625,"I-80, EXIT 59 & SR-17J",Sidney,NE,475,3.47233333,41.1341,-102.9681
69711,PILOT TRAVEL CENTER #1047,"I-295, EXIT 25",Jacksonville,FL,75,3.384,30.3322,-81.6749
69711,PILOT #1047,"I-295, EXIT 25",Jacksonville,FL,75,3.359,30.3322,-81.6749
69712,LOVES TRAVEL STOP #650,"I-84/US-30, EXIT 159",Boardman,OR,935,3.52233333,45.8378,-119.6937
69713,EAGLE #56,"I-45, Exit 189",Teague,TX,765,3.48233333,31.6296,-96.2802
69715,CASEYS #2712,SR-8/SR-14,Superior,NE,413,3.36233333,40.0217,-98.0618
69719,SHEETZ #033,"I-99/US-220, EXIT 41 & SR-865",Altoona,PA,14,3.529,40.5082,-78.4007
69720,PILOT #1046,US-27 & SR-80,South Bay,FL,176,3.799,26.677,-80.7265
69720,PILOT TRAVEL CENTER #1046,US-27 & SR-80,South Bay,FL,176,3.799,26.677,-80.7265
69721,MFA,US-36,Brookfield,MO,276,3.249,39.7853,-93.0772
69723,SPEEDWAY #5036,I-90 & US-20,Hampshire,IL,293,3.369,42.1124,-88.5118
69727,PETRO-CARD 24 #910880,SR-6/13,Gallatin,MO,276,3.299,39.9106,-93.9642
69729,MFA OIL,US-63 & HWY E,Queen City,MO,494,3.249,40.4126,-92.5663
69731,PETRO-CARD 24 #910561,"I-49, EXIT 102A",Nevada,MO,277,3.349,37.8445,-94.3492
69732,PETRO-CARD 24 #911043,US-65,Sedalia,MO,392,3.249,38.7059,-93.234
69735,PETRO-CARD 24 #910200,US-65 & BUS US-36,Chillicothe,MO,276,3.289,39.7953,-93.5499
69740,LOVES TRAVEL STOP #613,"I-81, EXIT 24 & SR-80",Meadowview,VA,185,3.599,36.76039,-81.8629
69741,LOVES TRAVEL STOP #659,"I-10, EXIT 133B",Tolleson,AZ,930,3.569,33.4484,-112.256
69742,LOVES TRAVEL STOP #630,US-412/64,Enid,OK,337,3.78733333,36.4063,-97.87
69743,LOVES TRAVEL STOP #647,US-81,Belleville,KS,523,3.81566666,39.8245,-97.6337
69744,LOVES TRAVEL STOP #632,US-54 & US-83,Liberal,KS,585,3.66566666,37.0466,-100.9295
69745,PILOT #1070,"I-40/US-54, EXIT 277 & US-84",Santa Rosa,NM,580,3.46233333,34.9361,-104.6769
69746,Maverik Country Store #5014,I-80 E EXIT 110 & HWY169,De Soto,IA,320,3.099,41.5371,-94.0103
69747,SUNOCO,I-69 & YS HWY 30,Fort Wayne,IN,370,3.604,41.0888,-85.1436
69748,SUNOCO,SR-930 E,Fort Wayne,IN,370,3.59733333,41.0888,-85.1436
69750,CIRCLE K #2704041,"I-35, EXIT 183",New Braunfels,TX,740,2.859,29.6994,-98.1148
69751,MFA,CR-37,Purdy,MO,416,3.349,36.8187,-93.9206
69755,PILOT #1082,"I-526, EXIT 19",Charleston,SC,42,3.41566666,32.8168,-79.9687
69758,MAVERIK COUNTRY STORE #537,I-215 EXIT 21,Salt Lake City,UT,835,3.38233333,40.7776,-111.9311
69764,MAVERIK COUNTRY STORE #538,I-15 & SR-99,Fillmore,UT,835,3.38733333,38.9642,-112.3386
69765,7-ELEVEN #40509,I-90/80 EB,Howe,IN,465,3.899,41.7228,-85.4255
69766,Marathon,"I-75, EXIT 99 & SR-119",Anna,OH,411,3.029,40.3957,-84.1754
69770,SASSYS TRUCK STOP,"I-86, EXIT 23 & US-219",Limestone,NY,240,3.159,42.0229,-78.6331
69772,CIRCLE K #2741825,"I-410, EXIT 2 & FM-2536",San Antonio,TX,740,3.099,29.4632,-98.5238
69780,Bolingbrook Mart,"I-55, EXIT 269",Bolingbrook,IL,293,3.639,41.6901,-88.1021
69782,BYRNE DAIRY #14,SR-414 & SR-318,Waterloo,NY,190,3.999,42.90479,-76.86274
69783,SHEETZ #603,"I-78 US-22, EXIT 13 & SR-501",Bethel,PA,208,3.32733333,40.47454,-76.29134
69784,KWIK TRIP #158,US-10 & SR-23,Saint Cloud,MN,451,3.27733333,45.534,-94.1718
69785,LOVES TRAVEL STOP #662,US-287 & SR-285,Quanah,TX,585,3.849,34.2954,-99.7428
69786,LOVES TRAVEL STOP #671,"I-55, EXIT 63 & US-61",Blytheville,AR,275,3.45566666,35.9321,-89.9051
69787,LOVES TRAVEL STOP #616,"I-49, EXIT 158",Harrisonville,MO,400,3.429,38.653,-94.3467
69788,LOVES TRAVEL STOP #612,"SR-370, EXIT 9 & SR-141",Bridgeton,MO,540,3.12066666,38.7673,-90.4275
69789,LOVES TRAVEL STOP #620,US-301 & SR-20,Hawthorne,FL,140,3.789,29.5938,-82.0944
69790,LOVES TRAVEL STOP #641,I-155/US-412 EXIT 13 & SR-78,Dyersburg,TN,275,3.40233333,36.0465,-89.3777
69791,PILOT #1083,US-287 & US-54,Stratford,TX,585,3.499,36.3376,-102.076
69792,FLYING J #1061,"I-44, EXIT 72",Springfield,MO,416,3.38233333,37.1943,-93.2916
69797,KWIK TRIP #149,US-10,Saint Cloud,MN,451,3.21066666,45.534,-94.1718
69798,LOVES TRAVEL STOP #060,US-36 & US-283,Norton,KS,525,3.109,39.8362,-99.8916
69799,MAVERIK COUNTRY STORE #387,"I-40, EXIT 253",Winslow,AZ,930,3.23566666,35.0243,-110.7095
69800,MAVERIK COUNTRY STORE #502,US-385 & SR-2,Alliance,NE,795,3.259,42.1025,-102.8766
69801,MAVERIK COUNTRY STORE #409,"I-580, EXIT 41 & SR-531",Carson City,NV,966,3.589,39.1511,-119.7476
69803,THORNTONS #319,"I-55, EXIT 248 & US-6",Channahon,IL,399,3.249,41.421,-88.2599
69803,THORNTONS #319,"I-55, EXIT 248 & US-6",Channahon,IL,399,3.299,41.421,-88.2599
69804,KWIK TRIP #184,"I-94, EXIT 293",Pewaukee,WI,444,3.449,43.08057,-88.2612
69809,KWIK TRIP #162,"I-94, EXIT 202",Elk River,MN,451,3.29733333,45.3314,-93.567
69811,Chisholm Corner #16,US-81 & SR-7,Marlow,OK,569,3.01566666,34.6296,-97.9578
69813,SHEETZ #608,"I-81, EXIT 24 & CR-696",Shippensburg,PA,70,3.28566666,40.0484,-77.5227
69814,Allsup's #2454,US-87 & SR-163,Sterling City,TX,612,3.224,31.8392,-100.986
69815,CENEX ZIP TRIP #75,"I-94/US-12, EXIT 138 & US-59",Miles City,MT,780,3.49733333,46.4059,-105.8385
69816,STRIPES #42503,"I-27, EXIT 1",Lubbock,TX,700,2.95066666,33.5657,-101.8879
69817,LOVES TRAVEL STOP #639,"I-20, EXIT 96",Lake,MS,705,3.16233333,32.3359,-89.3158
69818,LOVES TRAVEL STOP #675,US-75,Okmulgee,OK,560,3.21733333,35.6134,-96.0068
69819,FLYING J #1086,SR-18 & SR-5,Marion,IN,457,3.489,40.5497,-85.6604
69819,FLYING J TRAVEL PLAZA #1086,SR-18 & SR-5,Marion,IN,457,3.649,40.5497,-85.6604
69820,CUBBYS #304,SR-7,Manson,IA,319,3.299,42.5287,-94.54
69821,FUEL CITY HALTOM CITY,"I-35W, EXIT 52B & TX-121",Haltom City,TX,630,2.96566666,32.8176,-97.2707
69823,LOVES TRAVEL STOP #664,US-41,Terre Haute,IN,375,3.949,39.466,-87.3751
69824,LOVES TRAVEL STOP #663,US-190 & LA-103,Port Barre,LA,730,3.124,30.5565,-91.9565
69825,KWIK TRIP #154,MN-15,Sauk Rapids,MN,451,3.30233333,45.5981,-94.1538
69826,LOVES TRAVEL STOP #629,I-65 EXIT 108 & SR-76,White House,TN,460,3.159,36.4648,-86.6666
69827,KWIK TRIP #164,US-12/SR-29,Menomonie,WI,295,3.499,44.8893,-91.9084
69830,RUTTERS #69,"I-78/US-22, EXIT 29 & SR-61",Hamburg,PA,208,3.86566666,40.5561,-75.9825
69832,LOVES TRAVEL STOP #595,"I-10, EXIT 28 & SR-49",Gulfport,MS,733,3.144,30.4274,-89.0704
69833,LOVES TRAVEL STOP #658,US-412,Watts,OK,416,3.34733333,36.1073,-94.5718
69835,LOVES TRAVEL STOP #653,US-287,Eads,CO,800,3.47566666,38.4814,-102.7797
69837,LOVES TRAVEL STOP #606,"I-94, EXIT 73B & US-6",South Holland,IL,290,3.489,41.5977,-87.6022
69837,LOVES TRAVEL STOP #606,"I-94, EXIT 73B & US-6",South Holland,IL,290,3.449,41.5977,-87.6022
69837,LOVES TRAVEL STOP #606,"I-94, EXIT 73B & US-6",South Holland,IL,290,3.329,41.5977,-87.6022
69837,LOVES TRAVEL STOP #606,"I-94, EXIT 73B & US-6",South Holland,IL,290,3.549,41.5977,-87.6022
69840,KUM & GO #0370,"I-80, EXIT 439 & SR-370",Gretna,NE,486,2.92066666,41.1314,-96.245
69842,KUM & GO #0863,"I-44, EXIT 215 & SR-97",Sapulpa,OK,560,3.23233333,36.0091,-96.1003
69845,Maverik Country Store #5013,US-40 & SR-13,Craig,CO,800,3.459,40.5171,-107.5554
69847,KWIK STAR #145,US-52,Guttenberg,IA,335,3.599,42.7885,-91.1058
69848,KWIK TRIP #173,SR-17,Rhinelander,WI,395,3.45233333,45.6358,-89.4261
69850,KUM & GO #0539,"I-80 E, & SR-415 EXIT 135",Des Moines,IA,320,3.07233333,41.5725,-93.6105
69851,SPEEDWAY #3995,I-90,Belvidere,IL,293,3.849,42.2543,-88.8649
69852,KWIK TRIP #141,SR-61,Two Harbors,MN,334,3.499,47.0302,-91.6752
69854,LOVES TRAVEL STOP #637,"I-39, EXIT 115 & CR-CS",Poynette,WI,420,3.789,43.3922,-89.4059
69855,LOVES TRAVEL STOP #670,US-18,Floyd,IA,433,3.649,43.1282,-92.7399
69856,LOVES TRAVEL STOP #657,"I-77, EXIT 5 & SR-48",Cayce,SC,46,3.39733333,33.9459,-81.0429
69858,TEX-BEST #528,US-181,Elmendorf,TX,740,2.89233333,29.258,-98.3218
69859,BIG BOSS TRAVEL PLAZA,I-12 EXIT 22,Livingston,LA,600,3.16566666,30.4953,-90.7467
69861,HUCKS FOOD & FUEL #379,"I-57, EXIT 53",Marion,IL,340,3.549,37.7345,-88.942
69861,HUCKS FOOD & FUEL #379,"I-57, EXIT 53",Marion,IL,340,2.929,37.7345,-88.942
69861,HUCKS FOOD & FUEL #379,"I-57, EXIT 53",Marion,IL,340,2.999,37.7345,-88.942
69862,CASEYS #3503,US-69/SR-52,Pleasanton,KS,400,3.199,38.179,-94.7053
69863,GOLDEN GATE,I-80 EXIT 352A & US-93,Wells,NV,835,3.41566666,41.1132,-114.9535
69865,7-ELEVEN #40036,SR-33 & SR-632,Lanexa,VA,180,3.659,37.42376,-76.90108
69870,CIRCLE K #4705720,"I-280, EXIT 7 & SR-2",Oregon,OH,550,3.609,41.6524,-83.4321
69871,CIRCLE K #2741595,SR-71 & FM-1209,Bastrop,TX,595,2.954,30.1113,-97.3176
69873,KWIK TRIP #142,"US-10, EXIT 186 & SR-13",Marshfield,WI,395,3.479,44.6627,-90.1728
69874,LOVES TRAVEL STOP #687,"I-72, EXIT 64 & US-67",Jacksonville,IL,540,3.589,39.7292,-90.2317
69874,LOVES TRAVEL STOP #687,"I-72, EXIT 64 & US-67",Jacksonville,IL,540,3.489,39.7292,-90.2317
69875,LOVES TRAVEL STOP #680,US-81,Norfolk,NE,470,3.31566666,42.0324,-97.4217
69876,LOVES TRAVEL STOP #684,"I-35, EXIT 133 & SR-175",Ellsworth,IA,433,3.689,42.3102,-93.5819
69877,LOVES TRAVEL STOP #669,US-61 & SR-19,New London,MO,345,3.23566666,39.5844,-91.3987
69878,SPEEDWAY #7412,SR-83 & SR-19,Bensenville,IL,293,3.379,41.9579,-87.9442
69879,SPEEDWAY #3700,I-70 EXIT 77,Indianapolis,IN,375,3.319,39.7771,-86.1458
69880,Speedway #6809,"I-290, EXIT 13A",Franklin Park,IL,293,3.329,41.9361,-87.8794
69880,Speedway #6809,"I-290, EXIT 13A",Franklin Park,IL,293,3.379,41.9361,-87.8794
69881,KWIK TRIP #458,SR-55,Buffalo,MN,451,3.549,45.1794,-93.8644
69882,SPEEDWAY #7103,US-43,Lawrenceburg,TN,460,3.574,35.2497,-87.3325
69884,AKAL TRAVEL CENTER,"I-40, EXIT 267 & SR-379",Santa Rosa,NM,721,2.879,34.9361,-104.6769
69885,BELL STORES #146,SR-43 & SR-183,Malvern,OH,249,3.579,40.6894,-81.1803
69886,LOVES TRAVEL STOP #676,SR-50,Syracuse,NE,413,3.444,40.6635,-96.1827
69887,CIRCLE K #2701869,SR-21 & SR-307,Savannah,GA,195,3.11566666,32.0286,-81.1821
69888,OASIS STOP N GO #17,US-30,Twin Falls,ID,787,3.699,42.5645,-114.4613
69892,MAVERIK COUNTRY STORE #547,US-26,Casper,WY,790,3.18566666,42.842,-106.3208
69893,DOMINO EXPRESS #24,US-412/US-270/US-183/SR-3 & SR-15,Woodward,OK,337,2.999,36.4247,-99.4058
69894,Circle K #2746446,US-2,Williston,ND,452,4.04233333,48.1814,-103.6364
69895,Shell,"I-80, EXIT 122",Minooka,IL,290,3.149,41.4507,-88.2791
69895,Shell,"I-80, EXIT 122",Minooka,IL,290,3.249,41.4507,-88.2791
69895,Shell,"I-80, EXIT 122",Minooka,IL,290,3.199,41.4507,-88.2791
69900,LOVES TRAVEL STOP #605,"I-70, EXIT 59 & SR-41",Springfield,OH,315,3.479,39.93,-83.7959
69901,KWIK TRIP #638,SR-42,Two Rivers,WI,582,3.39066666,44.1565,-87.5824
69902,MAVERIK COUNTRY STORE #441,"I-182/US-12, EXIT 9",Pasco,WA,925,4.279,46.2506,-119.1305
69903,LOVES TRAVEL STOP #642,US-60 & US-385,Hereford,TX,585,3.41566666,34.8225,-102.4001
69904,LOVES TRAVEL STOP #695,US-54/400,Cunningham,KS,570,3.65733333,37.6447,-98.4312
69905,KWIK TRIP #105,"I-41, EXIT 157",De Pere,WI,582,3.35233333,44.4308,-88.0785
69906,LOVES TRAVEL STOP #692,US-169 & SR-39,Chanute,KS,570,3.27566666,37.6695,-95.4621
69907,STRIPES #41023,SR-358 & FM-665,Corpus Christi,TX,625,3.07066666,27.7254,-97.3767
69908,LOVES TRAVEL STOP #685,"I-74, EXIT 51",Knoxville,IL,270,3.889,40.907,-90.2857
69912,AMPM,"I-10, EXIT 140",Phoenix,AZ,930,3.28233333,33.5722,-112.0892
69913,ROSS FUEL CENTER,US-60/US-67,Poplar Bluff,MO,275,3.49066666,36.7632,-90.4135
69914,PETRO COLUMBIA,"I-77, EXIT 5 & SR-48",Columbia,SC,46,3.41233333,34.0378,-80.9036
69915,PETES #16,"I-49/US-71, EXIT 120 & CR-B",Rich Hill,MO,277,3.149,38.0958,-94.3633
69921,LOVES TRAVEL STOP #688,"I-70, EXIT 119 & SR-130",Greenup,IL,510,3.389,39.2484,-88.1598
69921,LOVES TRAVEL STOP #688,"I-70, EXIT 119 & SR-130",Greenup,IL,510,3.449,39.2484,-88.1598
69921,LOVES TRAVEL STOP #688,"I-70, EXIT 119 & SR-130",Greenup,IL,510,3.489,39.2484,-88.1598
69921,LOVES TRAVEL STOP #688,"I-70, EXIT 119 & SR-130",Greenup,IL,510,3.349,39.2484,-88.1598
69921,LOVES TRAVEL STOP #688,"I-70, EXIT 119 & SR-130",Greenup,IL,510,3.289,39.2484,-88.1598
69922,LOVES TRAVEL STOP #686,"I-84/I-15, EXIT 363",Brigham City,UT,835,3.75566666,41.5035,-112.0453
69923,Circle K #2741821,FM 471 & SR 211,San Antonio,TX,740,3.03233333,29.4632,-98.5238
69926,TONKAWA TRADING POST,"I-35, EXIT 214 & US-60",Tonkawa,OK,500,2.999,36.6769,-97.3235
69927,LOVES TRAVEL STOP #682,"I-81, EXIT 10A",Hagerstown,MD,22,3.949,39.6401,-77.7217
69928,KUM & GO #1837,SR-51,Broken Arrow,OK,560,3.05233333,36.038,-95.7806
69929,PETES #14,US-69/SR 7,Fort Scott,KS,307,3.199,37.8283,-94.7038
69930,CONCORDE TRAVEL CENTER,"I-65, EXIT 219 & CR-42",Jemison,AL,720,3.299,32.9696,-86.7339
69931,SHELL,"I-565, EXIT 7 & CR-127",Madison,AL,615,3.349,34.7114,-86.7626
69932,CIRCLE K #2741847,SR-16,San Antonio,TX,740,3.07233333,29.4632,-98.5238
69933,Flyers #3202,"I-17, EXIT 201",Phoenix,AZ,930,3.369,33.5722,-112.0892
69934,KWIK TRIP #135,SR-35 N,Superior,WI,334,3.499,46.6941,-92.0823
69935,KWIK TRIP #586,"I-41, EXIT 45",Butler,WI,444,3.474,43.1084,-88.0713
69936,LOVES TRAVEL STOP #683,US-27,Moore Haven,FL,176,3.789,26.8338,-81.0984
69937,MAVERIK COUNTRY STORE #385,"I-15, EXIT 119",Idaho Falls,ID,825,3.42566666,43.4871,-112.0362
69938,MAVERIK COUNTRY STORE #388,US-60 & SR-77,Show Low,AZ,930,3.229,34.2671,-110.0384
69939,MAVERIK COUNTRY STORE #377,"I-15, EXIT 244 & US-6",Santaquin,UT,835,3.40233333,39.9708,-111.7941
69940,SAPP BROS TRAVEL CENTER,"I-49, EXIT 157",Harrisonville,MO,400,3.40233333,38.653,-94.3467
69941,QUIKTRIP #949,"I-20 E, EXIT 406",Weatherford,TX,630,2.91733333,32.7536,-97.7723
69943,ASAP GENERAL STORE #313,US-81,Duncan,OK,483,3.13233333,34.5408,-97.9215
69944,TRUCK WORLD,"I-76, EXIT 57",North Jackson,OH,573,3.259,41.10006,-80.85731
69945,BP,"I-465, EXIT 49",Indianapolis,IN,375,3.799,39.7771,-86.1458
69946,KUM & GO #0119,"I-35, EXIT 214 & SR-105",Northwood,IA,433,3.11566666,43.4441,-93.216
69947,THORNTONS #607,I-24 EXIT 62 & SR-171,Antioch,TN,460,2.899,35.78979,-88.97423
69948,CIRCLE T,US-190/SR-21,Bryan,TX,670,3.459,30.665,-96.3807
69949,THE CROSSING TRAVEL MARK,US-83 & SR-153,Winters,TX,575,3.04066666,31.9564,-99.9292
69952,HUTCH'S #120,"I-40, EXIT 25",Sayre,OK,483,2.984,35.2966,-99.6286
69954,Exxon,"I-80, EXIT 27A & US-46",Budd Lake,NJ,79,3.119,40.8733,-74.7375
69955,QUIKTRIP #1044,"I-85, EXIT 63 & SR-2180",Kannapolis,NC,46,3.154,35.4764,-80.6408
69957,LOVES TRAVE STOP #698,"I-75/SR-401, EXIT 153",Macon,GA,85,3.369,32.8065,-83.6974
69958,LOVES TRAVEL STOP #693,US-30/23 & SR-199,Upper Sandusky,OH,411,3.889,40.8298,-83.2721
69959,BISCUIT HILL TRAVEL PLAZA,"I-40, EXIT 192",Shawnee,OK,483,2.909,35.3531,-96.9647
69960,PILOT CENTER #1014- TOWN PUMP,"I-94, EXIT 213 & SR-16",Glendive,MT,807,3.419,47.1101,-104.707
69962,LUFKIN TRAVEL PLAZA,US-59 & CR-819,Lufkin,TX,618,2.81566666,31.3217,-94.7277
69963,7 CLANS RED ROCK GASINO,US-177,Red Rock,OK,500,3.089,36.4601,-97.1796
69964,SHEETZ #621,"I-77 & US-70, Exit 49A",Statesville,NC,46,2.849,35.7842,-80.8713
69969,USA GAS,SR-47,Newfield,NJ,150,3.169,39.5484,-75.0167
69974,LOVES TRAVEL STOP #672,US-77BUS & FM-1945,Sinton,TX,625,3.149,28.0392,-97.5153
69975,LOVES TRAVEL STOP #703,US-50,South Hutchinson,KS,570,3.30066666,38.0278,-97.9429
69976,KWIK TRIP #583,"I-94, EXIT 89 & SR-23",Wisconsin Dells,WI,420,3.23733333,43.6336,-89.7752
69977,KWIK TRIP #855,US-12,Baraboo,WI,420,3.11566666,43.4695,-89.7376
69978,LOVES TRAVEL STOP #678,US-271,Paris,TX,630,3.36566666,33.6688,-95.546
69979,LOVES TRAVEL STOP #681,"I-82/US-12, EXIT 80",Prosser,WA,925,4.589,46.2068,-119.7663
69980,RUTTERS #70,SR-896 & SR-741,Strasburg,PA,208,4.199,39.98316,-76.18412
69981,RANCHLAND GAS STATION,US-82,Benjamin,TX,770,3.299,33.5836,-99.7929
69982,RUTTERS #68,US-422 & SR-934,Annville,PA,70,4.299,40.32954,-76.51524
69983,MICKEY MART #57,US-250,Strasburg,OH,249,3.49233333,40.6004,-81.5293
69986,YESWAY #1061,US-180 & SR-137,Lamesa,TX,612,3.099,32.7333,-101.9541
69987,LOVES TRAVEL STOP #679,"I-90, EXIT 495 & SR-47",Hardin,MT,780,3.704,45.7422,-107.6082
69988,LOVES TRAVEL STOP #640,"I-43, EXIT 120 & CR-OK",Sheboygan,WI,444,3.289,43.7403,-87.7316
69989,LOVES TRAVEL STOP #677,US-45A,West Point,MS,615,3.259,33.6064,-88.6572
69990,LOVES TRAVEL STOP #691,US-50/93 & US-6,Ely,NV,910,3.649,39.265,-114.8708
69991,WA SHE SHU TRAVEL PLAZA,US-395,Gardnerville,NV,966,3.699,38.939,-119.7369
69992,KWIK TRIP #120,SR-15 & CR-4,Saint Cloud,MN,451,3.27733333,45.534,-94.1718
69993,CEFCO #99,US-290,Giddings,TX,595,3.159,30.1833,-96.9279
69995,PILOT EXPRESS #1178,"I-10, EXIT 273",Tucson,AZ,980,3.219,32.1541,-110.8787
69996,YESWAY #1078,US-83 & SR-153,Winters,TX,575,2.999,31.9564,-99.9292
69998,CASEYS #3604,US-75,Hinton,IA,527,3.299,42.6212,-96.2977
69999,RUTTERS #71,"I-99, EXIT 28 & US-22",Duncansville,PA,14,4.099,40.4263,-78.4303
70001,LOVES TRAVEL STOP #690,US-23,Circleville,OH,315,3.789,39.6063,-82.9334
70002,LOVES TRAVEL STOP #699,US-49,Magee,MS,620,3.60733333,31.873,-89.734
70003,SPEEDWAY #2926,SR-837,Clairton,PA,165,3.92566666,40.2976,-79.8854
70004,SPEEDWAY #7775,US-23 & CR-192,Delaware,OH,315,3.619,40.2851,-83.0741
70007,FLYING J #1096,"I-95, EXIT 201 & CR-524",Cocoa,FL,143,3.699,28.382,-80.7675
70007,FLYING J TRAVEL PLAZA #1096,"I-95, EXIT 201 & CR-524",Cocoa,FL,143,3.699,28.382,-80.7675
70008,Amigo's,"I-10, EXIT 661 & FM-609",Flatonia,TX,610,3.08233333,29.6888,-97.1059
70009,KWIK TRIP #661,SR-69 & BUS-11,Monroe,WI,420,3.36233333,42.603,-89.6381
70010,Kwik Star #567,US-65 & SR-3,Hampton,IA,565,3.504,42.742,-93.205
70011,KWIK TRIP #279,"US-63, EXIT 59",Rochester,MN,515,3.549,44.0154,-92.478
70012,MAVERIK COUNTRY STORE #549,"I-70, EXIT 283",Aurora,CO,800,3.18566666,39.7083,-104.7237
70014,PETRO-CARD 24 #919141,SR-179,Jamestown,MO,310,3.479,38.7667,-92.4802
70016,CASEYS #2743,SR-43/SR-2 & SR-66A,Palmyra,NE,413,3.199,40.7057,-96.3922
70017,PACIFIC PRIDE,I-79 & US-19,Morgantown,WV,430,3.459,39.6383,-79.9464
70019,QUICKLEES #1,"I-390, EXIT 9 & SR-15",Avon,NY,190,3.999,42.91201,-77.74556
70022,SHEETZ #583,US-322 & SR-655,Reedsville,PA,14,3.41566666,40.6646,-77.593
70024,KWIK TRIP #827,"I-41, EXIT 167",Green Bay,WI,582,3.499,44.5148,-87.9895
70025,SPEEDWAY #6245,SR-43,Carrollton,OH,249,3.559,40.5787,-81.0907
70026,SPEEDWAY #8883,I-80 EXIT 73,Peru,IL,293,3.149,41.3482,-89.1371
70026,SPEEDWAY #8883,I-80 EXIT 73,Peru,IL,293,3.199,41.3482,-89.1371
70027,SPEEDWAY #8851,SR-31,South Elgin,IL,293,3.659,41.9906,-88.3135
70027,SPEEDWAY #8851,SR-31,South Elgin,IL,293,3.559,41.9906,-88.3135
70028,LOVES TRAVEL STOP #697,"US-321, EXIT 37",Newton,NC,46,3.689,35.663,-81.2335
70029,LOVES TRAVEL STOP #696,"I-10, EXIT 843",Beaumont,TX,610,3.294,30.0849,-94.1451
70030,SPEEDWAY #3991,"I-80 E, & I-94 E",Gary,IN,290,3.71233333,41.5905,-87.3473
70031,SPEEDWAY #8020,US-30,Upper Sandusky,OH,550,3.799,40.8298,-83.2721
70032,Kwik Star #569,US-20,Waterloo,IA,565,3.574,42.4918,-92.3522
70033,KWIK TRIP #111,SR-36 & CR-15,Stillwater,MN,448,3.54066666,45.0573,-92.8313
70034,SPEEDWAY #8799,I-55 EXIT 282A & SR-171,Bedford Park,IL,293,3.599,41.7669,-87.7915
70035,SPEEDWAY #8064,"I-55, EXIT 178 & SR-43",West Lafayette,IN,375,3.58233333,40.4432,-86.9238
70036,Speedway #3994,SR-38 & CR-21,West Chicago,IL,293,3.599,41.896,-88.2253
70037,SPEEDWAY #8738,"I-70, EXIT 23 & SR-59",Brazil,IN,375,3.699,39.5226,-87.124
70038,SPEEDWAY #1830,US-31,Grand Haven,MI,456,3.899,43.0553,-86.2201
70039,TEX-BEST #527,SR-162 & SR-16,Jourdanton,TX,747,2.92066666,28.9141,-98.5409
70040,TEX BEST #503,"I-35, EXIT 215 & CR-210",Kyle,TX,595,2.80566666,29.9932,-97.8852
70041,LOVES TRAVEL STOP #705,"I-64/SR-33, EXIT 211 & SR-609",Providence Forge,VA,180,3.889,37.44181,-77.04358
70042,Kwik Star #103,US-65,Iowa Falls,IA,565,3.374,42.519,-93.2662
70043,KWIK TRIP #571,"I-35, EXIT 235 & SR-210",Carlton,MN,515,3.319,46.6628,-92.4067
70044,Thorntons #325,"I-94, EXIT 73B & US-6",South Holland,IL,365,3.699,41.5977,-87.6022
70049,KWIK STAR #581,"I-380, EXIT 17",Cedar Rapids,IA,380,3.54066666,41.9662,-91.6783
70050,KWIK TRIP #124,US-51,De Forest,WI,420,3.23566666,43.2301,-89.3431
70053,KWIK TRIP #964,"US-12, EXIT 250 & CR-M",Middleton,WI,420,3.529,43.1064,-89.5059
70054,KWIK TRIP #976,CR-241 & CR-ZZ,Oak Creek,WI,444,3.579,42.8803,-87.9009
70058,KWIK TRIP #590,CR-4 & CR-22,Rochester,MN,515,3.624,44.0154,-92.478
70059,KWIK TRIP #118,US-2 & LAKESHORE DRIVE,Ashland,WI,334,3.699,46.5799,-90.8713
70062,KWIK TRIP #970,SR-164 & SR-59,Waukesha,WI,444,3.53233333,43.0087,-88.2464
70063,QUICK FUEL #2206,US-41,Marietta,GA,18,3.519,33.9533,-84.5422
70066,KWIK TRIP #957,US-18 & CR-PD,Madison,WI,420,3.604,43.0822,-89.393
70067,KWIK TRIP #240,"I-94, EXIT 115 & CR-A",Black River Falls,WI,395,3.31233333,44.2981,-90.842
70068,LOVES TRAVEL STOP #712,"I-44, EXIT 107",Newcastle,OK,483,3.42566666,35.2401,-97.5995
70069,CASEYS #3486,"I-49, EXIT 159",Harrisonville,MO,400,3.229,38.653,-94.3467
70074,CASEYS #3430,US-71 & US-136/SR-46,Maryville,MO,400,3.13733333,40.3428,-94.8702
70075,KWIK TRIP #815,US-63 & SR-48,Cumberland,WI,295,3.624,45.5358,-92.0291
70076,PETRO-CARD 24 #910681,SR-32,Salem,MO,392,3.099,37.6399,-91.5345
70078,KWIK TRIP #573,I-94 & CR-EE,Eau Claire,WI,295,3.399,44.8197,-91.4948
70079,PILOT #1118,US-60,Clovis,NM,593,4.079,34.4376,-103.1923
70080,FLYING J #1117,SR-25,Rochester,IN,370,3.859,41.0591,-86.1959
70080,FLYING J TRAVEL PLAZA #1117,SR-25,Rochester,IN,370,3.859,41.0591,-86.1959
70081,PILOT EXPRESS #1032,SR-7,Steubenville,OH,249,3.629,40.3653,-80.6519
70082,KWIK TRIP #588,US-51 & SR-70,Woodruff,WI,395,3.09566666,45.8946,-89.6912
70083,KWIK TRIP #596,US-14,Black Earth,WI,420,3.444,43.1344,-89.747
70084,SPEEDWAY #4440,SR-131,Waukegan,IL,293,3.789,42.3698,-87.8716
70084,SPEEDWAY #4440,SR-131,Waukegan,IL,293,3.659,42.3698,-87.8716
70085,Pilot Travel Center #1114,SR-83,Bensenville,IL,290,3.559,41.9579,-87.9442
70085,Pilot #1114,SR-83,Bensenville,IL,290,3.389,41.9579,-87.9442
70085,Pilot Travel Center #1114,SR-83,Bensenville,IL,290,3.389,41.9579,-87.9442
70085,Pilot Travel Center #1114,SR-83,Bensenville,IL,290,3.659,41.9579,-87.9442
70085,Pilot #1114,SR-83,Bensenville,IL,290,3.599,41.9579,-87.9442
70087,PILOT EXPRESS  #1098,"I-95, EXIT 14",Newark,NJ,105,3.999,40.7245,-74.1725
70088,KWIK TRIP #138,SR-13,Park Falls,WI,395,3.14733333,45.9348,-90.4464
70090,SPEEDWAY #7111,"I-40, EXIT 143 & SR-13",Hurricane Mills,TN,460,3.03233333,35.97117,-87.78197
70091,SPEEDWAY #7503,I-70 & I-57 EXIT 159,Effingham,IL,293,3.199,39.1205,-88.5509
70091,SPEEDWAY #7503,I-70 & I-57 EXIT 159,Effingham,IL,293,3.299,39.1205,-88.5509
70093,LOVES TRAVEL STOP #694,US-45/SR-5 & SR-57,Ramer,TN,435,3.46233333,35.0718,-88.6147
70095,LOVES TRAVEL STOP #713,US-380 & FM-1304,Bridgeport,TX,630,2.949,33.21,-97.7708
70096,LOVES TRAVEL STOP #661,US-65 & SR-81,Pine Bluff,AR,695,3.319,34.2116,-92.0173
70097,KWIK TRIP #112,SR-32 & SR-23,Sheboygan Falls,WI,444,3.29233333,43.729,-87.8266
70098,KWIK TRIP #110,US-2,Ashland,WI,334,3.699,46.5799,-90.8713
70099,QUIKTRIP #1883,"I-35, EXIT 497 & US-82",Gainesville,TX,253,2.97566666,33.639,-97.1487
70100,LOVES TRAVEL STOP #718,"I-65, EXIT 158",Hope Hull,AL,720,3.26566666,32.26986,-86.35719
70104,LOVES TRAVEL STOP #649,"I-76/US-6, EXIT 89",Brush,CO,800,4.089,40.2598,-103.6323
70105,LOVES TRAVEL STOP #708,"I-75, EXIT 314 & CR-48",Bushnell,FL,225,3.29566666,28.686,-82.1165
70106,LOVES TRAVEL STOPS #719,"I-35, EXIT 308",Troy,TX,765,3.159,31.2,-97.3019
70106,LOVES TRAVEL STOP #719,"I-35, EXIT 308",Troy,TX,765,3.167,31.2,-97.3019
70107,LOVES TRAVEL STOP #711,"I-71, EXIT 165 & SR-97",Bellville,OH,315,3.709,40.6297,-82.5244
70108,RICKY ROCKETS FUEL CENTER,SR-50 & SR-83,Midlothian,IL,291,3.199,41.6254,-87.7243
70108,RICKY ROCKETS FUEL CENTER,SR-50 & SR-83,Midlothian,IL,291,3.099,41.6254,-87.7243
70111,KWIK TRIP #557,"I-39, EXIT 126 & CR-V",De Forest,WI,420,3.31066666,43.2301,-89.3431
70117,RUTTERS #72,"I-81, EXIT 16 & US-30",Saint Thomas,PA,70,4.399,39.91759,-77.79777
70118,SPEEDWAY #7118,US-41,Smyrna,TN,460,3.01566666,35.9687,-86.5264
70122,Circle K #2709301,SR-67,Decatur,AL,615,3.899,34.5731,-86.9905
70124,TA Express Lamar,US-50/385,Lamar,CO,525,3.439,38.074,-102.6154
70125,SPEEDWAY #7391,I-76 EXIT 232,North Lima,OH,305,3.699,40.9497,-80.6611
70126,SPEEDWAY #3535,"I-71,EXIT 165 & SR-97",Bellville,OH,315,3.599,40.6297,-82.5244
70127,SPEEDWAY #2929,"US-22, US-119",New Alexandria,PA,165,3.97233333,40.3945,-79.4175
70128,CIRCLE K #4703913,"I-40 E, EXIT 87",Jackson,TN,460,3.349,35.6538,-88.8354
70130,SIDE TRACK,SR-57,Wrightsville,GA,85,3.31566666,32.727,-82.7191
70131,THORNTONS #323,SR-64,Lombard,IL,290,3.349,41.8741,-88.0157
70131,THORNTONS #323,SR-64,Lombard,IL,290,3.299,41.8741,-88.0157
70131,THORNTONS #323,SR-64,Lombard,IL,290,3.349,41.8741,-88.0157
70131,THORNTONS #323,SR-64,Lombard,IL,290,3.299,41.8741,-88.0157
70131,THORNTONS #323,SR-64,Lombard,IL,290,3.299,41.8741,-88.0157
70131,THORNTONS #323,SR-64,Lombard,IL,290,3.299,41.8741,-88.0157
70135,KUM & GO #1455,"I-44, EXIT 130",Lebanon,MO,535,3.09233333,37.6717,-92.6603
70136,FUEL CITY SAGINAW,CR-156,Fort Worth,TX,630,2.96566666,32.7817,-97.3474
70137,RUTTERS #8,"I-83, EXIT 14 & SR-182",York,PA,70,4.199,39.9651,-76.7315
70140,CASEYS #3593,SR-7 & US-50,North Vernon,IN,375,3.59233333,39.0171,-85.6317
70142,ONVO TRAVEL PLAZA - AVIS,"US-220, EXIT 118",Avis,PA,138,3.539,41.1858,-77.3164
70143,KWIK TRIP #104,"I-94, HWY-24, EXIT 178",Clearwater,MN,448,3.27733333,45.4102,-94.0447
70144,LOVES TRAVEL STOP #635,"I-49, EXIT 24 & SR-282",Alma,AR,645,3.459,35.4919,-94.2165
70145,MAVERIK COUNTRY STORE #578,US-26 & US-91,Idaho Falls,ID,825,3.40233333,43.4871,-112.0362
70146,MAVERIK COUNTRY STORE #567,"I-90, EXIT 291A",Spokane,WA,970,3.969,47.6671,-117.433
70146,MAVERIK COUNTRY STORE #567,"I-90, EXIT 291A",Spokane,WA,970,3.989,47.6671,-117.433
70146,MAVERIK COUNTRY STORE #567,"I-90, EXIT 291A",Spokane,WA,970,3.979,47.6671,-117.433
70146,MAVERIK COUNTRY STORE #567,"I-90, EXIT 291A",Spokane,WA,970,3.999,47.6671,-117.433
70150,LOVES TRAVEL STOP #704,"I-29, EXIT 35B & US-34",Pacific Junction,IA,319,3.789,41.018,-95.7994
70151,LOVES TRAVEL STOP #721,"I-45, EXIT 246 & FM-1183",Ennis,TX,630,3.03566666,32.3254,-96.6347
70154,Stinker,"US-34, CR-56",Kersey,CO,800,3.499,40.391,-104.5794
70155,MARATHON,"US-24, I-96 EXIT 179",Redford,MI,549,4.999,42.38337,-83.2966
70156,MAVERIK COUNTRY STORE #348,"US-91, SR-130",Cedar City,UT,791,3.45233333,37.6834,-113.0956
70157,LOVES TRAVEL STOP #702,US-63,Waterloo,IA,565,3.769,42.4918,-92.3522
70158,FLYING J #1068,"I-26, EXIT 194 & SR-16",Summerville,SC,42,3.509,33.0016,-80.1799
70159,LOVES TRAVEL STOP #717,US-460 & SR-156,Disputanta,VA,180,3.56233333,37.1236,-77.2249
70160,COMMON CENTS #212,I-90 & SR-337,Sheridan,WY,836,3.56066666,44.7961,-106.9642
70162,PILOT #1049,US-58,Suffolk,VA,130,3.899,36.6953,-76.6398
70163,KWIK TRIP #598,SR-23,Paynesville,MN,451,3.399,45.3785,-94.7216
70164,ONVO TRAVEL PLAZA - BLAKESLEE,I-80 EXIT 284,Blakeslee,PA,200,3.56566666,41.09259,-75.59269
70168,KWIK TRIP #575,CR-75,Saint Joseph,MN,451,3.30233333,45.5655,-94.3035
70169,ROCKING Oil,SR-21,Caldwell,TX,670,3.099,30.5307,-96.7007
70170,LOVES TRAVEL STOP #716,SR-3005,Elizabethtown,KY,460,3.599,37.7031,-85.8773
70171,CITGO HERITAGE RIDGE,US-151 & SR-26,Waupun,WI,582,3.14733333,43.6314,-88.7381
70172,MACH 1 #3,I-57 & SR-14,Benton,IL,540,3.599,38.0109,-88.9179
70172,MACH 1 #3,I-57 & SR-14,Benton,IL,540,3.379,38.0109,-88.9179
70174,LOVES TRAVEL STOP #701,"I-69, EXIT 176",Capac,MI,342,3.949,43.0074,-82.9271
70176,MAVERIK COUNTRY STORE #565,I-84,Boise,ID,785,3.39566666,43.6005,-116.2308
70177,MAVERIK COUNTRY STORE #497,US-160 & SR-145,Cortez,CO,614,3.41566666,37.3503,-108.5768
70179,WORKMANS TRAVEL CENTER,"I-49, EXIT 78 & SR-264",Lowell,AR,645,3.40233333,36.2561,-94.1532
70180,Gulf,SR-83,Bensenville,IL,297,3.099,41.9579,-87.9442
70180,Gulf,SR-83,Bensenville,IL,297,3.059,41.9579,-87.9442
70181,CIRCLE K #2723778,US-501 & SR-78/CR-1303,Sanford,NC,177,3.049,35.4875,-79.177
70182,SHELL,US-169,Blue Earth,MN,425,3.299,43.6409,-94.1005
70183,PILOT # 1134,US-285 & CR-652,Orla,TX,593,3.759,31.82513,-103.90881
70185,PILOT # 1147,SR-302,Kermit,TX,710,3.25566666,31.854,-103.0924
70187,PILOT # 1146,I-20 & SR-17,Pecos,TX,710,3.46566666,31.42291,-103.49323
70188,KUM & GO #0890,I-44 (WESTBOUND),Vinita,OK,560,3.059,36.6375,-95.1725
70189,HUDSON IRVING 24,SR-3A,Hudson,NH,34,3.799,42.76481,-71.43979
70190,LOVES TRAVEL STOP #726,I-25 EXIT 191,Belen,NM,580,3.52233333,34.7115,-106.7986
70191,LOVES TRAVEL STOP #734,"I-44, EXIT 5 & US-70",Randlett,OK,770,3.12066666,34.1773,-98.4639
70192,LOVES TRAVEL STOP #720,"I-49, EXIT 94 & SR-1",Boyce,LA,730,3.174,31.3907,-92.67
70207,PILOT TRAVEL CENTERS #1344,I-20 EXIT 425,Fort Worth,TX,630,2.909,32.7817,-97.3474
70208,GOLDEN GATE PETRO,SR-648,Sparks,NV,966,3.98566666,39.5736,-119.7161
70209,PUMP N PETES #42,"I-49, EXIT 66 & CR-K",Jasper,MO,416,3.199,37.3354,-94.3023
70210,CASEYS #3889,SR-29 & CR-1350,Henry,IL,368,3.349,41.1172,-89.3569
70214,RACETRAC #688,I-20 & SR-6,Lithia Springs,GA,18,2.97233333,33.7811,-84.6487
70216,PILOT TRAVEL CENTER #1110,I-25 & SR-105,Monument,CO,803,3.639,39.0736,-104.8467
70216,PILOT #1110,I-25 & SR-105,Monument,CO,803,3.579,39.0736,-104.8467
70217,MR GAS #20,I-84 EXIT 165,Jerome,ID,785,3.40733333,42.7179,-114.5159
70218,LOVES TRAVEL STOP #725,I-69 & SR-260,Hanson,KY,490,3.599,37.4184,-87.4809
70219,LOVES TRAVEL STOP #709,US-59 & SR-116,Lufkin,TX,610,3.649,31.3217,-94.7277
70220,LOVES TRAVEL STOP #497,"I-40, EXIT 154 & US-64",Statesville,NC,46,3.689,35.7842,-80.8713
70221,PILOT #1092,CR-70 E,Cedar Rapids,IA,380,3.779,41.9662,-91.6783
70221,PILOT TRAVEL CENTER #1092,CR-70 E,Cedar Rapids,IA,380,3.779,41.9662,-91.6783
70222,GOOD TO GO #45,"US-52 & SR-55, SR-18",Fowler,IN,375,3.699,40.617,-87.3185
70223,SPEEDWAY #8749,"I-75, EXIT 116",Flint,MI,342,3.089,43.0236,-83.6921
70223,SPEEDWAY #8749,"I-75, EXIT 116",Flint,MI,342,3.289,43.0236,-83.6921
70223,SPEEDWAY #8749,"I-75, EXIT 116",Flint,MI,342,3.259,43.0236,-83.6921
70224,GOLDEN GATE PETROLEUM,I-70 EXIT 42,Palisade,CO,810,3.549,39.1084,-108.3573
70225,Union 76 Pilot,US-130,Riverton,NJ,105,3.999,40.0115,-75.0148
70227,LOVES TRAVEL STOP #724,"I-75, EXIT 414 & US-41",Lake City,FL,225,3.339,30.1901,-82.6471
70229,TA EXPRESS HENDERSON #969,I-11 EXIT 15A,Henderson,NV,910,3.639,36.0133,-115.0381
70232,RUTTERS #73,"I-81, EXIT 8 & CR-32",Inwood,WV,70,3.659,39.3538,-78.0552
70233,RUDS,SR-31 & I-94 EXIT 127,New Salem,ND,390,3.499,46.8431,-101.4178
70236,LOVES TRAVEL STOP #733,"I-25, EXIT 347",Las Vegas,NM,580,3.489,35.6011,-105.2206
70238,ROAD RANGER #275,"I-10, EXIT 400 & US-277",Sonora,TX,740,3.549,30.5707,-100.6423
70239,GOOD 2 GO #717,"I-25, EXIT 145",Colorado Springs,CO,803,3.479,38.8674,-104.7605
70240,MAVERIK COUNTRY STORE #370,"I-15, EXIT 10",Saint George,UT,910,3.5415,37.0758,-113.5752
70241,MAVERIK COUNTRY STORE #460,SR-88,Minden,NV,966,3.52566666,38.9632,-119.7683
70242,ROAD RANGER #276,"I-35, EXIT 342A",Waco,TX,765,3.049,31.5599,-97.1882
70243,CASEYS #4415,US-68 & US-31W /SR-526,Bowling Green,KY,460,2.999,36.9716,-86.4378
70245,YESWAY #1168,US-287 & CR-368,Iowa Park,TX,770,2.889,33.9622,-98.6819
70246,7-Eleven #37565,SR-944 & SR-9,Miami,FL,95,3.249,25.784,-80.2101
70247,EXXON DBA ONE9 #1416,I-20 EXIT 458,Dallas,TX,630,2.99233333,32.7935,-96.7667
70249,Caseys #4466,US-231 & SR-100,Scottsville,KY,460,3.31233333,36.7544,-86.2053
70251,Marathon,SR-42 & US-49,Hattiesburg,MS,620,3.03233333,31.3074,-89.317
70254,LOVES TRAVEL STOP #732,I-70 & CR-829,Abilene,KS,523,3.76233333,38.923,-97.2252
70255,J&H  FAMILY STORE #152,SR-55,Cadillac,MI,344,3.259,44.2493,-85.4164
70255,J&H  FAMILY STORE #152,SR-55,Cadillac,MI,344,3.559,44.2493,-85.4164
70256,PILOT TRAVEL CENTER #1128,SR-60,Bartow,FL,140,3.599,27.8868,-81.8214
70256,PILOT #1128,SR-60,Bartow,FL,140,3.599,27.8868,-81.8214
70257,LOVES TRAVEL STOP #739,I-2,Donna,TX,639,3.649,26.1468,-98.0559
70258,CASEYS #3677,US-59 & SR-30,Slayton,MN,530,3.299,43.9901,-95.7576
70262,ASAP GENERAL STORE #332,US-70 & US-377,Madill,OK,569,3.01566666,34.0872,-96.7744
70263,ENMARKET #769,US-301,Statesboro,GA,195,3.699,32.4375,-81.7751
70265,Speedee Mart # 2875,I-80 & CR-238,Milford,NE,413,3.43233333,40.7722,-97.0535
70266,PILOT #1161,I-20,Odessa,TX,710,3.56566666,31.8801,-102.3448
70267,LOVES TRAVEL STOP #728,"I-5, EXIT 238 & SR-164",Albany,OR,935,3.84733333,44.6272,-123.0965
70268,CASEYS #3396,SR-92 & SR-149,Sigourney,IA,380,3.36233333,41.334,-92.2044
70269,CASEYS #3589,"I-29, EXIT 2",North Sioux City,SD,527,3.059,42.535,-96.4998
70270,CASEYS #3685,US-50/US400  & SR-25,Lakin,KS,525,3.19233333,37.94,-101.2585
70271,CASEYS #1160,US-20,Plainview,NE,470,3.229,42.3534,-97.7871
70273,SPEEDWAY #5457,"I-264 E, EXIT 14 & SR-864 N",Louisville,KY,415,3.029,38.1663,-85.6485
70274,Kwik Star #920,US-18 & US-69,Garner,IA,433,3.399,43.1,-93.6031
70276,STAR EXPRESS #5,US-301 & SR-648,Petersburg,VA,180,3.049,37.2043,-77.3913
70277,KWIK TRIP #595,SR-46,Amery,WI,448,3.56066666,45.3045,-92.3635
70278,KWIK TRIP #923,"I-41, EXIT 146 & CR-N",Little Chute,WI,582,3.269,44.2906,-88.3208
70279,KWIK TRIP #926,SR-19 & SR-21,New Prague,MN,448,3.29066666,44.5459,-93.5755
70280,LOVES TRAVEL STOP #668,"I-25, EXIT 250 & SR-56",Berthoud,CO,800,3.39066666,40.3071,-105.0426
70281,LOVES TRAVEL STOP #645,"I-75, EXIT 18",Monroe,MI,325,3.339,41.9155,-83.3849
70281,LOVES TRAVEL STOP #645,"I-75, EXIT 18",Monroe,MI,325,3.239,41.9155,-83.3849
70281,LOVES TRAVEL STOP #645,"I-75, EXIT 18",Monroe,MI,325,3.429,41.9155,-83.3849
70281,LOVES TRAVEL STOP #645,"I-75, EXIT 18",Monroe,MI,325,3.489,41.9155,-83.3849
70281,LOVES TRAVEL STOP #645,"I-75, EXIT 18",Monroe,MI,325,3.549,41.9155,-83.3849
70281,LOVES TRAVEL STOP #645,"I-75, EXIT 18",Monroe,MI,325,3.389,41.9155,-83.3849
70282,PLEASANT SPRINGS TRAVEL,"I-39, EXIT 147 & CR-N",Cottage Grove,WI,420,3.39066666,43.0922,-89.2054
70283,SPEEDWAY #3996,US-12 & SR-120,Round Lake,IL,293,3.399,42.3435,-88.1059
70283,SPEEDWAY #3996,US-12 & SR-120,Round Lake,IL,293,3.479,42.3435,-88.1059
70283,SPEEDWAY #3996,US-12 & SR-120,Round Lake,IL,293,3.449,42.3435,-88.1059
70284,ROBINSON CORINTH IRVING,"I-395 N, EXIT 3",Corinth,ME,170,3.93233333,44.97,-69.01
70285,IRVING MAINWAY,SR-16 E,Dover Foxcroft,ME,170,3.86566666,45.18,-69.22
70286,ROBINSONS IRVING,SR-7,Corinna,ME,170,3.93233333,44.9223,-69.2628
70287,LOVES TRAVEL STOP #710,US-31 & SR 28,Tipton,IN,457,3.84733333,40.282,-86.0423
70291,LOVES TRAVEL STOP #723,"I-80, EXIT 310 & CR-322",Laramie,WY,795,3.61566666,41.3099,-105.6085
70292,FLYING J #1171,I-15,Mesquite,NV,910,3.70566666,36.8032,-114.133
70293,KWIK TRIP #922,US-8,Cameron,WI,295,3.664,45.4059,-91.7422
70295,SPEEDWAY #8080,I-69 & US-20,Angola,IN,465,3.599,41.6433,-85.005
70296,MAVERIK COUNTRY STORE #573,SR-68 & SR-154,Riverton,UT,835,3.13566666,40.5176,-111.9636
70297,KWIK STAR #509,SR-169 & BUS-20,Fort Dodge,IA,433,3.20233333,42.5098,-94.1751
70298,LOVES TRAVEL STOP #740,"I-95, EXIT 38 & SR-68",Yemassee,SC,42,3.419,32.6733,-80.8515
70299,Mr Fuel dba Pilot Express #1149,"I-295, EXIT 41 & SR-105",Jacksonville,FL,75,3.239,30.3322,-81.6749
70299,PILOT EXPRESS #1149,"I-295, EXIT 41 & SR-105",Jacksonville,FL,75,3.239,30.3322,-81.6749
70299,Mr Fuel Travel Center dba Pilot Express #1149,"I-295, EXIT 41 & SR-105",Jacksonville,FL,75,3.239,30.3322,-81.6749
70300,PILOT #1194,I-10 & US-60,Phoenix,AZ,930,6.039,33.5722,-112.0892
70300,PILOT DEALER #1194,I-10 & US-60,Phoenix,AZ,930,6.039,33.5722,-112.0892
70301,GOLDEN GATE TRUCKSTOP,I-80 & SR-535,Elko,NV,787,3.599,40.8381,-115.7678
70302,KWIK TRIP #117,CR-9 & CR-4,Duluth,MN,334,3.499,46.7756,-92.1393
70303,Kwik Star #1004,US-63,Waterloo,IA,565,3.574,42.4918,-92.3522
70304,Rusty Lantern,"I-95, EXIT 109A & SR-202",Augusta,ME,170,3.88733333,44.3341,-69.7319
70305,LOVES TRAVEL STOP #737,I-40/US-270,El Reno,OK,483,3.344,35.5429,-97.966
70306,KWIK STAR #1001,US-6,Newton,IA,320,3.249,41.6963,-93.0403
70307,KWIK TRIP #592,"I-35, EXIT 159 & CR-1",Rush City,MN,451,3.37733333,45.6875,-92.9655
70308,KWIK TRIP #946,SR-32,Pulaski,WI,582,3.45733333,44.6684,-88.2351
70309,PILOT #1165,SR-18 & SR-128,Jal,NM,593,3.36566666,32.1148,-103.19
70310,LANCASTER CONVENIENCE,US-2 & US-70,Lancaster,MA,34,3.70566666,42.45565,-71.67312
70311,RACING MART,SR-8,Adams,MA,215,3.699,42.62425,-73.1176
70313,Flyer's #3207,"SR-143, EXIT 2",Phoenix,AZ,930,3.389,33.5722,-112.0892
70314,CASEYS #2721,US-34,Lincoln,NE,413,3.3365,40.8099,-96.6784
70318,LOVES TRAVEL STOP #738,"I-30/US-67, EXIT 122 & SR-19/SR-11",Sulphur Springs,TX,723,3.309,33.1421,-95.6122
70319,SPEEDWAY #3650,"I-76, EXIT 11 & SR-261",Wadsworth,OH,305,3.699,41.0279,-81.7323
70320,SPEEDWAY #7177,"I-24, EXIT 158 & SR-27",Jasper,TN,285,3.014,35.0663,-85.6227
70321,PILOT TRAVEL CENTER #1132,SR-171 & SR-78,Brawley,CA,900,4.759,32.9783,-115.5287
70321,PILOT TRAVEL CENTER #1132,SR-171 & SR-78,Brawley,CA,900,4.799,32.9783,-115.5287
70321,PILOT #1132,SR-171 & SR-78,Brawley,CA,900,4.859,32.9783,-115.5287
70321,PILOT #1132,SR-171 & SR-78,Brawley,CA,900,4.899,32.9783,-115.5287
70322,INDIAN HILL IRVING,SR 6,Greenville,ME,170,3.86566666,45.45949,-69.59061
70323,LOVES TRAVEL STOP #750,I-74 EXIT 206,Oakwood,IL,280,3.589,40.1101,-87.7769
70323,LOVES TRAVEL STOP #750,I-74 EXIT 206,Oakwood,IL,280,3.389,40.1101,-87.7769
70323,LOVES TRAVEL STOP #750,I-74 EXIT 206,Oakwood,IL,280,3.489,40.1101,-87.7769
70324,LOVES TRAVEL STOP #729,CR-17 & US-20,Goshen,IN,465,3.72233333,41.5743,-85.8309
70325,KWIK STAR #927,US-169 & US-169 BUS/US-20 BUS,Fort Dodge,IA,433,3.20233333,42.5098,-94.1751
70326,PILOT #1207,"I-20, EXIT 79 & SR-464",Monahans,TX,710,3.46566666,31.6289,-103.0403
70328,Thorntons #7,US-12 & US-45,Franklin Park,IL,290,3.329,41.9361,-87.8794
70328,Thorntons #7,US-12 & US-45,Franklin Park,IL,290,3.379,41.9361,-87.8794
70328,Thorntons #7,US-12 & US-45,Franklin Park,IL,290,3.679,41.9361,-87.8794
70329,1 STOP TRAVEL PLAZA,US-14 & US-83,Pierre,SD,571,3.38233333,44.3748,-100.3205
70331,LOVES TRAVEL STOP #707,"I-64, EXIT 21",Covington,VA,185,3.649,37.7786,-79.9867
70333,KWIK STAR #932,"I-80, EXIT 143 & CR-S14",Altoona,IA,320,2.959,41.6483,-93.4783
70334,KWIK TRIP #1021,SR-11 & CR-E,Brodhead,WI,420,3.41566666,42.6168,-89.3756
70336,SPEEDWAY #3962,"I-39,  EXIT 3 & SR-9",Roscoe,IL,293,3.469,42.4256,-89.0084
70337,LOVES TRAVEL STOP #700,I-10 EXIT 404 & SR-467,Sonora,TX,710,3.64733333,30.5707,-100.6423
70338,LOVES TRAVEL STOP #747,"I-75, EXIT 90",Sidney,OH,411,3.34566666,40.2891,-84.1667
70340,PIT STOP,SR-53 & SR-74,Joliet,IL,399,3.499,41.5188,-88.1499
70341,LOVES TRAVEL STOP #741,US-29,Reidsville,NC,65,3.999,36.3376,-79.6725
70342,AF TRUCK CENTER,"I-294, EXIT 33 & SR-64",Melrose Park,IL,293,3.459,41.903,-87.8636
70343,PILOT TRAVEL CENTER #1103,"I-5, EXIT 208 & SR-530",Arlington,WA,962,4.559,48.1701,-122.1442
70344,KWIK TRIP #928,US-169,Princeton,MN,451,3.399,45.5688,-93.5899
70345,LOVES TRAVEL STOP #742,"I-196, EXIT 52",Holland,MI,406,4.089,42.7677,-86.0984
70346,Kwik Star #924,SR-17 & US-20 EXIT 140,Webster City,IA,433,3.20233333,42.4622,-93.8168
70349,WEIGELS #90,SR-139 & SR-66,Kodak,TN,405,3.199,35.97453,-83.62684
70350,CIRCLE K #2741859,CR-802,Brownsville,TX,665,3.029,25.9975,-97.458
70351,MAVERIK COUNTRY STORE #606,US-91,Franklin,ID,825,3.579,42.0124,-111.8036
70352,KWIK TRIP #1019,CR-5 & SR-65,Isanti,MN,448,3.474,45.4925,-93.2408
70353,ASAP General Store #314,"US-62, US-81, SR-9",Chickasha,OK,483,3.13233333,35.0409,-97.9474
70357,Certified Oil #400489,"I-71, EXIT 104",Columbus,OH,315,3.409,39.9862,-82.9855
70358,FOOD N FUEL #25,SR-15 & US-12,Milbank,SD,248,3.369,45.2195,-96.6338
70359,PILOT # 1185,"I-15, EXIT 9   3",Littlefield,AZ,910,3.689,36.8659,-113.936
70359,PILOT DEALER #1185,"I-15, EXIT 9   3",Littlefield,AZ,910,3.709,36.8659,-113.936
70360,MAVERIK COUNTRY STORE #595,"I-84, EXIT 28",Caldwell,ID,785,3.369,43.6453,-116.6594
70361,MAVERIK COUNTRY STORE #599,US-89 & CR-122,Thayne,WY,825,3.669,42.9194,-110.9968
70366,FAST STOP,US-41,Escanaba,MI,360,3.399,45.7477,-87.09
70371,KENT KWIK #440,US-277,Haskell,TX,575,3.539,33.1597,-99.732
70373,KWIK TRIP #791,US-45 & SR-54,New London,WI,582,3.484,44.3949,-88.7395
70374,LOVES TRAVEL STOP #746,I-72 & SR-121,Decatur,IL,280,3.449,39.8557,-88.9342
70374,LOVES TRAVEL STOP #746,I-72 & SR-121,Decatur,IL,280,3.489,39.8557,-88.9342
70375,QUIKTRIP #1853,US-81,Decatur,TX,630,2.899,33.2263,-97.5875
70376,QUIKTRIP #1935,SR-183,Dallas,TX,630,2.97566666,32.7935,-96.7667
70377,WEIGELS #81,I-81 & SR-32,Morristown,TN,405,3.259,36.2043,-83.3001
70379,SPEEDWAY #7209,US-411 & SR-20,Cartersville,GA,18,3.11566666,34.1644,-84.8009
70380,LOVES TRAVEL STOP #714,"I-85, EXIT 29",Charlotte,NC,46,3.52233333,35.2083,-80.8303
70383,SPEEDWAY #4400,I-10 & SR-59,Loxley,AL,715,3.28233333,30.6812,-87.7416
70385,LONGHORN EXPRESS,US-70,Ardmore,OK,253,3.009,34.1949,-97.1256
70388,PILOT #1205,"I-20, EXIT 80",Monahans,TX,710,3.46566666,31.6289,-103.0403
70389,PILOT #1145,SR-191,Midland,TX,710,3.56566666,32.0243,-102.1147
70390,FLYING J #1206,SR-302 & CR-313,Kermit,TX,710,3.25566666,31.854,-103.0924
70391,MACH 1 #12,I-57 EXIT 65,West Frankfort,IL,510,3.299,37.8997,-88.9301
70391,MACH 1 #12,I-57 EXIT 65,West Frankfort,IL,510,3.199,37.8997,-88.9301
70403,MAVERIK COUNTRY STORE #607,"I-90, EXIT 1",Post Falls,ID,970,3.37566666,47.7213,-116.9384
70404,MAVERIK COUNTRY STORE #602,"I-25 EXIT, 138",Colorado Springs,CO,803,3.289,38.8674,-104.7605
70405,LOVES TRAVEL STOP #760,SR-18 & SR-234,Eunice,NM,593,3.329,32.4461,-103.1986
70406,LOVES TRAVEL STOP #754,SR-251,Rochelle,IL,520,3.749,41.9197,-89.0629
70406,LOVES TRAVEL STOP #754,SR-251,Rochelle,IL,520,3.849,41.9197,-89.0629
70407,BOLLA MARKET,"I-495, EXIT 57",Islandia,NY,83,3.639,40.8069,-73.1711
70407,BOLLA MARKET,"I-495, EXIT 57",Islandia,NY,83,3.539,40.8069,-73.1711
70407,BOLLA MARKET,"I-495, EXIT 57",Islandia,NY,83,3.599,40.8069,-73.1711
70408,BOLLA MARKET,"I-495, EXIT 64",Medford,NY,83,4.039,40.822,-72.9859
70408,BOLLA MARKET,"I-495, EXIT 64",Medford,NY,83,3.639,40.822,-72.9859
70408,BOLLA MARKET,"I-495, EXIT 64",Medford,NY,83,3.539,40.822,-72.9859
70409,SPEEDWAY #6512,"I-196, EXIT 49 & SR-40",Holland,MI,456,3.899,42.7677,-86.0984
70410,SPEEDWAY #4107,I-285 & US-78,Stone Mountain,GA,18,3.529,33.8035,-84.1723
70411,MARATHON,SR-72,Elberton,GA,16,3.899,34.1063,-82.8705
70413,CASEYS #3782,US-169 & SR-2,Mount Ayr,IA,320,3.164,40.7141,-94.2375
70415,GARDEN TRUCK STOP,SR-55 /EXIT 35,Vineland,NJ,150,3.999,39.4653,-74.9981
70416,ALLSUPS CONVENIENCE STORE #2361,US-54 & US-287,Stratford,TX,585,2.95733333,36.3376,-102.076
70417,CASEYS #3434,US-63,Denver,IA,565,3.499,42.6683,-92.335
70419,FUEL AMERICA TRAVEL CENTER,I-35 EXIT 24,Laredo,TX,693,3.099,27.5625,-99.4874
70420,Circle K #2709302,SR-67,Decatur,AL,615,3.50733333,34.5731,-86.9905
70421,CASEYS #3581,US-62/US-67,Corning,AR,695,3.28233333,36.4134,-90.5839
70422,CIRCLE K #2741675,"I-10, EXIT 134",Tolleson,AZ,930,3.519,33.4484,-112.256
70423,LOVES TRAVEL STOP #763,I-90 & US-20,Hampshire,IL,290,3.649,42.1124,-88.5118
70423,LOVES TRAVEL STOP #763,I-90 & US-20,Hampshire,IL,290,3.449,42.1124,-88.5118
70423,LOVES TRAVEL STOP #763,I-90 & US-20,Hampshire,IL,290,3.459,42.1124,-88.5118
70423,LOVES TRAVEL STOP #763,I-90 & US-20,Hampshire,IL,290,3.549,42.1124,-88.5118
70423,LOVES TRAVEL STOP #763,I-90 & US-20,Hampshire,IL,290,3.489,42.1124,-88.5118
70424,LOVES TRAVEL STOP #743,"I-75, EXIT 144A",Bridgeport,MI,260,3.589,43.3706,-83.8827
70424,LOVES TRAVEL STOP #743,"I-75, EXIT 144A",Bridgeport,MI,260,3.289,43.3706,-83.8827
70424,LOVES TRAVEL STOP #743,"I-75, EXIT 144A",Bridgeport,MI,260,3.479,43.3706,-83.8827
70424,LOVES TRAVEL STOP #743,"I-75, EXIT 144A",Bridgeport,MI,260,3.279,43.3706,-83.8827
70424,LOVES TRAVEL STOP #743,"I-75, EXIT 144A",Bridgeport,MI,260,3.389,43.3706,-83.8827
70425,LOVES TRAVEL STOP #731,"I-79, EXIT 105 & SR-108",Slippery Rock,PA,165,4.249,41.0695,-80.058
70426,BISHOPS TRAVEL CENTER,US-27,Attapulgus,GA,20,3.699,30.7495,-84.4839
70427,PARKERS #64 (DISCOUNT AVAILABLE),SR-307,Savannah,GA,195,3.03233333,32.0286,-81.1821
70428,PARKERS #63 (DISCOUNT AVAILABLE),US-301,Jesup,GA,195,3.11566666,31.5992,-81.8895
70429,BP,SR-76,Adel,GA,10,2.969,31.1264,-83.4229
70430,SPRINT FOODS #715,I-520 & SR-56,Augusta,GA,135,3.19233333,33.3645,-82.0708
70431,TA EXPRESS HOLSTEIN #941,I-20 E,Holstein,IA,527,3.559,42.487,-95.5428
70432,GAS N WASH,SR-43,Frankfort,IL,365,3.499,41.4892,-87.8363
70432,GAS N WASH,SR-43,Frankfort,IL,365,3.599,41.4892,-87.8363
70433,GAS N WASH,SR-126,Plainfield,IL,290,3.599,41.6207,-88.2253
70434,HUCKS FOOD & FUEL #371,SR-148 & SR-142,Mount Vernon,IL,340,3.099,38.314,-88.9174
70436,CASEYS #3492,US-36,Marysville,KS,413,3.299,39.8432,-96.6387
70437,Thorntons #155,"SR-1020 N, & SR1065 E",Louisville,KY,415,2.90566666,38.1663,-85.6485
70438,BREAU BRIDGE TRUCKSTOP AND CASINO,SR-94,Breaux Bridge,LA,730,3.229,30.2829,-91.9043
70439,CHEVRON,I-20 & SR-151,Arcadia,LA,590,3.189,32.5506,-92.9218
70440,MOUND MINI MART,I-696,Warren,MI,325,3.699,42.4934,-83.027
70441,BREAK TIME #3165,US-50 & SR-13,Warrensburg,MO,400,3.29233333,38.7627,-93.726
70442,GOLDEN GATE PETRO,I-580 & US-50,Carson City,NV,966,3.599,39.1511,-119.7476
70443,GLUCKSTADT FLEETWAY,"I-55, EXIT 112",Madison,MS,760,3.199,32.4738,-90.13
70445,CASEYS #3514,SR-1,Oakes,ND,341,3.38233333,46.1397,-98.0871
70446,ALLSUPS CONVENIENCE STORE #2220,US-285,Loving,NM,640,3.599,32.2862,-104.0976
70447,84 QUIK STOP,"I-84, EXIT 3 & US-6",New Hampton,NY,120,3.699,41.41093,-74.4071
70447,84 QUIK STOP,"I-84, EXIT 3 & US-6",New Hampton,NY,120,3.459,41.41093,-74.4071
70448,CIRCLE K #4707623,"I-81, EXIT 31",Brewerton,NY,220,4.089,43.2345,-76.141
70450,QUEENSBURY,SR-149,Queensbury,NY,12,3.789,43.37729,-73.61317
70452,LOVES TRAVEL STOP #749,SR-78,Westmorland,CA,900,4.849,33.0389,-115.6223
70452,LOVES TRAVEL STOP #749,SR-78,Westmorland,CA,900,4.789,33.0389,-115.6223
70452,LOVES TRAVEL STOP #749,SR-78,Westmorland,CA,900,4.779,33.0389,-115.6223
70452,LOVES TRAVEL STOP #749,SR-78,Westmorland,CA,900,4.889,33.0389,-115.6223
70453,MARIETTA PETROLEUM,"I-35, EXIT 15 & SR-32",Marietta,OK,253,2.92233333,33.936,-97.1248
70454,DANDY MINI MART #36,US-220,Monroeton,PA,200,4.03233333,41.71258,-76.47466
70455,RUTTERS #37,US-332/US-22 & SR-75,Mifflintown,PA,70,4.099,40.5713,-77.3951
70456,RUTTERS #67,SR-16 & SR-75,Mercersburg,PA,70,4.399,39.8318,-77.9028
70457,RUTTERS #15,"I-83, EXIT 22 & SR-4009",York,PA,70,4.199,39.9651,-76.7315
70458,STOP-A MINIT,US-25 & SR-418,Pelzer,SC,30,2.899,34.6433,-82.4588
70459,GET N GO #22,I-90 & SR-115,Sioux Falls,SD,530,2.939,43.5396,-96.7311
70460,ALLSUPS CONVENIENCE STORE #2371,US-87,San Angelo,TX,612,3.20566666,31.4424,-100.4504
70461,CIRCLE K #2741074,I-35 & FM-1103,New Braunfels,TX,740,2.844,29.6994,-98.1148
70463,CIRCLE K #2741496,US-290,Chappell Hill,TX,670,2.999,30.14272,-96.25691
70464,GOLDEN GATE PETEROLEUM 24 RD,US-6,Grand Junction,CO,810,3.539,39.0877,-108.5673
70466,Circle K #2741925,SR-19,Trinity,TX,670,2.899,30.9445,-95.3736
70467,QUIKTRIP #598,"I-80, EXIT 439, SR-370",Omaha,NE,486,2.92733333,41.2627,-96.0529
70468,CIRCLE K #2741325,I-14 & SR-121,Belton,TX,765,2.88566666,31.0525,-97.479
70469,TA EXPRESS #286,I-30 & SR-423,Mount Vernon,TX,637,3.299,33.176,-95.2253
70472,SHELL/ONE9 #1304,I-820 & CR-156,Fort Worth,TX,630,2.89233333,32.7817,-97.3474
70474,EXXON,"I-30, EXIT 42A",Dallas,TX,630,3.499,32.7935,-96.7667
70476,KWIK TRIP #1037,SR-65/23,Mora,MN,451,3.394,45.8768,-93.2914
70478,TA Express Salina,"I-70, EXIT 56",Salina,UT,835,3.649,38.9387,-111.8652
70479,CROSSROADS MARKET,US-60 & SR-657,Gladstone,VA,185,3.439,37.54681,-78.84946
70480,BIG B TRUCK STOP,"I-90, EXIT 321",Sprague,WA,962,3.899,47.3048,-117.9714
70481,GOHL POST BP,"I-39, EXIT 100",Endeavor,WI,420,3.17566666,43.7146,-89.4684
70482,BIG D OIL #19,SR-259 & SR-387,Midwest,WY,790,3.459,43.4109,-106.2775
70483,BOLLA MARKET,SR-27 & CR-47,Copiague,NY,83,3.439,40.6707,-73.3922
70483,BOLLA MARKET,SR-27 & CR-47,Copiague,NY,83,3.399,40.6707,-73.3922
70484,ALLSUPS CONVENIENCE STORE #2117,SR-18 & CR-97,Lovington,NM,700,3.104,32.9128,-103.3276
70485,ALLSUPS CONVENIENCE STORE #2145,SR-132,Hobbs,NM,593,3.38233333,32.7281,-103.16
70488,ALLSUPS CONVENIENCE STORE #2365,US-380 & SR-214,Plains,TX,700,3.369,33.1883,-102.8214
70491,MFA OIL PETRO CARD 24,US-36,Hamilton,MO,276,3.24066666,39.7433,-94.0027
70492,KWIK TRIP #1033,US-51 EXIT 191B,Wausau,WI,395,3.454,44.962,-89.6459
70493,LOVES TRAVEL STOP #759,US-63/SR-11,Hazen,AR,695,3.22566666,34.7964,-91.5714
70494,7-ELEVEN #37570,I-76/US-6,Commerce City,CO,800,3.639,39.8641,-104.843
70495,LOVES TRAVEL STOP #689,US-65 & US-82,Lake Village,AR,695,3.269,33.3287,-91.2847
70496,KWIK TRIP #1015,"I-43, EXIT 171",Denmark,WI,582,3.36233333,44.3493,-87.8313
70498,KWIK TRIP #939,"SR-29, EXIT 101",Stanley,WI,295,3.469,44.9597,-90.9423
70500,STRIPES 7FLEET #42526,SR-289,Lubbock,TX,700,3.05566666,33.5657,-101.8879
70501,STRIPES 7FLEET #42527,SR-191 & US-349,Midland,TX,710,3.47233333,32.0243,-102.1147
70502,STRIPES 7FLEET #42532,SR-302 & FM-1936,Odessa,TX,710,3.099,31.8801,-102.3448
70503,STRIPES 7FLEET #42491,US-67 & SR-137,Big Lake,TX,710,3.549,31.1941,-101.4534
70505,STRIPES #42593,LOOP 289 & MLK BLVD,Lubbock,TX,700,2.96566666,33.5657,-101.8879
70507,ALLSUPS CONVENIENCE STORE #2154,SR-206 / US-283,Coleman,TX,575,3.159,31.8317,-99.4223
70508,7-ELEVEN #34715,I-294 EXIT 20,Schiller Park,IL,290,4.579,41.9586,-87.8693
70509,ALLSUPS CONVENIENCE STORE #2108,US-377 & US-183,Early,TX,575,2.93233333,31.7421,-98.9366
70510,ALLSUPS CONVENIENCE STORE #2147,SR-6 & CR-454,De Leon,TX,630,3.159,32.1114,-98.5352
70516,STRIPES 7FLEET #42528,"I-20, EXIT 217 & SR-139",Colorado City,TX,575,2.899,32.3996,-100.8582
70527,THORNTONS #164,I-65 EXIT 16 & US-31,Memphis,IN,415,3.62566666,38.4891,-85.7679
70530,LOVES TRAVEL STOP #767,FM-511 & SR-48,Brownsville,TX,625,3.15566666,25.9975,-97.458
70538,SPEEDWAY #9329,"I-64 EXIT 43, SR 395 & 2823",Waddy,KY,410,3.149,38.13702,-85.0744
70539,PILOT #1174,"I-70/SR-1, EXIT 147",Marshall,IL,510,3.299,39.3986,-87.69
70539,PILOT TRAVEL CENTER #1174,"I-70/SR-1, EXIT 147",Marshall,IL,510,3.499,39.3986,-87.69
70539,PILOT TRAVEL CENTER #1174,"I-70/SR-1, EXIT 147",Marshall,IL,510,3.359,39.3986,-87.69
70539,PILOT #1174,"I-70/SR-1, EXIT 147",Marshall,IL,510,3.499,39.3986,-87.69
70539,PILOT TRAVEL CENTER #1174,"I-70/SR-1, EXIT 147",Marshall,IL,510,3.299,39.3986,-87.69
70540,LOVES TRAVEL STOP #674,US-27 & SR-60,Lake Wales,FL,140,3.55233333,27.9195,-81.5961
70541,Kwik Star#1012,US-71 & SR-9,Spirit Lake,IA,440,3.299,43.4176,-95.1109
70543,ALLSUPS CONVENIENCE STORE #2078,US-60,White Deer,TX,585,2.969,35.4332,-101.1751
70544,ALLSUPS CONVENIENCE STORE #2100,US-87,Odonnell,TX,700,3.099,32.9652,-101.8309
70545,ALLSUPS CONVENIENCE STORE #2205,SR-83,Denver City,TX,700,3.36566666,32.968,-102.8318
70546,ALLSUPS CONVENIENCE STORE #2370,US-287 & SR-70,Clarendon,TX,585,2.929,34.9366,-100.8918
70547,ALLSUPS CONVENIENCE STORE #2140,SR-114,Bridgeport,TX,630,2.899,33.21,-97.7708
70548,ALLSUPS CONVENIENCE STORE #2114,US-84,Muleshoe,TX,700,3.19066666,34.2292,-102.7284
70549,ALLSUPS CONVENIENCE STORE #2194,214 PLAINS HIGHWAY,Denver City,TX,700,3.38233333,32.968,-102.8318
70550,TEXACO #379545,US-290,Giddings,TX,595,3.399,30.1833,-96.9279
70551,KWIK TRIP #1047,SR-100 & SR-59,Milwaukee,WI,444,3.54066666,43.0642,-87.9675
70552,KWIK TRIP #941,US-2,Duluth,MN,334,3.499,46.7756,-92.1393
70553,KWIK TRIP #1028,US-59,Worthington,MN,425,3.16566666,43.6281,-95.599
70554,HORSESHOE CONVENIENCE,SR 302 & IC 200,Mentone,TX,710,3.10733333,31.7073,-103.5989
70555,THORNTONS #615,I-40 EXIT 188,Kingston Springs,TN,460,2.98233333,36.0842,-87.1039
70556,ZIP ZONE EXPRESS,US-23,Catlettsburg,KY,255,3.699,38.419,-82.6025
70557,LOVES TRAVEL STOP #727,"I-44, EXIT 283 & US-69",Big Cabin,OK,560,3.41233333,36.5423,-95.222
70558,LOVES TRAVEL STOP #752,"I-43, EXIT 25 & SR-67",Elkhorn,WI,520,3.24066666,42.6713,-88.5377
70559,KWIK TRIP #1026,"HWY-23/ HWY-169, EXIT 23",Milaca,MN,453,3.369,45.7574,-93.6513
70560,PILOT DEALER #1235,"I-8, EXIT 42",Tacna,AZ,900,3.599,32.7004,-113.9618
70560,PILOT #1235,"I-8, EXIT 42",Tacna,AZ,900,3.659,32.7004,-113.9618
70561,PILOT #1143,I-20 & SR-302,Odessa,TX,710,3.599,31.8801,-102.3448
70562,SPEEDWAY #7161,I-65 & US-31,Portland,TN,460,3.024,36.5921,-86.5239
70563,PILOT DEALER #1234,US-93 & CR-145,Willow Beach,AZ,910,3.839,35.87,-114.66
70563,PILOT #1234,US-93 & CR-145,Willow Beach,AZ,910,3.899,35.87,-114.66
70564,SPEEDWAY #7236,"I-90/SR-2, EXIT 151",Avon,OH,305,3.659,41.4485,-82.0187
70565,Kwik Star #1025,SR-9/SR-4,Estherville,IA,425,3.33233333,43.3997,-94.8342
70567,LEDGEWOOD BP,I-80/SR-46,Ledgewood,NJ,115,3.299,40.8769,-74.6724
70571,LOVES TRAVEL STOP #748,"I-90, I-80 & SR-49",Edon,OH,550,3.88733333,41.5562,-84.7693
70572,LOVES TRAVEL STOP #745,I-94,Saint Clair,MI,342,3.949,42.8262,-82.493
70573,KWIK TRIP #1038,US-12,Prairie Du Sac,WI,420,3.484,43.292,-89.7353
70574,SPEEDWAY #3961,"I-55, EXIT 109",Williamsville,IL,318,3.299,39.9548,-89.5468
70575,SPEEDWAY #6721,SR 51,Mc Kees Rocks,PA,165,3.899,40.4688,-80.063
70576,KWIK TRIP #593,"I-94, EXIT 41 & SR-25",Menomonie,WI,295,3.574,44.8893,-91.9084
70577,SPEEDWAY #3715,US-30,Crest Hill,IL,293,3.299,41.5723,-88.1124
70577,SPEEDWAY #3715,US-30,Crest Hill,IL,293,3.359,41.5723,-88.1124
70578,COMMON CENTS #125,"I-90/US-14, EXIT 61",Rapid City,SD,506,3.20733333,44.0716,-103.2204
70579,Exxon/One9 #1338,I-35 & CR-372,Jarrell,TX,765,2.88566666,30.8103,-97.6144
70580,LOVES TRAVEL STOP #753,I-90 EXIT 96 & SR-474,Missoula,MT,820,3.674,46.8751,-114.0214
70581,LOVES TRAVEL STOP #773,"SR-14 & I-59/20, EXIT 40",Eutaw,AL,615,3.13733333,32.8436,-87.8986
70582,Kwik Star #1039,I-80 EXIT 301,Bettendorf,IA,270,3.649,41.5657,-90.4765
70583,LOVES TRAVEL STOP #783,US-60 & US-63,Willow Springs,MO,535,3.419,36.9877,-91.962
70584,PILOT TRAVEL CENTER #1209,"I-20, EXIT 136 & SR-349",Midland,TX,710,3.56566666,32.0243,-102.1147
70585,PILOT TRAVEL CENTER #1211,US-385 & CR-1910,Andrews,TX,710,3.639,32.3207,-102.552
70586,MAVERIK COUNTRY STORE #610,I-80,Winnemucca,NV,966,3.389,40.9645,-117.7247
70587,MAVERIK COUNTRY STORE #623,US-89,Gunnison,UT,835,3.419,39.1569,-111.8135
70588,SPEEDWAY #7217,I-70 EXIT 49,Smithton,PA,165,3.91566666,40.1538,-79.7424
70590,CIRCLE K #2722291,US-1 & SR-206,Saint Augustine,FL,75,3.379,29.8976,-81.31
70591,SPEEDWAY #6465,"I-77, EXIT 101",Canton,OH,249,3.60733333,40.8078,-81.3676
70592,LOVES TRAVEL STOP #751,"I-20, EXIT 87",Elgin,SC,135,3.42566666,34.6724,-80.7215
70593,LOVES TRAVEL STOP #735,I-75/SR-401,Calhoun,GA,285,3.279,34.491,-84.9386
70595,SPEEDWAY #6509,"I-74, EXIT 206",Oakwood,IL,280,3.199,40.1101,-87.7769
70595,SPEEDWAY #6509,"I-74, EXIT 206",Oakwood,IL,280,3.349,40.1101,-87.7769
70595,SPEEDWAY #6509,"I-74, EXIT 206",Oakwood,IL,280,3.299,40.1101,-87.7769
70596,SPEEDWAY #7208,I-85 EXIT 137,Jefferson,GA,16,3.119,34.1373,-83.6021
70597,SPEEDWAY #9394,SR-4 & US-25,Lexington,KY,410,3.129,38.0423,-84.4587
70598,SPEEDWAY #7175,US-78 & SR-175,Memphis,TN,435,3.199,35.1087,-89.9663
70599,Jet Food Store,US-278,Warrenton,GA,85,3.41566666,33.4067,-82.6653
70600,KWIK STAR #1027,US-65,Mason City,IA,433,3.264,43.1487,-93.1997
70601,24/7 TRAVEL STORE,I-70 EXIT 275,Abilene,KS,523,2.994,38.923,-97.2252
70603,ROAD RANGER #277,"I-30, EXIT 201 & SR-8",New Boston,TX,766,3.08066666,33.4612,-94.4183
70604,KWIK STAR #940,US-69 & SR-9,Forest City,IA,433,3.449,43.257,-93.6366
70605,SPEEDWAY #1042,"I-55 & SR-50, EXIT 286",Cicero,IL,291,3.599,41.8445,-87.7593
70605,SPEEDWAY #1042,"I-55 & SR-50, EXIT 286",Cicero,IL,291,3.569,41.8445,-87.7593
70606,SPEEDWAY #7179,"I-65 & SR-101, EXIT 38",Smiths Grove,KY,415,3.06566666,37.0503,-86.2083
70607,SPEEDWAY #8544,"I-55 & US-6, EXIT 24B",Channahon,IL,291,3.249,41.421,-88.2599
70607,SPEEDWAY #8544,"I-55 & US-6, EXIT 24B",Channahon,IL,291,3.299,41.421,-88.2599
70608,KWIK TRIP #1017,US-10/SR-47,Anoka,MN,451,3.624,45.2099,-93.3893
70609,JP TRAVEL PLAZA,"I-75, EXIT 205 & SR-16",Jackson,GA,18,3.159,33.292,-83.9679
70611,Shell,US-6 & SR-3,Kendallville,IN,370,3.499,41.4441,-85.2578
70612,SHREES TRUCK STOP #2,I-90 EXIT 101,Thorp,WA,920,3.839,47.0656,-120.6709
70612,SHREES TRUCK STOP #2,I-90 EXIT 101,Thorp,WA,920,3.809,47.0656,-120.6709
70612,SHREES TRUCK STOP #2,I-90 EXIT 101,Thorp,WA,920,3.859,47.0656,-120.6709
70615,THORNTONS #0334,I-57 EXIT 350 & SR-83,Posen,IL,365,3.399,41.629,-87.6859
70617,QUIKTRIP #224,"I-435, EXIT 57",Kansas City,MO,400,3.099,39.1238,-94.5541
70618,LOVES TRAVEL STOP #744,"I-270 N, EXIT 49",Lockbourne,OH,315,3.45566666,39.8078,-82.9838
70619,KWIK TRIP #1049,US-212 & CR-68,Glencoe,MN,448,3.524,44.7699,-94.151
70620,LOVES TRAVEL STOP #779,I-30 EXIT 97,Malvern,AR,635,3.499,34.3734,-92.8205
70621,FRIENDLY GUS STORE #24,I-16 EXIT 53 & SR-19,Dublin,GA,85,3.399,32.536,-82.928
70622,SPEEDWAY #6781,US-422,Douglassville,PA,208,3.799,40.2577,-75.7251
70623,SPEEDWAY #1127,"I-55, EXIT 267 & SR-53",Bolingbrook,IL,293,3.589,41.6901,-88.1021
70623,SPEEDWAY #1127,"I-55, EXIT 267 & SR-53",Bolingbrook,IL,293,3.299,41.6901,-88.1021
70624,KWIK STAR #929,I-74 EXIT 2,Bettendorf,IA,270,3.599,41.5657,-90.4765
70625,BROWNVILLE IRVING,SR-11,Brownville,ME,170,3.93233333,45.307,-69.03337
70626,GOLDEN GATE PETROLEUM,"I-70, EXIT 97",Silt,CO,810,3.459,39.5483,-107.6531
70628,PILOT #1195,"I-90, EXIT 106",Ellensburg,WA,977,3.959,46.9999,-120.5475
70628,PILOT #1195,"I-90, EXIT 106",Ellensburg,WA,977,3.859,46.9999,-120.5475
70628,PILOT #1195,"I-90, EXIT 106",Ellensburg,WA,977,3.839,46.9999,-120.5475
70628,PILOT #1195,"I-90, EXIT 106",Ellensburg,WA,977,3.899,46.9999,-120.5475
70629,KWIK TRIP #930,"I-35, EXIT 147 & SR-95",North Branch,MN,448,3.40233333,45.5137,-92.9601
70630,SPEEDWAY #3632,"I-76, EXIT 33 & SR-43",Kent,OH,249,3.53233333,41.149,-81.361
70632,CIRCLE K #4706705,SR-394,Crete,IL,365,3.499,41.4401,-87.6235
70634,CORNER MARKET #101,US-83 & SR-96,Scott City,KS,525,3.359,38.4789,-100.9031
70635,CIRCLE K #4705706,US-224 & SR-99,Willard,OH,249,3.599,41.0518,-82.7232
70637,CIRCLE K #2704111,I-2/US-83 & CR-493,Donna,TX,639,3.009,26.1468,-98.0559
70638,LOVES TRAVEL STOP #769,"I-70, EXIT 358A & US-75",Topeka,KS,570,3.284,39.0346,-95.6955
70640,LOVES TRAVEL STOP #794,SR-3/SR-33,Watonga,OK,483,3.37566666,35.8691,-98.4166
70641,LOVES TRAVEL STOP #706,"I-81/I-64, EXIT 213",Staunton,VA,185,3.649,38.1593,-79.0611
70642,LOVES TRAVEL STOP #776,"I-20, EXIT 15",Vicksburg,MS,760,3.549,32.3173,-90.8868
70643,LOVES TRAVEL STOP #774,US-431/CR-248,Smiths Station,AL,720,3.194,32.528,-85.0943
70644,KWIK TRIP #1031,I-494 EXIT 20,Delano,MN,451,3.524,45.0384,-93.793
70645,QUIKTRIP #4048,"I-410, EXIT164B",San Antonio,TX,740,2.96566666,29.4632,-98.5238
70646,KWIK TRIP #1051,I-43 & CR-N,Green Bay,WI,582,3.44066666,44.5148,-87.9895
70647,PILOT #1227,I-20 EXIT 66,Pyote,TX,710,3.46566666,31.538,-103.1225
70648,BARRINGTON APPLEGREEN,SR-125 & SR-9,Barrington,NH,178,3.899,43.22286,-71.04701
70649,KWIK TRIP #931,SR-95,North Branch,MN,448,3.42733333,45.5137,-92.9601
70650,MAVERIK COUNTRY STORE #581,"I-15 N, EXIT 334 & SR-193",Clearfield,UT,835,3.33566666,41.103,-112.0238
70651,WALBURG TRAVEL CENTER,"I-35, EXIT 266",Georgetown,TX,595,2.83233333,30.666,-97.6966
70652,ROADYS MACH 1 #14,I-57 EXIT 94,Mount Vernon,IL,574,3.099,38.314,-88.9174
70652,ROADYS MACH 1 #14,I-57 EXIT 94,Mount Vernon,IL,574,3.199,38.314,-88.9174
70652,ROADYS MACH 1 #14,I-57 EXIT 94,Mount Vernon,IL,574,3.299,38.314,-88.9174
70653,MACH 1 #24,I-74 EXIT 215A & SR-1,Tilton,IL,280,3.199,40.0951,-87.6424
70653,MACH 1 #24,I-74 EXIT 215A & SR-1,Tilton,IL,280,3.299,40.0951,-87.6424
70654,PILOT #1269,I-10 EXIT 378,San Simon,AZ,980,3.309,32.2682,-109.2302
70654,PILOT DEALER #1269,I-10 EXIT 378,San Simon,AZ,980,3.334,32.2682,-109.2302
70655,GOLDEN GATE PETROLEUM,US-6,Grand Junction,CO,810,3.499,39.0877,-108.5673
70656,LOVES TRAVEL STOP #757,"US-23, EXIT 25",Milan,MI,325,3.579,42.0816,-83.6854
70656,LOVES TRAVEL STOP #757,"US-23, EXIT 25",Milan,MI,325,3.649,42.0816,-83.6854
70656,LOVES TRAVEL STOP #757,"US-23, EXIT 25",Milan,MI,325,3.489,42.0816,-83.6854
70656,LOVES TRAVEL STOP #757,"US-23, EXIT 25",Milan,MI,325,3.569,42.0816,-83.6854
70657,INTERFUEL,I-96 EXIT 167,Springfield,VA,60,3.899,38.781,-77.1839
70658,CASEYS #3708,SR-235,New Carlisle,OH,411,3.259,39.9446,-84.0257
70660,CASEYS #3852,"I-35, EXIT 33 & US-34",Creston,IA,320,3.349,41.0598,-94.365
70661,CASEYS #3238,US-52 EXIT 64 & CR-12,Oronoco,MN,451,3.51566666,44.1598,-92.5401
70662,GETGO #3202,I-79 EXIT 183A,Erie,PA,240,3.899,42.1167,-80.0733
70663,LENNYS GAS N WASH BOURBONNAIS,US-45/US-52,Bourbonnais,IL,296,3.399,41.183,-87.8784
70663,LENNYS GAS N WASH BOURBONNAIS,US-45/US-52,Bourbonnais,IL,296,3.299,41.183,-87.8784
70665,POCO LOCO MARKET,I-35 EXIT 219,Buda,TX,595,2.89233333,30.0758,-97.8487
70666,Thorntons #322,"I-55, EXIT 288",Chicago,IL,290,3.599,41.8375,-87.6866
70667,EZ TRIP #1226,"I-84, EXIT 104 & US-97",Wasco,OR,935,3.239,45.5917,-120.6974
70668,LOVES TRAVEL STOP #784,US-30 & CR-9,Schuyler,NE,486,3.28233333,41.4497,-97.062
70669,TA EXPRESS BIGGS,"I-84, EXIT 104 & US-97",Wasco,OR,935,3.199,45.5917,-120.6974
70670,MAVERIK COUNTRY STORE #625,"I-215, EXIT 27 & CR-68",North Salt Lake,UT,835,3.44233333,40.8439,-111.9187
70673,PAC PRIDE,SR-202,Mesa,AZ,930,4.024,33.4015,-111.7178
70674,ALLTOWN FRESH #769,SR-111,Ayer,MA,34,3.649,42.5612,-71.58979
70676,PAC PRIDE,"I-10, EXIT 138",Phoenix,AZ,930,4.0365,33.5722,-112.0892
70677,PAC PRIDE,US-60,Glendale,AZ,930,4.024,33.5791,-112.2311
70679,PAC PRIDE,"I-10, EXIT 151",Phoenix,AZ,930,4.024,33.5722,-112.0892
70680,PAC PRIDE,"I-17, EXIT 215B",Phoenix,AZ,930,4.024,33.5722,-112.0892
70681,PETRO STOP,US-60,Mesa,AZ,930,4.01566666,33.4015,-111.7178
70682,LOVES TRAVEL STOP #758,"I-255/US-50, EXIT 15",East Saint Louis,IL,540,3.589,38.6245,-90.15094
70682,LOVES TRAVEL STOP #758,"I-255/US-50, EXIT 15",East Saint Louis,IL,540,3.489,38.6245,-90.15094
70682,LOVES TRAVEL STOP #758,"I-255/US-50, EXIT 15",East Saint Louis,IL,540,3.379,38.6245,-90.15094
70682,LOVES TRAVEL STOP #758,"I-255/US-50, EXIT 15",East Saint Louis,IL,540,3.689,38.6245,-90.15094
70686,HOLIDAY STATIONSTORE #2746471,US-12,Hudson,WI,448,3.539,44.9639,-92.7312
70687,RUTTERS #87,"I-99, EXIT 78B & SR-150",Bellefonte,PA,70,4.01566666,40.9141,-77.7683
70691,QUIKTRIP #4049,"I-10/US-90, EXIT 583",San Antonio,TX,740,2.96566666,29.4632,-98.5238
70692,RUTLAND ROUTE 7 IRVING,US-4 & US-7,Rutland,VT,170,3.699,43.6092,-72.9783
70693,MAPCO #3507,US-76 & SR-71,Dalton,GA,285,3.119,34.769,-84.972
70695,ALLSUPS CONVENIENCE STORE #2132,US-54 & US-380,Carrizozo,NM,580,3.28233333,33.6433,-105.8411
70696,DK #11822,I-20 EXIT 131,Midland,TX,612,2.85733333,32.0243,-102.1147
70698,ALLSUPS CONVENIENCE STORE #2038,US-54,Logan,NM,585,3.199,35.3576,-103.4426
70699,QUIK STOP,US-79,Paris,TN,490,2.959,36.2933,-88.3065
70700,PATRIOT FUELING CENTER,US-231/SR-9,Wetumpka,AL,720,3.199,32.5406,-86.2053
70704,KUM & GO #0702,"I-44, EXIT 6 & SR-86",Joplin,MO,535,3.009,37.0757,-94.5018
70705,CASEYS #3464,SR-48 & CR-10,Morrisonville,IL,280,3.759,39.4217,-89.459
70705,CASEYS #3464,SR-48 & CR-10,Morrisonville,IL,280,3.999,39.4217,-89.459
70705,CASEYS #3464,SR-48 & CR-10,Morrisonville,IL,280,3.959,39.4217,-89.459
70706,BIG APPLE TRAVEL CENTER,I-44/US-71,Joplin,MO,416,3.21233333,37.0757,-94.5018
70707,TA Express West Point #283,"I-85/SR-403, EXIT 2 & SR-18",West Point,GA,720,3.66566666,32.8937,-85.1453
70708,LOVES TRAVEL STOP #785,"I-96, EXIT 90",Grand Ledge,MI,406,3.949,42.7534,-84.7448
70709,VP Racing Fuels,SR-19,Center,MO,540,3.16566666,39.5096,-91.5291
70710,LOVES TRAVEL STOP #799,US-72 & SR-15,Walnut,MS,655,3.559,34.9497,-88.9236
70711,LOVES TRAVEL STOP #762,FM-1472,Laredo,TX,693,3.25566666,27.5625,-99.4874
70714,PILOT TRAVEL CENTER #1281,US-89,Page,AZ,910,3.999,36.9426,-111.5071
70714,PILOT DEALER #1281,US-89,Page,AZ,910,3.999,36.9426,-111.5071
70717,Certified Oil #400491,I-270 EXIT 52,Columbus,OH,315,3.20233333,39.9862,-82.9855
70718,ROAD RANGER #278,"I-40, EXIT 216 & US-49",Brinkley,AR,695,3.199,34.89,-91.1902
70719,FAST LANE #31,"I-70, EXIT 183",Jonesburg,MO,540,3.299,38.8546,-91.3028
70720,SPEEDWAY #4453,SR-23,Sauk Rapids,MN,451,3.189,45.5981,-94.1538
70722,SPEEDWAY #9935,I-90 EXIT 35 & SR-298,Syracuse,NY,190,4.099,43.0407,-76.1437
70723,SPEEDWAY #9932,I-99 EXIT 8 & SR-417,Painted Post,NY,190,4.099,42.1634,-77.0925
70724,LOVES TRAVEL STOP #790,"I-95, EXIT108",Summerton,SC,135,3.509,33.6013,-80.3527
70725,LOVES TRAVEL STOP #782,"I-24 & US-41, EXIT 86",Oak Grove,KY,415,3.14233333,36.6686,-87.4216
70726,CASEYS #1195,US-36,Belleville,KS,336,3.339,39.8245,-97.6337
70727,CASEYS #2998,US-75 & SR-23,Pipestone,MN,530,3.449,43.9958,-96.3117
70728,CASEYS #3245,US-81,Freeman,SD,530,3.299,43.3475,-97.4306
70729,CASEYS #3785,US-14,Fort Pierre,SD,571,3.399,44.368,-100.3831
70730,CASEYS #3855,US-81,Yankton,SD,572,3.139,42.8901,-97.3927
70731,PILOT TRAVEL CENTERS #1181,IL-38 E,Rochelle,IL,520,3.759,41.9197,-89.0629
70731,PILOT #1181,IL-38 E,Rochelle,IL,520,3.759,41.9197,-89.0629
70732,MAVERIK COUNTRY STORE #627,I-15 EXIT 303,Salt Lake City,UT,835,3.44233333,40.7776,-111.9311
70733,CASEYS #1607,US-63,Macon,MO,392,3.29066666,39.7426,-92.4711
70735,CASEYS #1778,SR-267/SR-111,Brighton,IL,574,3.279,39.0406,-90.1408
70735,CASEYS #1778,SR-267/SR-111,Brighton,IL,574,3.299,39.0406,-90.1408
70735,CASEYS #1778,SR-267/SR-111,Brighton,IL,574,3.239,39.0406,-90.1408
70735,CASEYS #1778,SR-267/SR-111,Brighton,IL,574,3.279,39.0406,-90.1408
70735,CASEYS #1778,SR-267/SR-111,Brighton,IL,574,3.239,39.0406,-90.1408
70736,CASEYS #1941,"I-35, EXIT 90 & SR-160",Ankeny,IA,320,3.139,41.7288,-93.6031
70737,CASEYS #2272,I-80/US-6 EXIT 155 & SR-117,Colfax,IA,320,3.099,41.6802,-93.2385
70738,QUIKTRIP #7061,I-49 EXIT 39A,Joplin,MO,413,3.02233333,37.0757,-94.5018
70739,CASEYS #2602,US-36/SR-5 & SR-11,Brookfield,MO,276,3.249,39.7853,-93.0772
70740,JACK FLASH,"I-70, EXIT 82 & SR 128",Altamont,IL,574,3.099,39.0566,-88.7477
70740,JACK FLASH,"I-70, EXIT 82 & SR 128",Altamont,IL,574,3.199,39.0566,-88.7477
70741,CASEYS #3590,US-27,Geneva,IN,465,3.594,40.5975,-84.9568
70742,CASEYS #3653,SR-14,Greene,IA,433,3.599,42.8968,-92.8041
70743,CASEYS #3659,US-10 & SR-115,Randall,MN,250,3.48566666,46.0887,-94.5007
70744,CASEYS #3686,I-80 EXIT 81,Utica,IL,296,2.969,41.34059,-89.01008
70744,CASEYS #3686,I-80 EXIT 81,Utica,IL,296,2.999,41.34059,-89.01008
70744,CASEYS #3686,I-80 EXIT 81,Utica,IL,296,3.159,41.34059,-89.01008
70745,CASEYS #3752,",",Mountain Lake,MN,425,3.40233333,43.9407,-94.9277
70746,CASEYS #3085,US-34 & SR-14,Aurora,NE,330,3.099,40.8645,-98.0078
70747,CASEYS #3702,US-377/SR-99 & SR-9,Seminole,OK,560,3.02566666,35.2348,-96.6493
70748,CASEYS #3717,US-218,Vinton,IA,380,3.199,42.1631,-92.026
70749,CASEYS #3719,US-160,Ulysses,KS,525,3.409,37.5774,-101.3546
70750,CASEYS #3787,"I-35, EXIT 222",Blackwell,OK,483,2.999,36.8013,-97.3009
70751,CASEYS #3795,"I-43, EXIT 96",Saukville,WI,444,3.289,43.3847,-87.9439
70752,CASEYS #3755,SR-7/SR-27,Russellville,AR,645,3.419,35.2762,-93.1383
70753,CASEYS #3798,"I-44, EXIT 211",Drumright,OK,560,3.119,35.9905,-96.5977
70754,CASEYS #3758,US-77,Douglass,KS,570,3.264,37.5169,-97.0105
70755,CASEYS #3809,US-56 & SR-51,Hugoton,KS,525,3.39233333,37.1745,-101.3447
70756,CASEYS #3780,US-40,Tonganoxie,KS,400,3.159,39.1088,-95.0811
70757,CASEYS #3811,US-69,McAlester,OK,560,3.22566666,34.9257,-95.7734
70759,CASEYS #3832,"I-35, EXIT 40A & US-14",Janesville,MN,425,3.58233333,44.1198,-93.7096
70760,CASEYS #2730,US-34 & SR-15,Seward,NE,413,3.369,40.9099,-97.0957
70761,CASEYS #3841,"US-61, EXIT 5",Kieler,WI,335,3.489,42.5823,-90.6051
70763,CASEYS #3854,"US-20, EXIT 275 & SR-13",Manchester,IA,380,3.54566666,42.4854,-91.4557
70764,CASEYS #3856,"I-51, EXIT 48 & SR-251",Tonica,IL,520,3.199,41.2159,-89.0702
70764,CASEYS #3856,"I-51, EXIT 48 & SR-251",Tonica,IL,520,3.099,41.2159,-89.0702
70764,CASEYS #3856,"I-51, EXIT 48 & SR-251",Tonica,IL,520,3.069,41.2159,-89.0702
70765,CEFCO #103,SR-36,Temple,TX,765,2.96566666,31.1068,-97.3891
70767,CASEYS #3493,SR-72,Shannon,IL,520,3.699,42.1525,-89.7402
70768,CASEYS #3497,SR-29,South Pekin,IL,368,3.699,40.4955,-89.6524
70768,CASEYS #3497,SR-29,South Pekin,IL,368,3.619,40.4955,-89.6524
70768,CASEYS #3497,SR-29,South Pekin,IL,368,3.679,40.4955,-89.6524
70769,CASEYS #3527,US-169 & US-60,Nowata,OK,307,3.18233333,36.6985,-95.6372
70770,CASEYS #3528,SR-92,Washington,IA,380,3.271,41.2981,-91.6928
70771,CASEYS #3545,US-14/CR-27,Sleepy Eye,MN,425,3.33233333,44.299,-94.7234
70772,CASEYS #3554,"I-70, EXIT 52",Mulberry Grove,IL,368,3.489,38.9245,-89.2662
70773,CASEYS #3575,US-36,Seneca,KS,413,3.159,39.838,-96.0696
70774,CASEYS #3079,"US-20, EXIT 71 & US-71",Early,IA,440,3.299,42.461,-95.1526
70775,CASEYS #3576,US-56,Overbrook,KS,400,3.19566666,38.7794,-95.5569
70776,CASEYS #3579,US-36,Smith Center,KS,330,3.179,39.774,-98.7831
70778,CASEYS #3588,"I-75 N, EXIT 69",Tipp City,OH,411,3.099,39.9644,-84.1866
70779,CASEYS #3204,"I-80, EXIT 29 & I-880, EXIT 29A",Minden,IA,319,3.159,41.47,-95.5429
70780,CASEYS #3306,SR-15 & CR-47/CR-136,Saint Cloud,MN,522,3.249,45.534,-94.1718
70782,CASEYS #3465,"I-80, EXIT 285 & US-30",Gibbon,NE,330,3.049,40.7461,-98.8458
70783,ENMARKET #820,"I-95/SR-405, EXIT 109 & SR-21",Port Wentworth,GA,195,3.09066666,32.1951,-81.1991
70784,CIRCLE K #2723046,"I-95, EXIT 41 & SR-59/CR2252",Hope Mills,NC,63,2.909,34.971,-78.9597
70785,CIRCLE K #2705347,"I-77, EXIT 5 & SR-48",Columbia,SC,135,3.204,34.0378,-80.9036
70786,CIRCLE K #2741502,"I-37, EXIT 9",Corpus Christi,TX,625,3.06066666,27.7254,-97.3767
70787,LOVES TRAVEL STOP #778,"I-16, EXIT 143 & US-280",Ellabell,GA,135,3.29566666,32.12354,-81.48567
70788,SPEEDWAY #1031,"I-480 & I-271, EXIT 26",Bedford,OH,305,3.649,41.3919,-81.536
70789,7FLEET #46080,"I-41 & US-41, EXIT 133",Neenah,WI,360,3.449,44.1669,-88.4767
70790,LOVES TRAVEL STOP #788,"I-70, EXIT 175",New Florence,MO,540,3.12233333,38.9092,-91.4529
70791,LOVES TRAVEL STOP #791,"I-40, EXIT 126",Holladay,TN,460,3.12233333,35.872,-88.1449
70792,ANEW TRAVEL CENTER,US-6/34 & CR-410,Cambridge,NE,475,3.364,40.2843,-100.1653
70793,LOVES TRAVEL STOPS #119,"I-70, EXIT 160",Green River,UT,835,3.299,38.9935,-110.1723
70793,LOVES TRAVEL STOP #119,"I-70, EXIT 160",Green River,UT,835,3.391,38.9935,-110.1723
70794,CASEYS #3747,SR-103 & CR-96,Carey,OH,411,3.17566666,40.9497,-83.3831
70796,QUICK FUEL #3177,"I-35W, EXIT 56",Fort Worth,TX,637,3.03233333,32.7817,-97.3474
70797,QUICK FUEL #3176,"I-35E, EXIT 442",Carrollton,TX,637,3.01566666,32.989,-96.8999
70798,QUICK FUEL #1926,"I-90, EXIT 171B & US-14",Janesville,WI,420,3.399,42.6854,-89.0135
70831,FLYERS #768,"I-80, EXIT 19 & SR-659",Sparks,NV,966,4.05233333,39.5736,-119.7161
70832,FLYERS #766,SR-648,Sparks,NV,966,4.059,39.5736,-119.7161
70833,FLYERS #764,SR-667,Reno,NV,966,4.05233333,39.5497,-119.8483
70845,FLYERS #759,"I-80, EXIT 19",Sparks,NV,966,4.05066666,39.5736,-119.7161
70855,FLYERS #761,"I-580, EXIT 5",Carson City,NV,966,3.699,39.1511,-119.7476
70858,SPEEDWAY #1012,"I-65, EXIT 158 & CR-6",Hope Hull,AL,720,3.05233333,32.26986,-86.35719
70859,FLYERS #732,I-580 & US-50,Carson City,NV,966,3.699,39.1511,-119.7476
70860,FLYERS #726,"I-80, EXIT 303",Elko,NV,966,3.629,40.8381,-115.7678
70864,FLYERS #747,"I-580/US-395, EXIT 29 & SR-659",Reno,NV,966,4.054,39.5497,-119.8483
70870,ESSENTIAL FUELS,US-26,Scottsbluff,NE,795,3.599,41.8684,-103.6616
70871,ALLTOWN MARKETS #835,"I-95, EXIT 62",Madison,CT,100,4.239,41.27954,-72.59843
70873,TA LAKE CITY #288,"I-75, EXIT 414",Lake City,FL,225,3.299,30.1901,-82.6471
70874,CIRCLE T,SR-6 & SR-515,Navasota,TX,670,3.43233333,30.3873,-96.0901
70875,FUEL MAXX #57,SR-105 & SR-146,Liberty,TX,610,3.13233333,30.0378,-94.7879
70876,JIFFY MART,SR-123/SR-12,Walpole,NH,12,3.68566666,43.07952,-72.42592
70877,LOVES TRAVEL STOP #770,"US-41, EXIT 1A",Wadsworth,IL,444,3.819,42.4448,-87.9202
70877,LOVES TRAVEL STOP #770,"US-41, EXIT 1A",Wadsworth,IL,444,3.759,42.4448,-87.9202
70878,MAVERIK COUNTRY STORE #630,I-15 EXIT 13,Malad City,ID,825,3.394,42.1899,-112.2497
70879,MAVERIK COUNTRY STORE #611,I-40 EXIT 154,Albuquerque,NM,580,3.194,35.1054,-106.6465
70880,RUTTERS #81,SR-61 & SR-73,Leesport,PA,208,3.89733333,40.4451,-75.9684
70881,RUTTERS #79,"I-99/US-220, EXIT 28 US-22/SR-764",Duncansville,PA,14,4.099,40.4263,-78.4303
70882,RUTTERS #77,US-11/US-15 & US-22,Duncannon,PA,70,4.294,40.3952,-77.0277
70883,RUTTERS #41,US-422,Lebanon,PA,70,3.799,40.3412,-76.4228
70884,RUTTERS #75,SR-194 & SR-550,Walkersville,MD,70,3.93233333,39.4832,-77.3559
70885,KWIK TRIP #1061,CR-CE & CR-HH,Combined Locks,WI,582,3.549,44.2642,-88.3064
70887,LOVES TRAVEL STOP #781,"I-20, EXIT 113 & SR-83",Madison,GA,16,3.849,33.5793,-83.4758
70888,HUTCHS #125,US-283,Altus,OK,483,2.999,34.6565,-99.3061
70889,TRUCK WORLD,I-90 EXIT 241 & SR-7,Conneaut,OH,305,3.359,41.9275,-80.5685
70890,PILOT #1299,US-287 & SR-148,Henrietta,TX,770,3.12566666,33.8146,-98.1924
70891,QUARLES #4908,I-64 EXIT 297,Chesapeake,VA,130,3.52566666,36.6778,-76.3023
70892,QUARLES #4001,I-95 EXIT 133,Fredericksburg,VA,60,3.759,38.2992,-77.4872
70893,QUARLES #4002,"I-95 EXIT 130A, SR-2",Fredericksburg,VA,60,3.759,38.2992,-77.4872
70894,QUARLES #4009,US-301,Waldorf,MD,60,3.759,38.6085,-76.9194
70895,QUARLES #4011/SHELL,I-95 EXIT 118,Woodford,VA,180,2.899,38.11319,-77.40887
70896,QUARLES #4200,US-522,Front Royal,VA,60,3.699,38.926,-78.1838
70897,QUARLES #4302,SR-801 & SR-42,Broadway,VA,60,3.459,38.6083,-78.8016
70898,QUARLES #4303,"I-81 EXIT 243, US-11",Harrisonburg,VA,60,2.899,38.4362,-78.8735
70899,QUARLES #4304,"I-64 EXIT 96, SR-624",Waynesboro,VA,180,3.799,38.0674,-78.9014
70900,QUARLES #4306,I-81 EXIT 150A,Roanoke,VA,185,3.559,37.2785,-79.9581
70901,QUARLES #4307,"I-81 EXIT 137, US-11/460",Salem,VA,185,3.559,37.2864,-80.0555
70902,QUARLES #4309,US-460/29,Lynchburg,VA,185,3.774,37.4003,-79.1909
70903,QUARLES #4310,US-11,Roanoke,VA,185,3.559,37.2785,-79.9581
70904,QUARLES #4400,I-95 EXIT 166A,Lorton,VA,60,4.059,38.6983,-77.2164
70905,QUARLES #4401,US-29,Fairfax,VA,60,4.059,38.8531,-77.2997
70906,QUARLES #4403,"I-95 EXIT 29A, US-1",Beltsville,MD,22,3.899,39.0394,-76.9211
70907,QUARLES #4404,I-95 EXIT 43A,Elkridge,MD,22,3.499,39.1941,-76.7428
70908,QUARLES #4407,I-495 EXIT 11A,Upper Marlboro,MD,60,3.899,38.8153,-76.7514
70909,QUARLES #4408,SR-201,Bladensburg,MD,60,3.699,38.9424,-76.9264
70910,QUARLES #4409,I-95 EXIT 50B,Baltimore,MD,22,3.499,39.3051,-76.6144
70912,QUARLES #4411,"I-695 EXIT 1, SR-173",Curtis Bay,MD,22,3.499,39.22677,-76.58802
70913,QUARLES #4412,I-270 EXIT 8,Rockville,MD,60,3.759,39.0834,-77.1553
70914,QUARLES #4413,I-495 EXIT 15A,Capitol Heights,MD,60,3.899,38.8765,-76.9075
70915,QUARLES #4414,I-95 EXIT 60,Baltimore,MD,22,3.449,39.3051,-76.6144
70916,TA Express White Hills,US-93,Willow Beach,AZ,910,3.779,35.87,-114.66
70917,QUARLES #4416,US-13,Salisbury,MD,194,3.659,38.3756,-75.5865
70918,QUARLES #4417,I-895 EXIT 8B,Curtis Bay,MD,22,3.499,39.22677,-76.58802
70919,QUARLES #4422,US-13,New Castle,DE,243,3.699,39.6681,-75.5697
70920,QUARLES #4423,SR-100 EXIT 11,Glen Burnie,MD,22,3.699,39.156,-76.6071
70921,QUARLES #4424,SR-5,Clinton,MD,60,3.899,38.7499,-76.9063
70922,QUARLES #4425,US-50 EXIT 5,Hyattsville,MD,60,3.899,38.9613,-76.9548
70923,QUARLES #4426,SR-124,Gaithersburg,MD,60,3.759,39.1346,-77.2131
70924,QUARLES #4427,I-276 EXIT 351,Levittown,PA,153,3.84566666,40.1533,-74.8531
70925,QUARLES #4430,US-13,Sharon Hill,PA,160,3.869,39.9075,-75.2679
70926,QUARLES #4431,US-22,Allentown,PA,90,3.989,40.5961,-75.4756
70927,QUARLES #4434,SR-617,Springfield,VA,60,4.059,38.781,-77.1839
70928,QUARLES #4435,"I-95 EXIT 41, US-1",Jessup,MD,22,3.499,39.1488,-76.7772
70929,QUARLES #4503,US-11,Martinsburg,WV,60,3.959,39.4582,-77.9776
70930,QUARLES #4504,I-81 EXIT 313A,Winchester,VA,60,3.799,39.1735,-78.1746
70931,QUARLES #4505,SR-65,Hagerstown,MD,60,3.899,39.6401,-77.7217
70933,QUARLES #4507,US-11,Winchester,VA,60,3.799,39.1735,-78.1746
70934,QUARLES #4509,I-270 EXIT 31B,Frederick,MD,60,3.599,39.4337,-77.4141
70935,QUARLES #4511,I-70 EXIT 55,Frederick,MD,60,3.599,39.4337,-77.4141
70937,QUARLES #4603,US-29/211,Warrenton,VA,60,3.799,38.7176,-77.7976
70938,QUARLES #4605,SR-606,Sterling,VA,60,3.659,39.0052,-77.405
70939,QUARLES #4606,SR-234,Manassas,VA,60,3.859,38.7479,-77.4838
70940,QUARLES #4607,SR-28,Manassas,VA,60,3.859,38.7479,-77.4838
70941,QUARLES #4934,US-60,Sandston,VA,180,3.259,37.512,-77.3149
70942,QUARLES #4608,SR-657,Chantilly,VA,60,3.659,38.8868,-77.4453
70943,QUARLES #4700,US-15BUS/29BUS,Culpeper,VA,60,3.799,38.4704,-78.0001
70944,QUARLES #4701,US-15 BUS & US-522,Culpeper,VA,60,3.799,38.4704,-78.0001
70945,QUARLES #4944,US-17,Bealeton,VA,60,3.759,38.5822,-77.7781
70946,QUARLES #4703,US-29 & SR-616,Ruckersville,VA,180,3.699,38.2314,-78.3756
70947,QUARLES #4946,"I-95, EXIT 130A, SR-3",Fredericksburg,VA,60,3.759,38.2992,-77.4872
70948,QUARLES #4804,I-40 EXIT 211,Greensboro,NC,65,3.649,36.0956,-79.8271
70949,QUARLES #4805,US-1 EXIT 95,Apex,NC,177,3.999,35.7237,-78.8743
70950,QUARLES #4807,I-40 EXIT 203,Kernersville,NC,65,3.199,36.1065,-80.0842
70951,QUARLES #4947,SR-7,Leesburg,VA,60,3.659,39.1057,-77.5544
70952,QUARLES #4810,I-540 EXIT 4A,Raleigh,NC,177,3.709,35.8324,-78.6429
70953,QUARLES #4948,"I-95, EXIT 126, US-1",Fredericksburg,VA,60,3.759,38.2992,-77.4872
70954,QUARLES #4811,SR-50/US-70,Garner,NC,177,3.599,35.6936,-78.6181
70955,QUARLES #4949,"I-95, EXIT 136, US-1",Fredericksburg,VA,60,3.759,38.2992,-77.4872
70956,QUARLES #4813,SR-133,Wilmington,NC,245,3.779,34.2099,-77.8866
70957,QUARLES #4950,"I-95, EXIT 126A, US-1",Fredericksburg,VA,60,3.759,38.2992,-77.4872
70958,QUARLES #4951,SR-3,Fredericksburg,VA,60,3.759,38.2992,-77.4872
70959,QUARLES #4814,US-117,Wilmington,NC,245,3.799,34.2099,-77.8866
70960,QUARLES #4962,"I-81, EXIT 222, US-250",Staunton,VA,185,2.899,38.1593,-79.0611
70961,QUARLES #4815,"I-140, EXIT 14",Wilmington,NC,245,3.799,34.2099,-77.8866
70962,QUARLES #4965,"I-295, EXIT 37A, US-360",Warsaw,VA,180,3.759,37.9603,-76.761
70963,QUARLES #4817,"US-70, EXIT 333",Selma,NC,205,3.799,35.5406,-78.2932
70964,SEALSTON DELI,"I-95, EXIT 130A, SR-3",King George,VA,180,3.499,38.2807,-77.1896
70965,QUARLES #4822,US-401,Raleigh,NC,177,3.709,35.8324,-78.6429
70966,QUARLES #4927,SR-10 & SR-145,Chesterfield,VA,180,3.699,37.37709,-77.50582
70967,QUARLES #4823,I-95,Fayetteville,NC,63,3.799,35.085,-78.9772
70968,QUARLES #4928,"I-95, EXIT 86A & SR-656",Ashland,VA,180,3.674,37.7597,-77.4716
70969,QUARLES #4824,I-40 EXIT 210,Greensboro,NC,65,3.699,36.0956,-79.8271
70970,QUARLES #4931,US-60 & SR-603,Powhatan,VA,180,3.699,37.5427,-77.9267
70971,QUARLES #4932,"I-64, EXIT 173 & SR-623",Rockville,VA,180,3.699,37.72598,-77.67832
70973,QUARLES #4826,US HWY 29/70,High Point,NC,65,3.66566666,35.991,-79.9937
70974,QUARLES #4933,US-60,Richmond,VA,180,3.699,37.5295,-77.4756
70975,QUARLES #4935,"I-95, EXIT 64 & SR-613",Richmond,VA,180,3.699,37.5295,-77.4756
70976,QUARLES #4827,I-40 EXIT 203,Kernersville,NC,65,3.199,36.1065,-80.0842
70977,QUARLES #4828,I-440 EXIT 13B,Raleigh,NC,177,3.709,35.8324,-78.6429
70978,QUARLES #4829,I-40 EXIT 298A,Raleigh,NC,177,3.599,35.8324,-78.6429
70979,QUARLES #4830,I-540 EXIT 3,Raleigh,NC,177,3.719,35.8324,-78.6429
70980,QUARLES #4938,"I-64, EXIT 159 & SR-522",Gum Spring,VA,180,3.699,37.7757,-77.89666
70982,EXXON/QUARLES #4942,"I-64/33, EXIT 205 & SR-249",Quinton,VA,180,3.509,37.53376,-77.12108
70983,QUARLES #4943,"I-295, EXIT 22A & SR-5",Henrico,VA,180,3.699,36.59264,-78.61611
70984,QUARLES #4831,US-64 EXIT 470,Rocky Mount,NC,205,3.409,35.9685,-77.804
70985,QUARLES #4832,I-40 EXIT 189,Winston Salem,NC,65,3.57233333,36.1029,-80.261
70986,QUARLES #4833,US-1,Youngsville,NC,177,3.699,36.0242,-78.4816
70987,QUARLES #4902,US-250/33,Richmond,VA,180,3.699,37.5295,-77.4756
70988,QUARLES #4909,I-664 EXIT 3,Hampton,VA,244,3.42566666,37.0551,-76.363
70989,QUARLES #4911,I-264 EXIT 19B,Virginia Beach,VA,130,3.57233333,36.7335,-76.0435
70990,QUARLES #4915,I-664 EXIT 2,Hampton,VA,244,3.42566666,37.0551,-76.363
70991,QUARLES #4917,I-64 EXIT 255,Newport News,VA,130,3.41066666,37.1051,-76.5185
70992,QUARLES #4904,I-64 EXIT 197B,Sandston,VA,180,3.259,37.512,-77.3149
70993,QUARLES #4905,I-95 EXIT 89,Ashland,VA,180,3.699,37.7597,-77.4716
70994,QUARLES #4906,I-95 EXIT 73,Richmond,VA,180,3.699,37.5295,-77.4756
70995,QUARLES #4910,I-95 EXIT 61B,Chester,VA,180,3.799,37.3531,-77.4342
70996,QUARLES #4912,I-64 EXIT 136,Troy,VA,180,3.899,37.95097,-78.24639
70997,QUARLES #4913,SR-76,Midlothian,VA,180,3.699,37.4856,-77.6522
70998,QUARLES #4916,I-246 EXIT 6,Portsmouth,VA,130,3.46566666,36.8468,-76.354
71001,QUARLES #4921,I-95 EXIT 83B,Richmond,VA,180,3.699,37.5295,-77.4756
71002,QUARLES #4922,US-250,Charlottesville,VA,180,3.899,38.0375,-78.4855
71003,QUARLES #4923,I-95 EXIT 73,Richmond,VA,180,3.699,37.5295,-77.4756
71004,QUARLES #4924,US-1 & SR-688,Doswell,VA,180,3.699,37.86014,-77.46415
71005,QUARLES #4925,I-95 EXIT 78,Richmond,VA,180,3.699,37.5295,-77.4756
71006,QUARLES #4926,I-95 EXIT 79,Richmond,VA,180,3.699,37.5295,-77.4756
71007,HAYDEN TRAVEL CENTER,"I-65, EXIT 284 & SR-160",Warrior,AL,615,3.129,33.8149,-86.8157
71009,WEIGELS #80,"I-40, EXIT 435 & US-321",Newport,TN,405,3.11566666,35.9617,-83.1976
71010,KEYSTOPS,"I-64, EXIT 17",Louisville,KY,415,3.19566666,38.1663,-85.6485
71011,Global,"I-84 E, EXIT 2 & US-6 E",Danbury,CT,100,3.459,41.4015,-73.4709
71012,ALLTOWN MARKETS #838,"I-95 N, EXIT 12",Darien,CT,100,3.83233333,41.07871,-73.46929
71013,ALLTOWN MARKETS #647,SR-3 EXIT 5,Plymouth,MA,175,3.959,41.95844,-70.66726
71014,Global,"I-95, EXIT 43 & US-1",Elkridge,MD,22,3.099,39.1941,-76.7428
71018,KWIK STAR #1076,US-218,Vinton,IA,565,3.199,42.1631,-92.026
71019,KWIK TRIP #489,SR-3,Northfield,MN,448,3.524,44.455,-93.1698
71020,Fast Trac 21,SR-21 & CR-50,Caldwell,TX,670,3.299,30.5307,-96.7007
71021,Amoco,"I-39 & HWY 23, EXIT 54",Oglesby,IL,290,3.199,41.2932,-89.071
71021,Amoco,"I-39 & HWY 23, EXIT 54",Oglesby,IL,290,3.249,41.2932,-89.071
71022,TEX BEST #530,"I-10, EXIT 628 & SR-80",Luling,TX,595,3.009,29.6814,-97.6468
71023,LOVES TRAVEL STOP #853,SR-302 & CR-313,Kermit,TX,710,3.25066666,31.854,-103.0924
71024,LOVES TRAVEL STOP #804,US-34/US-67,Monmouth,IL,270,3.449,40.914,-90.6425
71024,LOVES TRAVEL STOP #804,US-34/US-67,Monmouth,IL,270,3.389,40.914,-90.6425
71024,LOVES TRAVEL STOP #804,US-34/US-67,Monmouth,IL,270,3.349,40.914,-90.6425
71025,KWIK TRIP #644,SR-57 & SR-32,New Holstein,WI,582,3.39066666,43.9491,-88.0942
71027,Kwik Star #1068,I-35,Story City,IA,320,2.959,42.1866,-93.5863
71029,CASEYS #6445,I-355 EXIT 27 & SR-64,Lombard,IL,293,3.349,41.8741,-88.0157
71030,QUIKTRIP #1469,"I-10, EXIT 248 & SR-77",Marana,AZ,980,3.06233333,32.4355,-111.1558
71032,MAVERIK COUNTRY STORE #416,US-50 & US-95,Fallon,NV,966,3.52566666,39.4737,-118.7779
71033,MAVERIK COUNTRY STORE #560,I-580 & US-50,Carson City,NV,966,3.589,39.1511,-119.7476
71034,MAVERIK COUNTRY STORE #635,I-15 EXIT 57,Cedar City,UT,791,3.44233333,37.6834,-113.0956
71036,GOLDEN GATE PETRO,US-550,Montrose,CO,810,3.43566666,38.4689,-107.859
71037,SUNOCO,US-220 EXIT 111,Lock Haven,PA,138,3.599,41.1365,-77.4521
71039,TURNPIKE MARKET EXPRESS,SR-5,Newton Falls,OH,573,3.259,41.1889,-80.9711
71042,SINCLAIR,I-580/US-395 EXIT 6,Carson City,NV,966,3.599,39.1511,-119.7476
71046,SPEEDWAY #9336,US-27/SR-126,Cincinnati,OH,300,3.699,39.1413,-84.506
71047,LOVES TRAVEL STOP #722,"I-17, EXIT 262 & SR-69",Mayer,AZ,930,3.68066666,34.4233,-112.2408
71050,GILL MART CORNER STORE,US-131 & SR-216,Three Rivers,MI,465,3.699,41.947,-85.6281
71051,SHEETZ #683,I-83 EXIT 28,York,PA,70,3.259,39.9651,-76.7315
71053,ROAD RANGER #279,"I-57, EXIT 45 & SR-148",Marion,IL,275,3.699,37.7345,-88.942
71053,ROAD RANGER #279,"I-57, EXIT 45 & SR-148",Marion,IL,275,3.379,37.7345,-88.942
71055,LOVES TRAVEL STOP #793,"I-840, EXIT 67 & COUCHVILLE PIKE",Mount Juliet,TN,460,3.25233333,36.199,-86.5115
71056,SPEEDWAY #1044,US-72 & SR-20,Decatur,AL,615,3.42566666,34.5731,-86.9905
71057,LOVES TRAVEL STOP #795,US-97/US-26 & HALL RD,Madras,OR,935,3.689,44.6483,-121.139
71058,KWIK TRIP #1090,SR-19 & SR-21,New Prague,MN,448,3.349,44.5459,-93.5755
71059,CIRCLE K #2706781,US-17 & SR-200,Yulee,FL,75,3.34233333,30.635,-81.5678
71060,CIRCLE K #2701537,"I-77, EXIT 100 & SR-89",Mount Airy,NC,65,2.859,36.5083,-80.6155
71061,CIRCLE K #2702344,US-78 & SR-39,Williston,SC,135,3.799,33.4018,-81.422
71062,MAVERIK COUNTRY STORE #637,"I-70, EXIT 56 & US-89",SALINA,UT,835,3.44233333,38.9387,-111.8652
71063,MAVERIK COUNTRY STORE #639,"I-40, EXIT 153",Albuquerque,NM,580,3.19733333,35.1054,-106.6465
71064,LOVES TRAVEL STOP #798,I-57 EXIT 212,Tuscola,IL,280,3.289,39.7968,-88.2749
71064,LOVES TRAVEL STOP #798,I-57 EXIT 212,Tuscola,IL,280,3.389,39.7968,-88.2749
71064,LOVES TRAVEL STOP #798,I-57 EXIT 212,Tuscola,IL,280,3.489,39.7968,-88.2749
71065,MAVERIK COUNTRY STORE #429,US-40 & SR-121,Roosevelt,UT,835,3.439,40.2924,-110.0093
71066,Circle K #2745067,"I-75, EXIT 155",Macon,GA,85,3.089,32.8065,-83.6974
71067,7-ELEVEN #41219,I-385 EXIT 9,Laurens,SC,30,3.099,34.5022,-82.0207
71071,KWIK TRIP #1074,SR-35,Somerset,WI,448,3.524,45.1257,-92.6731
71072,LOVES TRAVEL STOP #801,I-75 EXIT 102,Cordele,GA,10,3.309,31.9563,-83.7694
71073,LOVES TRAVEL STOP #803,I-57 EXIT 54B,Marion,IL,540,3.739,37.7345,-88.942
71073,LOVES TRAVEL STOP #803,I-57 EXIT 54B,Marion,IL,540,3.749,37.7345,-88.942
71074,Speedway #7764,SR-72 & SR-25,Dundee,IL,293,3.279,42.1,-88.29
71075,TEXAS TRAVEL CENTER,"I-35, EXIT 277",Jarrell,TX,595,2.83233333,30.8103,-97.6144
71076,Kwik Star #589,US-151,Marion,IA,380,3.524,42.0451,-91.585
71077,COMMUNITY CO OPS LAKE PARK,US-10,Lake Park,MN,341,3.509,46.8839,-96.0989
71079,DK,SR-375,El Paso,TX,640,2.699,31.8476,-106.43
71080,BIG INDIAN SMOKE SHOP,I-90 & US-20,Irving,NY,38,2.929,42.56756,-79.11282
71080,BIG INDIAN SMOKE SHOP,I-90 & US-20,Irving,NY,38,3.029,42.56756,-79.11282
71083,SPRINT FOOD #701,US-78,Augusta,GA,195,3.22566666,33.3645,-82.0708
71084,FIESTA MART #42,US-75,Tulsa,OK,560,3.16566666,36.1283,-95.9042
71085,Sunoco,SR-49,Greenville,OH,317,3.599,40.1043,-84.6209
71086,THORNTONS #318,SR-59 & SR-38,West Chicago,IL,290,3.649,41.896,-88.2253
71086,THORNTONS #318,SR-59 & SR-38,West Chicago,IL,290,3.699,41.896,-88.2253
71087,HALF SUN TRAVEL PLAZA,"I-90, EXIT 176",Moses Lake,WA,920,4.029,47.1279,-119.2759
71087,HALF SUN TRAVEL PLAZA,"I-90, EXIT 176",Moses Lake,WA,920,3.569,47.1279,-119.2759
71088,KARDES,US-151,Monticello,IA,335,3.399,42.2298,-91.1861
71090,CEFCO #2076,US-60 & SR-207,Panhandle,TX,585,2.94566666,35.3461,-101.3804
71091,BREAK TIME #3163,US-63 & CR-M,Moberly,MO,310,3.46233333,39.4179,-92.4364
71094,BP,US-63 & SR-137,Eddyville,IA,320,3.379,41.1593,-92.6304
71095,HOBO PANTRY #29,US-84/SR-12 & SR-95,Gordon,AL,20,3.659,31.1436,-85.0925
71096,GAS N WASH,US-30 & SR-394,Chicago Heights,IL,365,3.499,41.51,-87.6345
71097,THORNTONS #329,"I-55, EXIT 267 & SR-53",Romeoville,IL,290,3.309,41.6318,-88.0997
71097,THORNTONS #329,"I-55, EXIT 267 & SR-53",Romeoville,IL,290,3.359,41.6318,-88.0997
71098,DANDY MINI MART #74,US-6 & SR-187,Wysox,PA,32,3.999,41.77452,-76.39938
71099,THORNTONS #336,"I-57, EXIT 335 & SR-50",Monee,IL,365,3.399,41.4181,-87.7502
71099,THORNTONS #336,"I-57, EXIT 335 & SR-50",Monee,IL,365,3.349,41.4181,-87.7502
71099,THORNTONS #336,"I-57, EXIT 335 & SR-50",Monee,IL,365,3.459,41.4181,-87.7502
71099,THORNTONS #336,"I-57, EXIT 335 & SR-50",Monee,IL,365,3.409,41.4181,-87.7502
71101,FOOD N FUEL,"I-55, EXIT 244 & SR-53",Elwood,IL,365,3.499,41.4118,-88.1345
71101,FOOD N FUEL,"I-55, EXIT 244 & SR-53",Elwood,IL,365,3.599,41.4118,-88.1345
71102,365 Food and Fuel,"I-35W/US-287, EXIT 54A & SR-183",Fort Worth,TX,637,2.97566666,32.7817,-97.3474
71103,FAT DOGS NORTH PLATTE SOUTH,"I-80, EXIT 177 & US-83",North Platte,NE,475,3.074,41.1263,-100.7641
71104,SPINX #364,"I-26, EXIT 194",Summerville,SC,475,3.399,33.0016,-80.1799
71105,SHEPHERD 700,US-64 & CR-450,Alva,OK,337,3.219,36.7895,-98.6649
71106,SECURITY OIL,"I-135, EXIT 10B & SR-96",Wichita,KS,570,3.299,37.6895,-97.3443
71107,SPARKYS ONE STOP,"US-20, EXIT 96 & SR-4",Rockwell City,IA,343,3.21566666,42.3981,-94.6289
71108,Stuckeyâ€™s Travel Center West,"I-10, EXIT 819 & FM-1663",Anahuac,TX,610,2.80733333,29.7649,-94.6787
71109,KWIK TRIP #1067,"SR-13, BETWEEN FAIRWAY & TRINITY DR",Phillips,WI,295,3.31566666,45.6958,-90.4018
71110,KWIK TRIP #1121,"I-94 & SR-26, EXIT 267",Watertown,WI,420,3.289,43.1893,-88.7285
71111,MAPCO #5167,"I-59, EXIT 21B & SR-35",Fort Payne,AL,285,3.479,34.4559,-85.6965
71112,BERKSHIRE ENERGY,"I-91, EXIT 8 & SR-80",New Haven,CT,100,3.549,41.3113,-72.9246
71113,PLATEU TRAVEL PLAZA,"I-95, EXIT 39A & US-1",Madras,OR,935,3.359,44.6483,-121.139
71114,SHEETZ #672,"I-95, EXIT 11B & SR-606",Woodford,VA,180,2.899,38.11319,-77.40887
71115,FASTBREAK #6,US-50/US-151 & US-41,Vincennes,IN,510,4.039,38.6759,-87.5102
71116,CEFCO #101,US-59 & SR-49,Jefferson,TX,766,2.899,32.7634,-94.3512
71117,AM-PM TRUCK STOP,"I-520/SR-415, EXIT 9 & SR-56",Augusta,GA,135,3.359,33.3645,-82.0708
71118,THORNTONS #0331,"I-35/US-51, EXIT 3 & CR-9",Roscoe,IL,520,3.469,42.4256,-89.0084
71118,THORNTONS #0331,"I-35/US-51, EXIT 3 & CR-9",Roscoe,IL,520,3.419,42.4256,-89.0084
71119,PARKER'S #69 (DISCOUNT AVAILABLE),"I-95/SR-405, EXIT 102 & US-80",Pooler,GA,195,3.12233333,32.1043,-81.2569
71120,GAS PRO TRAVEL CENTER,US-25 & SR-56,Waynesboro,GA,135,3.799,33.0909,-82.0145
71121,HAT CREEK TRAVEL,"I-10/US-70, EXIT 82A & US-180",Deming,NM,640,2.919,32.2631,-107.7525
71123,ONE9 XPRESS FUEL #1264,"I-10, EXIT 203",Eloy,AZ,930,3.139,32.747,-111.5992
71123,XPRESS FUEL DBA ONE9 #1264,"I-10, EXIT 203",Eloy,AZ,930,3.139,32.747,-111.5992
71124,LOVES TRAVEL STOP #761,"I-10, EXIT 343 & US-301",Jacksonville,FL,75,3.849,30.3322,-81.6749
71126,QUIKTRIP #1177,I-77 & US-21,Blythewood,SC,46,3.07566666,34.2121,-80.9921
71127,QUIKTRIP #4044,"I-10, EXIT 609",Seguin,TX,740,2.94566666,29.5891,-97.9676
71129,Queens Market,"I-85, EXIT 41 & SR-2480",Charlotte,NC,46,3.499,35.2083,-80.8303
71131,7-ELEVEN #38816,"I-85, EXIT 66 & US-29",Spartanburg,SC,210,3.30566666,34.9442,-81.9251
71132,CEFCO #104,US-259 & SR-315,Mount Enterprise,TX,618,2.959,31.9113,-94.6826
71133,AMIGOS TRAVEL CENTER,"I-35, EXIT 85 & FM-117",Dilley,TX,740,3.399,28.6675,-99.1765
71134,ALLSUPS CONVENIENCE STORE #2376,US-54/US-285 & US-60,Vaughn,NM,580,3.499,34.6072,-105.2126
71136,CIRCLE K #2706788,"I-795, EXIT 22 & US-70, EXIT 356",Goldsboro,NC,205,3.39233333,35.3778,-77.9717
71138,LUMMI BAY MARKET,"I-5, EXIT 260",Bellingham,WA,850,3.759,48.7548,-122.469
71139,GAS N WASH,SR-47 & CR-9,Yorkville,IL,290,3.599,41.6563,-88.4507
71140,BP,"I-94, EXIT 267 & SR-26, EXIT 30",Jefferson,WI,420,3.209,43.0044,-88.8084
71141,CASEYS #3901,"I-55, EXIT 178 & CR-23",Lexington,IL,368,3.339,40.647,-88.7841
71141,CASEYS #3901,"I-55, EXIT 178 & CR-23",Lexington,IL,368,3.359,40.647,-88.7841
71142,LOVES TRAVEL STOP #775,US-20 & SR-2,Rockford,IL,520,3.349,42.2596,-89.064
71142,LOVES TRAVEL STOP #775,US-20 & SR-2,Rockford,IL,520,3.289,42.2596,-89.064
71142,LOVES TRAVEL STOP #775,US-20 & SR-2,Rockford,IL,520,3.229,42.2596,-89.064
71142,LOVES TRAVEL STOP #775,US-20 & SR-2,Rockford,IL,520,3.269,42.2596,-89.064
71143,CASEYS #3904,SR-141,Manning,IA,319,3.209,41.9092,-95.0643
71144,CASEYS #3675,US-12 & US-75,Ortonville,MN,250,3.379,45.3018,-96.4415
71145,CASEYS #3905,I-74/US-421 EXIT 113,Shelbyville,IN,372,3.599,39.5352,-85.7793
71146,CASEYS #2968,US-34,Eagle,NE,413,3.239,40.8161,-96.4329
71147,CASEYS #3910,US-177 & SR-33,Perkins,OK,560,3.01566666,35.9785,-97.0301
71148,CASEYS #1892,US-65,Sheffield,IA,433,3.15233333,42.8928,-93.2086
71149,KOUNTRY KORNER,SR-20,Mount Pleasant,MI,260,3.619,43.5966,-84.7759
71150,LOVES TRAVEL STOP #812,"I-84, EXIT 141",Bliss,ID,785,3.78566666,42.9243,-114.9479
71151,LOVES TRAVEL STOP #880,US-50 & SR-130,Olney,IL,510,3.289,38.7285,-88.0839
71151,LOVES TRAVEL STOP #880,US-50 & SR-130,Olney,IL,510,3.189,38.7285,-88.0839
71151,LOVES TRAVEL STOP #880,US-50 & SR-130,Olney,IL,510,3.189,38.7285,-88.0839
71151,LOVES TRAVEL STOP #880,US-50 & SR-130,Olney,IL,510,3.389,38.7285,-88.0839
71151,LOVES TRAVEL STOP #880,US-50 & SR-130,Olney,IL,510,3.339,38.7285,-88.0839
71151,LOVES TRAVEL STOP #880,US-50 & SR-130,Olney,IL,510,3.289,38.7285,-88.0839
71152,LOVES TRAVEL STOP #841,"US-24, EXIT 41",Napoleon,OH,550,3.705,41.3977,-84.1244
71152,LOVES TRAVEL STOPS #841,"US-24, EXIT 41",Napoleon,OH,550,3.689,41.3977,-84.1244
71153,KWIK TRIP #1083,SR-35,Osceola,WI,451,3.499,45.3193,-92.6936
71154,KWIK TRIP #489,CR-3,DUNDAS,MN,448,3.499,44.4276,-93.2039
71155,KWIK TRIP #1124,"SR-16, EXIT 184",Sussex,WI,444,3.37733333,43.1346,-88.2226
71158,CIRCLE K #2707533,"SR-570, EXIT 3 & SR-572",Lakeland,FL,225,3.53233333,28.0557,-81.9545
71160,CIRCLE K #4706316,"I-96, EXIT 46  & SR-6, EXIT 15",Caledonia,MI,371,3.699,42.7945,-85.5153
71160,CIRCLE K #4706316,"I-96, EXIT 46  & SR-6, EXIT 15",Caledonia,MI,371,3.639,42.7945,-85.5153
71161,CIRCLE K #2720931,"I-95, EXIT 107 & US-301",Kenly,NC,205,3.149,35.5885,-78.137
71162,CIRCLE K #4705694,US-20 & CR-245,Norwalk,OH,305,3.614,41.2443,-82.6088
71163,DANDY MINI MART #68,"I-86/SR-17, EXIT 51A & CR-64",Elmira,NY,32,3.899,42.0938,-76.8097
71164,DANDY MINI MART #59,SR-287,Middlebury Center,PA,138,3.999,41.84368,-77.27442
71165,PALMETTO EXPRESS #115,"I-26, EXIT 125 & US-176",Gaston,SC,135,3.199,33.818,-81.0997
71166,MAVERIK COUNTRY STORE #616,US-50,Montrose,CO,810,3.39566666,38.4689,-107.859
71167,LOVES TRAVEL STOP #768,"I-55, EXIT 247",Channahon,IL,290,3.489,41.421,-88.2599
71167,LOVES TRAVEL STOP #768,"I-55, EXIT 247",Channahon,IL,290,3.349,41.421,-88.2599
71167,LOVES TRAVEL STOP #768,"I-55, EXIT 247",Channahon,IL,290,3.449,41.421,-88.2599
71167,LOVES TRAVEL STOP #768,"I-55, EXIT 247",Channahon,IL,290,3.389,41.421,-88.2599
71167,LOVES TRAVEL STOP #768,"I-55, EXIT 247",Channahon,IL,290,3.549,41.421,-88.2599
71168,LOVES TRAVEL STOP #797,"I-80, EXIT 176",Winnemucca,NV,966,3.744,40.9645,-117.7247
71169,LOVES TRAVEL STOP #879,"I-69 EXIT,286 & US-24 & SR-9",Huntington,IN,370,3.50066666,40.881,-85.5063
71170,LOVES TRAVEL STOP #849,"I-94, EXIT 292 & CR-21",Valley City,ND,390,3.969,46.9222,-98.0055
71171,TEXSTAR TRAVEL CENTER,I-35 EXIT 302,Temple,TX,765,2.91233333,31.1068,-97.3891
71172,ZIPPY JS #18,CR-577 & CR-80,Brenham,TX,670,3.199,30.1584,-96.3966
71173,ENMARKET #828,"I-95/SR-405, EXIT 102 & US-80",Pooler,GA,195,3.08233333,32.1043,-81.2569
71176,QUIKTRIP #1710,US-23/SR-365,Gainesville,GA,16,3.34566666,34.2902,-83.8294
71177,COMO TRAVEL CENTER,"I-55, EXIT 257 & SR-310",Como,MS,435,3.079,34.5134,-89.9391
71179,7-ELEVEN #41332,"I-26, EXIT 76 & SR-219",Newberry,SC,210,3.33233333,34.2813,-81.601
71181,7-ELEVEN #38637,"I-85, EXIT 72 & I-585/US-176",Spartanburg,SC,210,3.11566666,34.9442,-81.9251
71185,SHEETZ #698,"I-78/US-22, EXIT 45 & SR-863",Kutztown,PA,90,3.329,40.5212,-75.7772
71186,7-ELEVEN #36837,US-29 & SR-904,Anderson,SC,30,3.089,34.5211,-82.6478
71187,KWIK TRIP #1041,SR-11 & CR-H,Sturtevant,WI,444,3.794,42.6995,-87.9019
71188,QUIKTRIP #1722,"I-75, EXIT 153",Macon,GA,85,3.089,32.8065,-83.6974
71189,QUIKTRIP #1198,"I-20, EXIT 55",Lexington,SC,135,3.129,33.989,-81.2202
71190,LOVES TRAVEL STOPS #888,"I-80/US-30, EXIT 85 & SR-374",Green River,WY,835,3.589,41.5127,-109.471
71190,LOVES TRAVEL STOP #888,"I-80/US-30, EXIT 85 & SR-374",Green River,WY,835,3.707,41.5127,-109.471
71191,MAVERIK COUNTRY STORE #631,I-80/5600 WEST,Salt Lake City,UT,835,3.459,40.7776,-111.9311
71193,ASAP GENERAL STORE #308,US-60 & SR-123,Bartlesville,OK,560,3.191,36.7365,-95.9456
71194,ASAP GENERAL STORE #104,"I-40, EXIT 84 & US-54",Weatherford,OK,483,3.13233333,35.538,-98.6853
71195,ASAP GENERAL STORE #301,"I-40, EXIT 108 & US-281/SR-8",Geary,OK,483,3.13233333,35.5923,-98.2911
71196,ASAP GENERAL STORE #302,SR-33 & SR 54,Thomas,OK,483,3.13233333,35.7452,-98.7451
71197,ASAP GENERAL STORE #304,US-60/SR-51 & US-283,Arnett,OK,483,3.23233333,36.1345,-99.7727
71198,LOVES TRAVEL STOP #844,"I-90, EXIT 233 & SR-74",Saint Charles,MN,515,3.569,43.9687,-92.0593
71199,LOVES TRAVEL STOP #814,"I-22, EXIT 14 & CR-35",Hamilton,AL,576,3.55566666,34.1346,-87.9755
71200,LOVES TRAVEL STOP #730,"I-80, EXIT 440 & SR-50",Omaha,NE,319,3.28066666,41.2627,-96.0529
71201,PRIDE TRAVEL CENTER,I-91 EXIT 33,Hartford,CT,100,3.509,41.7661,-72.6834
71202,QUIKTRIP #1181,"I-26, EXIT 154B & US-301",Orangeburg,SC,42,3.23566666,33.4928,-80.8671
71206,JACKSONS FOOD STORES #138,US-95/SR-339 & SR-208,Yerington,NV,966,3.679,38.9554,-119.1101
71207,GAS N WASH,"I-80, EXIT 148B & SR-43",Tinley Park,IL,365,3.679,41.567,-87.8049
71207,GAS N WASH,"I-80, EXIT 148B & SR-43",Tinley Park,IL,365,3.499,41.567,-87.8049
71207,GAS N WASH,"I-80, EXIT 148B & SR-43",Tinley Park,IL,365,3.599,41.567,-87.8049
71208,RACEWAY #6789,US-301 & SR-150,Richmond,VA,180,3.429,37.5295,-77.4756
71209,RACETRAC #2529,"I-75, EXIT 285 & SR-52",San Antonio,FL,225,3.31566666,28.3395,-82.2786
71210,RACETRAC #2515,I-820 & BUS-287,Fort Worth,TX,630,2.87733333,32.7817,-97.3474
71211,KUM & GO #0138,US-67,Jacksonville,AR,695,3.099,34.8807,-92.1304
71212,KUM & GO #0426,BUS-71,Springdale,AR,735,3.149,36.1901,-94.1574
71213,KUM & GO #0429,US-62,Rogers,AR,735,3.009,36.317,-94.1531
71214,MAVERIK #5317,"I-76, EXIT 22",Brighton,CO,800,3.234,39.9716,-104.7963
71215,MAVERIK #5319,SR-392 & SR-257,Windsor,CO,800,3.159,40.469,-104.9198
71216,Maverik Country Store #5337,"I-35, EXIT 102 & SR-210",Huxley,IA,320,3.09233333,41.8965,-93.592
71217,KUM & GO #0185,US-65,Bondurant,IA,320,3.095,41.6985,-93.4556
71218,KUM & GO #1435,US-65,Fair Grove,MO,535,3.15566666,37.3833,-93.1522
71219,KUM & GO #1568,"I-44, EXIT 156",Waynesville,MO,535,3.099,37.8201,-92.2202
71221,LOVES TRAVEL STOP #786,I-435 EXIT 55,Kansas City,MO,400,3.389,39.1238,-94.5541
71223,SCOOBA JUNCTION,US-45 & SR-16,Scooba,MS,705,3.21566666,32.8302,-88.4771
71227,TEX BEST #529,SR-16 & SR-1604,Von Ormy,TX,740,3.049,29.2803,-98.6556
71228,SHELL,"I-80, EXIT 279 & SR-10",Gibbon,NE,330,3.299,40.7461,-98.8458
71229,THE PRIDE OF PALATINE,"I-90, EXIT 65 & SR-62",Palatine,IL,290,3.399,42.118,-88.043
71230,THE PRIDE OF LAKE COUNTY,US-12 & SR-53,Lake Zurich,IL,290,3.349,42.1956,-88.087
71232,GATEWAY TRAVEL CENTER,US-16 & US-85,Newcastle,WY,822,3.324,43.851,-104.2123
71233,Fuel America Travel Center #2,"I-35, EXIT 32",Encinal,TX,693,3.049,28.041,-99.3546
71234,CHEVRON #352305,I-610 & SR-47,Chalmette,LA,725,3.139,29.9438,-89.966
71239,CASEYS #3926,"I-29, EXIT 84 & SR-118",Mound City,MO,400,3.15733333,40.1365,-95.2337
71240,LOVES TRAVEL STOP #764,I-24 EXIT 117,Hillsboro,TN,285,3.32566666,35.4085,-85.9639
71241,WEIGLES #58,"I-40, Exit 356A & SR-58",Kingston,TN,405,3.169,35.8713,-84.4959
71242,LAST STOP TRAVEL CENTER,US-93,Willow Beach,AZ,910,3.49566666,35.87,-114.66
71244,MAVERIK COUNTRY STORE #644,"I-84/I-15, EXIT 344 & SR-39",Ogden,UT,835,3.37233333,41.2279,-111.9682
71245,MAVERIK COUNTRY STORE #651,"I-15, EXIT 67 & US-30",Pocatello,ID,825,3.40233333,42.8724,-112.4647
71246,TOOT N TOTUM #99,I-40 EXIT 75,Amarillo,TX,585,3.04566666,35.1984,-101.8316
71247,LOVES TRAVEL STOP #848,"I-59, Exit 104",Sandersville,MS,705,3.16233333,31.7879,-89.0362
71248,RACETRAC #2560,"I-4, EXIT-55",Davenport,FL,140,3.289,28.1587,-81.6083
71249,RACETRAC #2589,"I-20, EXIT 185",Oxford,AL,587,2.999,33.5967,-85.8687
71250,NAVAJO BLUE TRAVEL CENTER,I-40 EXIT 219,Flagstaff,AZ,930,3.609,35.1872,-111.6194
71251,RUTTERS #91,US-30 & SR-772,Gap,PA,208,4.199,39.9888,-76.0212
71252,QUIKTRIP #1178,"I-26, EXIT 54 & SR-72",Clinton,SC,210,3.099,34.4781,-81.8638
71253,QUIKTRIP #4066,"I-35, EXIT 122 & SR-173",Devine,TX,740,2.96566666,29.1456,-98.9049
71255,Fuel N Treat,"I-70/US-40, EXIT 84 & CR-J",Nelson,MO,401,3.284,38.9946,-93.0308
71256,SIGNAL FOOD STORE #120,US-60,Seymour,MO,535,3.02566666,37.1473,-92.7689
71257,FARMERS UNION SOUTHERN VALLEY,US-75 & SR-210,Wahpeton,ND,341,3.499,46.2722,-96.6118
71259,LOVES TRAVEL STOP #846,I-10 EXIT 10,Irvington,AL,715,3.16566666,34.63981,-86.92917
71260,LOVES TRAVEL STOP #881,US HWY 224 & OH 225,Diamond,OH,573,3.45233333,41.09895,-81.02287
71261,Una Travel Center,I-94 EXIT 228,Roseville,MI,325,3.899,42.5074,-82.9369
71262,LOVES TRAVEL STOP #892,"I-70, EXIT 118 & SR-310",Etna,OH,315,3.46066666,39.9544,-82.6878
71263,Loves Travel Stop # 660,"I-25, Exit 49",Walsenburg,CO,796,4.249,37.6307,-104.7818
71264,MAVERIK COUNTRY STORE #649,I-25/US-85 EXIT 220 & SR-500,Albuquerque,NM,580,3.20566666,35.1054,-106.6465
71265,U SAVE FOOD STORES 1,SR-39/SR-55,Richwood,WV,44,3.599,38.2221,-80.5363
71266,LOVES TRAVEL STOP #787,"I-81, EXIT 30 & SR-70",Mosheim,TN,405,3.55566666,36.1955,-82.9655
71267,LOVES TRAVEL STOP #878,"US-131/SR-43, EXIT 44",Kalamazoo,MI,431,3.649,42.2749,-85.5882
71267,LOVES TRAVEL STOP #878,"US-131/SR-43, EXIT 44",Kalamazoo,MI,431,3.589,42.2749,-85.5882
71267,LOVES TRAVEL STOP #878,"US-131/SR-43, EXIT 44",Kalamazoo,MI,431,3.689,42.2749,-85.5882
71268,MAVERIK COUNTRY STORE #650,SR 85 & W 900 S,West Jordan,UT,835,3.43233333,40.6024,-112.0008
71269,Maverik Country Store #652,I-84 & SR 79,Jerome,ID,787,3.394,42.7179,-114.5159
71270,QUIKTRIP #7904,I-20 EXIT 285,Abilene,TX,575,2.87566666,32.4543,-99.7384
71271,MAVERIK COUNTRY STORE #672,SR-69,Dewey,AZ,930,3.219,34.53003,-112.24127
71275,ALLSUPS CONVENIENCE STORE #2272,US-67/US-84,Bangs,TX,575,2.93233333,31.7162,-99.1303
71276,Circle K #2706617,I-4 EXIT 28,Lakeland,FL,225,3.25066666,28.0557,-81.9545
71277,CIRCLE K #2706619,I-75 EXIT 354,Ocala,FL,140,3.45733333,29.178,-82.1511
71278,Kwik Trip #1506,SR-26,Fort Atkinson,WI,420,3.57733333,42.9253,-88.8442
71281,Pride (One9 Fuel Network) #1213,"I-40, Exit 25",Yucca,AZ,910,3.559,34.8629,-114.1461
71281,Pride Travel Center dba One9 #1213,"I-40, Exit 25",Yucca,AZ,910,3.559,34.8629,-114.1461
71282,QuikTrip #4128,SR-71,Bastrop,TX,595,2.96566666,30.1113,-97.3176
71283,QUIKTRIP #7135,US-17,Hardeeville,SC,195,2.999,32.2949,-81.0321
71284,Loves Travel Stop #889,"I-22, Exit 30",Holly Springs,MS,435,3.31566666,34.7768,-89.4466
71285,Shrees Truck Stop Seattle,SR-509,Seattle,WA,962,3.799,47.6211,-122.3244
71286,RACETRAC #2323,I-75 EXIT 128,Fort Myers,FL,225,3.299,26.6194,-81.8302
71287,RACETRAC #482,I-310 EXIT 2A,Saint Rose,LA,725,3.12566666,29.9649,-90.3088
71288,SHEETZ #700,"I-270, EXIT 49 & SR-317",Groveport,OH,315,3.059,39.8586,-82.8978
71289,7-ELEVEN #38835,I-75 EXIT 139,Fort Myers,FL,225,3.599,26.6194,-81.8302
71290,LOVES TRAVEL STOP #808,"US-19/SR-3, EXIT 3 & US-82",Albany,GA,10,3.789,31.5776,-84.1762
71291,HUCKS FOOD & FUEL #351 DBA ONE9 #1286,"I-57, Exit 116",Salem,IL,574,3.239,38.6279,-88.9591
71291,HUCKS FOOD & FUEL #351 DBA ONE9 #1286,"I-57, Exit 116",Salem,IL,574,3.139,38.6279,-88.9591
71291,HUCKS FOOD & FUEL #351,"I-57, Exit 116",Salem,IL,574,3.139,38.6279,-88.9591
71291,HUCKS FOOD & FUEL #351,"I-57, Exit 116",Salem,IL,574,3.099,38.6279,-88.9591
71295,MOUNTAINEER MART #33,US-33/119,Buckhannon,WV,44,3.899,38.9927,-80.2281
71298,QUIKTRIP #1923,"I-45, EXIT 229",Corsicana,TX,641,2.849,32.0824,-96.4665
71299,QUIKTRIP #7903,"I-35, EXIT 331",Waco,TX,765,2.95566666,31.5599,-97.1882
71300,SPEEDWAY #1407,"I-94, EXIT 145",Jackson,MI,385,3.599,42.2431,-84.4038
71300,SPEEDWAY #1407,"I-94, EXIT 145",Jackson,MI,385,3.549,42.2431,-84.4038
71301,Atlanta IL Visitors Center,I-55 EXIT 140,Atlanta,IL,280,3.399,40.2638,-89.2309
71302,KWIK STAR #1107,I-380 EXIT 18,Cedar Rapids,IA,380,3.574,41.9662,-91.6783
71303,KWIK TRIP #1132,SR-21,Omro,WI,582,3.37733333,44.0391,-88.7378
71305,AMIGO'S COUNTRY STORE,"I-35, EXIT 122 & SR-173",Devine,TX,740,3.099,29.1456,-98.9049
71307,Speedway #1221,"I-24/69, EXIT 27 & US-62",Calvert City,KY,415,3.449,37.0294,-88.3602
71308,QUIKTRIP #7145,"I-40, EXIT 239A",Lebanon,TN,460,2.91566666,36.204,-86.3481
71309,SUGAR CROSSING CONVENIENCE,US-33 & CR-63,Lancaster,OH,315,3.38233333,39.7248,-82.6049
71310,CIRCLE K #2722120,US-441/27,Summerfield,FL,140,3.52566666,29.00859,-82.03481
71311,CIRCLE K #708,"I-85, EXIT 64 & US-29",Opelika,AL,50,3.26566666,32.6612,-85.3769
71313,LOVES TRAVEL STOP  #821,"US-70, Exit W Main St",Durant,OK,253,3.489,33.9949,-96.3923
71314,Loves Travel Stop  #806,I-20 Exit 124,Monroe,LA,760,3.16733333,32.5185,-92.0774
71315,KWIK TRIP #1062,SR-33,West Bend,WI,444,3.55566666,43.4173,-88.1818
71316,KWIK TRIP #1084,SR-97,Marshfield,WI,395,3.47566666,44.6627,-90.1728
71318,LOVES TRAVEL STOP  #800,SR-83,Elk Grove Village,IL,290,3.449,42.0064,-87.9921
71318,LOVES TRAVEL STOP  #800,SR-83,Elk Grove Village,IL,290,3.379,42.0064,-87.9921
71318,LOVES TRAVEL STOP  #800,SR-83,Elk Grove Village,IL,290,3.489,42.0064,-87.9921
71318,LOVES TRAVEL STOP  #800,SR-83,Elk Grove Village,IL,290,3.549,42.0064,-87.9921
71318,LOVES TRAVEL STOP  #800,SR-83,Elk Grove Village,IL,290,3.649,42.0064,-87.9921
71318,LOVES TRAVEL STOP  #800,SR-83,Elk Grove Village,IL,290,3.589,42.0064,-87.9921
71319,LOVES TRAVEL STOP #868,"I-95, EXIT 223",Mims,FL,143,3.689,28.6929,-80.8468
71320,TA EXPRESS EDGERTON #284,I-35 EXIT 205,Edgerton,KS,400,3.699,38.7717,-94.9706
71321,Kwik Star #1119,US-18,Emmetsburg,IA,433,3.449,43.1145,-94.68
71322,KWIK TRIP #1101,US-141,Crivitz,WI,582,3.304,45.2337,-88.0067
71323,MAVERIK COUNTRY STORE #517,SR-114 & E MILL RD,Orem,UT,835,3.44066666,40.2981,-111.6994
71324,7-ELEVEN #38992,"I-85/US-29, EXIT 40 & I-185, EXIT 12",Piedmont,SC,30,3.499,34.7074,-82.4651
71325,QUIKTRIP #7223,"I-20, EXIT 23 & SR-782-2",Bossier City,LA,745,2.89233333,32.5224,-93.6668
71326,CIRCLE K #4705730,"I-480 & SR-82, EXIT 36",Twinsburg,OH,249,3.989,41.322,-81.4451
71327,MAVERIK COUNTRY STORE #668,"I-80, EXIT 313",Laramie,WY,795,3.24566666,41.3099,-105.6085
71328,IRVING,US-1,Norwood,MA,170,3.694,42.19454,-71.1995
71329,SPEEDWAY #1439,I-20 Exit 100,Mc Calla,AL,615,2.90233333,33.3023,-87.0302
71330,JORDAN MINI MART,SR- 31 & CR-59,Jordan,NY,220,3.799,43.0671,-76.473
71330,JORDAN MINI MART,SR- 31 & CR-59,Jordan,NY,220,3.859,43.0671,-76.473
71331,KWIK TRIP #1106,SR-13 & SR-64,Medford,WI,395,3.42233333,45.1365,-90.3436
71332,ALLSUPS CONVENIENCE STORE #2308,SR-128 & SR-18,Jal,NM,710,3.129,32.1148,-103.19
71333,ALLSUPS CONVENIENCE STORE #2105,"I-20, EXIT 332 & US-183",Cisco,TX,575,2.929,32.3848,-98.9805
71334,ALLSUPS CONVENIENCE STORE #2278,SR-302 & SR-18,Kermit,TX,710,3.089,31.854,-103.0924
71335,ALLSUPS CONVENIENCE STORE #2367,"I-27/US-87, EXIT 49B & US-70",Plainview,TX,585,2.909,34.1911,-101.7235
71336,ALLSUPS CONVENIENCE STORE #2180,US-84 & US-180,Snyder,TX,612,2.98566666,32.7133,-100.9116
71337,ALLSUPS CONVENIENCE STORE #2229,US-377 & SR-108,Stephenville,TX,630,3.159,32.2147,-98.2205
71338,KWIK TRIP #755,US-18,Fennimore,WI,335,3.424,42.9794,-90.6491
71339,CASEYS #3934,"I-35, EXIT 89 & CO-R6F",Ankeny,IA,320,3.099,41.7288,-93.6031
71340,KWIK TRIP #180,US-14/SR-68,New Ulm,MN,425,3.349,44.312,-94.4685
71341,QUIKTRIP #7147,"I-40, EXIT 172 & SR-46",Dickson,TN,460,2.91566666,36.0637,-87.3665
71342,CASEYS #3505,US-212,Stewart,MN,425,3.369,44.7236,-94.4869
71343,ALLSUPS CONVENIENCE STORE #2014,US-377/US-67,Dublin,TX,630,3.159,32.0875,-98.3392
71344,ALLSUPS CONVENIENCE STORE #2061,US-84 & US-380,Post,TX,700,2.944,33.191,-101.3814
71345,ALLSUPS CONVENIENCE STORE #2084,US-377 & CR-234,Brownwood,TX,575,2.949,31.7127,-98.9767
71346,ALLSUPS CONVENIENCE STORE #2094,US-277 & US-83,Abilene,TX,575,2.889,32.4543,-99.7384
71347,ALLSUPS CONVENIENCE STORE #2128,"I-20, EXIT 301 & CR-276",Clyde,TX,575,2.889,32.4056,-99.5039
71348,ALLSUPS CONVENIENCE STORE #2142,US-62/US-180,Hobbs,NM,593,3.38233333,32.7281,-103.16
71349,ALLSUPS CONVENIENCE STORE #2204,SR-115 & CR-201,Wink,TX,710,3.089,31.7545,-103.1541
71350,ALLSUPS CONVENIENCE STORE #2206,US-385 & SR-176,Andrews,TX,710,3.39233333,32.3207,-102.552
71351,ALLSUPS CONVENIENCE STORE #2207,US-377/US-67 & SR-36,Comanche,TX,575,3.159,31.9005,-98.6043
71352,ALLSUPS CONVENIENCE STORE #2223,US-285 & SR-357,Artesia,NM,700,3.399,32.8497,-104.4268
71353,ALLSUPS CONVENIENCE STORE #2246,US-84 & SR-268,Melrose,NM,585,3.81233333,34.4289,-103.6296
71354,ALLSUPS CONVENIENCE STORE #2247,US-377 & SR-16,Comanche,TX,575,3.16233333,31.9005,-98.6043
71355,ALLSUPS CONVENIENCE STORE #2249,US-377 & US-281,Stephenville,TX,630,3.159,32.2147,-98.2205
71356,ALLSUPS CONVENIENCE STORE #2266,I-20 & US-285,Pecos,TX,710,3.379,31.42291,-103.49323
71357,ALLSUPS CONVENIENCE STORE #2279,SR-115 & SR-18,Kermit,TX,710,3.089,31.854,-103.0924
71358,ALLSUPS CONVENIENCE STORE #2285,US-285 & US-62,Carlsbad,NM,593,3.194,32.401,-104.2388
71359,ALLSUPS CONVENIENCE STORE #2350,"I-20, EXIT 285 & US-83",Abilene,TX,575,2.87566666,32.4543,-99.7384
71360,ALLSUPS CONVENIENCE STORE #2353,US-76/US-277,San Angelo,TX,612,3.19566666,31.4424,-100.4504
71361,ALLSUPS CONVENIENCE STORE #2358,US-277/US-87,Wall,TX,612,3.20566666,31.37405,-100.30759
71362,ALLSUPS CONVENIENCE STORE #2359,US-377/US-67 & CR-498,Stephenville,TX,630,3.159,32.2147,-98.2205
71363,ALLSUPS CONVENIENCE STORE #2360,FM-988 & FM-8,Stephenville,TX,630,3.159,32.2147,-98.2205
71364,QUICK FUEL #3188,I-75,Sidney,OH,317,3.33233333,40.2891,-84.1667
71365,COLES BP,SR 49,Brownsville,WI,582,3.099,43.6147,-88.4953
71366,AMOCO,SR 31,Kenosha,WI,444,3.719,42.5865,-87.8773
71367,ROAD RANGER #280,"I-20, EXIT 79 & SR-464",Monahans,TX,710,3.459,31.6289,-103.0403
71368,Kwik Star #1071,I-280 E and US-61 N,Davenport,IA,270,3.324,41.5565,-90.6053
71369,MR GAS TRAVEL CENTER #21,I-84 EXIT 59A,Boise,ID,785,3.69566666,43.6005,-116.2308
71370,MAVERIK COUNTRY STORE #645,"I-40, Exit 16",Gallup,NM,580,3.159,35.5182,-108.7431
71371,BREAK TIME #3167,US-65 & HWY-HH,Sedalia,MO,310,3.294,38.7059,-93.234
71372,Simonson Station,US-71 & SR-34,Park Rapids,MN,458,3.599,46.9169,-95.0576
71376,7-ELEVEN #41127,SR-29,Labelle,FL,95,3.559,26.7219,-81.4506
71377,7-ELEVEN #38485,I-76 Exit 25,Brighton,CO,800,3.599,39.9716,-104.7963
71378,QUIKTRIP #1410,"I-10, EXIT 136B & SR-202, EXIT 78A",Phoenix,AZ,930,3.369,33.5722,-112.0892
71379,QUIKTRIP #7211,"I-30/US-67/US-70, EXIT 128",Little Rock,AR,695,3.049,34.7256,-92.3577
71381,KWIK TRIP #1112,US-63 & SR-77,Hayward,WI,295,3.639,46.0094,-91.4826
71382,KWIK TRIP #346,US-151 BUS & CR-G/CR-D,Beaver Dam,WI,582,3.19566666,43.4688,-88.8309
71383,Caseys #3940,I-69 & SR 4,Ashley,IN,465,3.59733333,41.5215,-85.0614
71384,CASEYS #3944,I-29 & CR-106,Tea,SD,530,3.199,43.4564,-96.8257
71385,CASEYS #3907,I-675 & SR-235,Fairborn,OH,411,3.679,39.801,-84.0094
71386,CASEYS #3952,SR-1 & SR-9,Hoopeston,IL,368,3.249,40.4608,-87.6635
71386,CASEYS #3952,SR-1 & SR-9,Hoopeston,IL,368,3.259,40.4608,-87.6635
71386,CASEYS #3952,SR-1 & SR-9,Hoopeston,IL,368,3.189,40.4608,-87.6635
71386,CASEYS #3952,SR-1 & SR-9,Hoopeston,IL,368,3.239,40.4608,-87.6635
71387,CASEYS #3954,"I-80, Exit 168",Newton,IA,320,3.249,41.6963,-93.0403
71388,CASEYS #3850,US HWY 77,Wahoo,NE,319,3.174,41.2166,-96.6172
71389,SPEEDWAY #1590,"I-95, EXIT 193",Dillon,SC,205,3.12566666,34.4233,-79.3689
71390,SPEEDWAY #7269,I-270 EXIT 6B,Granite City,IL,540,3.519,38.7296,-90.1268
71390,SPEEDWAY #7269,I-270 EXIT 6B,Granite City,IL,540,3.379,38.7296,-90.1268
71390,SPEEDWAY #7269,I-270 EXIT 6B,Granite City,IL,540,3.459,38.7296,-90.1268
71391,QUIKTRIP #7210,I-40 EXIT 142,North Little Rock,AR,695,3.049,34.7807,-92.2371
71392,Loves Travel Stop #834,SR 17 & SR 1,Grant Park,IL,290,3.329,41.2429,-87.6353
71392,Loves Travel Stop #834,SR 17 & SR 1,Grant Park,IL,290,3.379,41.2429,-87.6353
71393,CASEYS #3303,HWY 15 AND HWY 55,Kimball,MN,451,3.199,45.3143,-94.3008
71394,QUIKTRIP #955,"I-35W, EXIT 26A & US-67",Alvarado,TX,630,2.97566666,32.4068,-97.2149
71395,KWIK TRIP #340,US-18 & SR-23,Dodgeville,WI,420,3.489,42.966,-90.1297
71397,RACEWAY #6971,US-82/SR-520,Leesburg,GA,10,3.109,31.7324,-84.1688
71398,KWIK STAR #1089,SR 415,Polk City,IA,320,3.159,41.7779,-93.7134
71399,Loves Travel Stop  #809,"I-70 & MO Hwy D, Exit 31",Bates City,MO,400,3.22066666,39.0047,-94.0659
71401,KWIK TRIP #1169,"I-694, EXIT 52B & SR-36",Saint Paul,MN,448,3.51566666,44.9478,-93.1039
71402,FIREBIRD FUEL #6196,US-60 & SR-303,Surprise,AZ,930,3.383,33.6815,-112.4515
71404,Flyers #3200,"I-17, Exit 215B",Phoenix,AZ,930,3.35233333,33.5722,-112.0892
71405,FLYERS #3201,"US-60, Exit 157",Phoenix,AZ,930,3.369,33.5722,-112.0892
71406,FLYERS #3203,"I-10, Exit 139",Phoenix,AZ,930,3.319,33.5722,-112.0892
71407,FLYERS #3204,SR 202,Phoenix,AZ,930,3.35233333,33.5722,-112.0892
71408,Flyers #3205,"I-17, Exit 195B",Phoenix,AZ,930,3.38233333,33.5722,-112.0892
71410,Flyers #3213,"US-60, Exit 181",Mesa,AZ,930,3.35233333,33.4015,-111.7178
71411,Flyers #3214,"I-10, Exit 161C",Chandler,AZ,930,3.35233333,33.2825,-111.8514
71412,FLYERS #3215,SR 87,Chandler,AZ,930,3.35233333,33.2825,-111.8514
71413,Flyers #3216,"US 60, Exit 194",Apache Junction,AZ,930,3.42233333,33.3985,-111.535
71416,FLYERS #3225,"I-10, Exit 255",Tucson,AZ,980,3.359,32.1541,-110.8787
71417,Flyers #3227,"I-10, Exit 263A",Tucson,AZ,980,3.35566666,32.1541,-110.8787
71418,Quick Fuel #3228,"I-10, Exit 264",Tucson,AZ,980,3.36233333,32.1541,-110.8787
71421,FLYERS #3236,"SR 601, Exit 22",El Paso,TX,640,3.229,31.8476,-106.43
71428,KWIK TRIP #1140,SR-69/SR-92 & HWY-CC,Belleville,WI,420,3.604,42.8643,-89.5402
71429,QUIKTRIP #1432,SR 202 EXIT 76,Phoenix,AZ,930,3.369,33.5722,-112.0892
71430,QUIKTRIP #7144,US-31W,Goodlettsville,TN,460,2.91566666,36.333,-86.7026
71433,Kwik Star #1146,US HWY 151,Cedar Rapids,IA,380,3.624,41.9662,-91.6783
71434,KWIK STAR #1154,"SR 18 & SR 60, Exit 34",Sheldon,IA,433,3.199,43.1797,-95.8437
71435,QUIKTRIP #1036,I-85 Exit 40,Charlotte,NC,46,3.304,35.2083,-80.8303
71436,GOOD 2 GO #213,I-90 EXIT 58 & US-16,Buffalo,WY,836,3.525,44.3427,-106.7139
71437,GOOD 2 GO #121,I-15 EXIT 113,Idaho Falls,ID,825,3.479,43.4871,-112.0362
71438,LOVES TRAVEL STOP #893,US-80 & SR-307,Savannah,GA,195,3.289,32.0286,-81.1821
71439,LOVES TRAVEL STOP #802,I-10 EXIT 26,Milton,FL,20,3.339,30.6286,-87.0522
71440,MAVERIK COUNTRY STORE #667,"I-90, EXIT 289 & SR-27",Spokane,WA,970,3.989,47.6671,-117.433
71440,MAVERIK COUNTRY STORE #667,"I-90, EXIT 289 & SR-27",Spokane,WA,970,3.999,47.6671,-117.433
71440,MAVERIK COUNTRY STORE #667,"I-90, EXIT 289 & SR-27",Spokane,WA,970,3.969,47.6671,-117.433
71440,MAVERIK COUNTRY STORE #667,"I-90, EXIT 289 & SR-27",Spokane,WA,970,3.979,47.6671,-117.433
71441,MAVERIK COUNTRY STORE #678,US-191,Vernal,UT,835,3.44233333,40.4517,-109.5378
71442,RACETRAC #2597,"I-65, EXIT 91 & US-31W",Elizabethtown,KY,415,2.919,37.7031,-85.8773
71443,LOVES TRAVEL STOP #810,US-33 & SR-540,Bellefontaine,OH,411,3.35233333,40.3627,-83.763
71444,One9 #1318,"I-44, Exit 88",Strafford,MO,416,2.98566666,37.2689,-93.1183
71445,SPEEDWAY #1051,I-90 & I-94 Exit 69,Mauston,WI,420,3.299,43.7995,-90.0775
71446,SPEEDWAY #4221,I-80 Exit 292,Davenport,IA,320,3.749,41.5565,-90.6053
71447,KWIK TRIP #612,SR-116,Winneconne,WI,582,3.53233333,44.1111,-88.7116
71449,MAVERIK COUNTRY STORE #628,I-15 & CR-215,Las Vegas,NV,910,3.35566666,36.2333,-115.2654
71450,MAVERIK COUNTRY STORE #664,I-25 EXIT 203,Los Lunas,NM,580,3.20233333,34.8115,-106.7803
71452,ALLSUPS CONVENIENCE STORE #2016,SR-214 & SR-114,Morton,TX,700,3.399,33.7248,-102.7593
71453,ALLSUPS CONVENIENCE STORE #2025,US-285,Roswell,NM,593,3.28566666,33.373,-104.5294
71454,ALLSUPS CONVENIENCE STORE #2036,SR-18,Hobbs,NM,593,3.399,32.7281,-103.16
71455,ALLSUPS CONVENIENCE STORE #2043,US-62,Idalou,TX,700,2.96566666,33.6624,-101.6838
71456,ALLSUPS CONVENIENCE STORE #2058,"I-40, Exit 332 & SR-209",Tucumcari,NM,585,3.355,35.17,-103.7046
71457,ALLSUPS CONVENIENCE STORE #2075,US-70 & SR-6,Crowell,TX,770,3.199,33.9839,-99.7241
71458,ALLSUPS CONVENIENCE STORE #2082,SR-70,Spur,TX,700,3.199,33.4703,-100.8556
71460,ALLSUPS CONVENIENCE STORE #2101,SR-136,Fritch,TX,585,3.149,35.6431,-101.5964
71461,ALLSUPS CONVENIENCE STORE #2111,US-87 &,Texline,TX,585,2.96566666,36.3765,-103.0189
71462,ALLSUPS CONVENIENCE STORE #2138,CR-61,Hobbs,NM,593,3.38233333,32.7281,-103.16
71463,ALLSUPS CONVENIENCE STORE #2146,SR-18,Hobbs,NM,593,3.21233333,32.7281,-103.16
71464,ALLSUPS CONVENIENCE STORE #2153,US-277,Haskell,TX,575,3.539,33.1597,-99.732
71465,ALLSUPS CONVENIENCE STORE #2173,US-20,Sweetwater,TX,575,2.84566666,32.4692,-100.4092
71466,ALLSUPS CONVENIENCE STORE #2185,US-380 & 9TH ST,Aspermont,TX,575,3.36566666,33.1405,-100.2253
71467,ALLSUPS CONVENIENCE STORE #2192,SR-86 & SR-207,Silverton,TX,585,3.159,34.4714,-101.304
71468,ALLSUPS CONVENIENCE STORE #2212,SR-6,Stamford,TX,575,3.129,33.0156,-99.6716
71469,ALLSUPS CONVENIENCE STORE #2227,SR-114,Morton,TX,700,3.399,33.7248,-102.7593
71470,ALLSUPS CONVENIENCE STORE #2267,"I-20, EXIT 42 & CR-761",Pecos,TX,710,3.379,31.42291,-103.49323
71471,ALLSUPS CONVENIENCE STORE #2269,SR-524 & CR-658,Carlsbad,NM,593,3.249,32.401,-104.2388
71472,ALLSUPS CONVENIENCE STORE #2276,HWY 84 & CR-466,Hermleigh,TX,612,2.97233333,32.6366,-100.7523
71473,ALLSUPS CONVENIENCE STORE #2378,US-BUS 287 & SR-25,Electra,TX,770,2.999,34.0325,-98.92
71474,PILOT #1292,US-290 & SR-21,Paige,TX,765,3.499,30.2138,-97.1211
71476,KWIK TRIP #493,US HWY 12,Whitewater,WI,420,3.499,42.8372,-88.7341
71477,KWIK TRIP #1141,SR 54,Luxemburg,WI,582,3.48233333,44.5447,-87.7065
71478,RACEWAY #6970,SR-1 & Coker Rd,Rome,GA,193,3.199,34.2662,-85.1863
71479,RACETRAC #118,I-575 & SR-15,Jasper,GA,193,3.309,34.471,-84.4497
71480,Loves Travel Stop #836,US-87,Dalhart,TX,585,3.43566666,36.058,-102.5123
71481,Loves Travel Stop #843,"I-29, Exit 187",Drayton,ND,341,3.56566666,48.562,-97.1794
71482,LOVES TRAVEL STOP #789,"I-15, Exit 277",Great Falls,MT,815,3.77233333,47.5022,-111.2996
71484,CIRCLE K #2745064,"I-75/SR-401, EXIT 101 & US-280/SR-30",Cordele,GA,10,2.999,31.9563,-83.7694
71485,Circle K #2709088,US-521 & SR-9,Lancaster,SC,46,3.299,34.7248,-80.7804
71486,HUCKS FOOD & FUEL #338,US-50/US-150 & US-41 BUS,Vincennes,IN,510,3.959,38.6759,-87.5102
71486,HUCKS FOOD & FUEL #338 DBA PILOT DEALER #1294,US-50/US-150 & US-41 BUS,Vincennes,IN,510,3.959,38.6759,-87.5102
71487,LOVES TRAVEL STOP #835,"I-15, EXIT 163 & SR-99",Fillmore,UT,835,3.685,38.9642,-112.3386
71487,LOVES TRAVEL STOPS #835,"I-15, EXIT 163 & SR-99",Fillmore,UT,835,3.599,38.9642,-112.3386
71488,LOVES TRAVEL STOP #816,"I-90, EXIT 284",Kimball,SD,506,3.57066666,43.7468,-98.9569
71490,LOVES TRAVEL STOP #818,"I-20, EXIT 205 & SR-46",Heflin,AL,615,3.20733333,33.647,-85.5698
71491,SPEEDWAY #1520,"I-55, EXIT 58 & SR-80",Matthews,MO,460,3.189,36.7584,-89.5688
71492,LOVES TRAVEL STOP #839,"I-64, EXIT 92",Leavenworth,IN,415,3.949,38.1997,-86.3454
71493,NEW TRAVEL PLAZA,I-20 EXIT 86,Ruston,LA,590,3.06566666,32.5328,-92.6363
71494,SPEEDWAY/7FLEET #7008,"I-90, EXIT 48A & SR-77",Corfu,NY,190,3.889,42.9611,-78.4028
71495,SPEEDWAY #1212,"I-65, EXIT 99 & US-31",Greenwood,IN,375,3.59733333,39.6019,-86.1073
71496,SPEEDWAY/7fleet #1052,US-30 & SR-57,Orrville,OH,249,3.499,40.848,-81.7743
71498,KWIK TRIP #1143,US HWY 45,Antigo,WI,395,3.50733333,45.141,-89.1552
71499,KWIK TRIP #1130,US HWY 151/18,Mount Horeb,WI,420,3.589,43.006,-89.7316
71500,KWIK TRIP #1114,SR-35,Holmen,WI,515,3.33066666,43.9706,-91.2654
71502,ROAD RANGER #281,I-20 EXIT 332,Cisco,TX,575,3.14066666,32.3848,-98.9805
71503,LOVES TRAVEL STOP #093,US-80 & US-400/US-50,Garden City,KS,525,3.729,37.9753,-100.8527
71504,MAVERIK COUNTRY STORE #378,"I-84/I-15, EXIT 346 & SR-126",Ogden,UT,835,3.379,41.2279,-111.9682
71505,KWIK TRIP #1029,I-43 & SR-20,East Troy,WI,444,3.174,42.7846,-88.3973
71506,KWIK STAR #1165,SR-60,Sibley,IA,433,3.224,43.4015,-95.743
71509,MAPLEFIELDS IRVING,I-91 & US-2,Saint Johnsbury,VT,39,3.599,44.42526,-72.01512
71510,RACETRAC #2601,"I-64, Exit 58",Frankfort,KY,410,2.919,38.1924,-84.8643
71511,RACETRAC #2592,US HWY 29,Athens,GA,16,3.31233333,33.9508,-83.3689
71512,RACETRAC #2603,Country Road 527,Orlando,FL,140,3.299,28.4773,-81.337
71514,LOVES TRAVEL STOP #817,SR-136,Santa Teresa,NM,640,3.26233333,31.8701,-106.6714
71515,LOVES TRAVEL STOP #824,"I-64 & SR-37, Exit 80",Mount Vernon,IL,574,3.589,38.314,-88.9174
71515,LOVES TRAVEL STOP #824,"I-64 & SR-37, Exit 80",Mount Vernon,IL,574,3.349,38.314,-88.9174
71515,LOVES TRAVEL STOP #824,"I-64 & SR-37, Exit 80",Mount Vernon,IL,574,3.449,38.314,-88.9174
71515,LOVES TRAVEL STOP #824,"I-64 & SR-37, Exit 80",Mount Vernon,IL,574,3.389,38.314,-88.9174
71516,LOVES TRAVEL STOP #833,"I-90, EXIT 61 & US-20",Ripley,NY,38,3.879,42.267,-79.7106
71517,7-ELEVEN #41905,I-85 & CR-2120,Salisbury,NC,46,3.749,35.6658,-80.4905
71518,SPEEDWAY/7Fleet #9305,SR-18 & SR-1,Forrest City,AR,460,3.174,35.0135,-90.7931
71519,SPEEDWAY #1506,US-231 & SR-271,Montgomery,AL,720,3.04233333,32.3482,-86.2668
71520,KWIK TRIP #1104,SR-35/65 & SR-29,River Falls,WI,451,3.40566666,44.8609,-92.6247
71521,KWIK TRIP #1065,US-12 & SR-89,Whitewater,WI,420,3.424,42.8372,-88.7341
71522,Y NOT STOP BARBER SPUR,SR-10 & SR-13,Ville Platte,LA,730,3.499,30.6901,-92.2746
71523,QUIKTRIP #7170,I-59 EXIT 77,Cottondale,AL,615,2.91566666,33.1923,-87.4543
71524,Loves Travel Stop #813,"I-77, Exit 112",North Canton,OH,249,3.62733333,40.8742,-81.3971
71525,LOVES TRAVEL STOP #796,"I-40, EXIT 432B & U-25W/US-411/US-70",Newport,TN,405,3.689,35.9617,-83.1976
71526,LOVES TRAVEL STOP #820,"I-90, EXIT 41 & SR-414",Waterloo,NY,190,4.149,42.90479,-76.86274
71527,D & C FUEL EAST,US-6/SR-92,Tunkhannock,PA,200,3.699,41.5413,-75.9485
71528,GOOD 2 GO #218,I-90 EXIT 25 & US-14,Sheridan,WY,836,3.44233333,44.7961,-106.9642
71529,Kwik Trip #1161,US-BUS 53,Eau Claire,WI,295,3.40733333,44.8197,-91.4948
71531,BERT'S TRAVEL PLAZA,SR-33,Wellsville,KS,400,3.31566666,38.7175,-95.0778
71534,GOLDEN GATE - YERINGTON,SR-339 & US-95 ALT,Yerington,NV,966,3.71566666,38.9554,-119.1101
71535,GOLDEN GATE BATTLE MOUNTAIN,"I-80, EXIT 233",Battle Mountain,NV,966,3.339,40.6299,-116.9518
71536,PILOT TRAVEL CENTERS  #1106,"I-25/US-85, EXIT 215 & SR-47",Albuquerque,NM,580,3.56566666,35.1054,-106.6465
71542,CIRCLE K #2706625,US-85,Eaton,CO,795,3.399,40.5257,-104.713
71543,THE SOCO GROUP #4,SR-111,El Centro,CA,900,4.839,32.7865,-115.5595
71555,Kwik Trip #307,SR-35/US-18,Prairie Du Chien,WI,335,3.599,43.0429,-91.1372
71556,KWIK TRIP #1167,"HWY 29, EXIT 108",Thorp,WI,295,3.45233333,44.9579,-90.8022
71557,MUSKOGEE TRAVEL PLAZA,US-69,Muskogee,OK,560,3.01566666,35.7432,-95.3567
71558,ALLSUPS #2384,US-60,Friona,TX,585,2.994,34.6394,-102.723
71559,ALLSUPS CONVENIENCE STORE #2228,US-83 & CR-613,Tuscola,TX,575,2.91733333,32.2115,-99.7983
71560,CIRCLE K #2709675,"I-25, EXIT 41 & SR-543/SR-26",Hatch,NM,640,3.799,32.6663,-107.1644
71561,ABBOTTS TRAVEL CENTER,I-35 EXIT 359,Abbott,TX,765,3.06566666,31.8868,-97.0799
71562,PILOT #1317,I-90 EXIT 28,Fultonville,NY,12,3.999,42.9463,-74.3704
71563,Kwik Star #1081,SR-9,Decorah,IA,515,3.579,43.3012,-91.7839
71564,GRAB N GO,SR-200 & SR-22,Killdeer,ND,273,3.549,47.3689,-102.7472
71565,CIRCLE K #2741253,"SR 375, Exit 39",El Paso,TX,640,3.19566666,31.8476,-106.43
71566,Mankato Travel Center,US HWY 14 & SR 22,Mankato,MN,425,3.499,44.1715,-93.9772
71567,PRIDE CONVENIENCE STORE,"I-91, EXIT 40 & SR-20",East Granby,CT,100,3.649,41.94121,-72.72732
71568,QUIKTRIP #294,I-35,Gardner,KS,485,2.999,38.8122,-94.9275
71570,STEELE 66 TRUCK PLAZA,Hwy O & CR-425,Steele,MO,418,3.399,36.0903,-89.8402
71571,RACETRAC #2587,I-75 & US-98,Brooksville,FL,140,3.299,28.5404,-82.3903
71572,7-ELEVEN #41525,US-460 & SR-630,Disputanta,VA,180,2.999,37.1236,-77.2249
71573,RACETRAC #2588,I-4 & US-301,Tampa,FL,225,3.299,27.9945,-82.4447
71574,RACETRAC #2594,US-441,Dublin,GA,85,2.999,32.536,-82.928
71575,Racetrac #2308,SR-161,Irving,TX,630,2.93566666,32.8583,-96.9702
71576,RACETRAC #2429,SR-161,Irving,TX,630,2.90066666,32.8583,-96.9702
71577,TOOT N TOTUM #130,US-87 & Dorsey Rd,Clayton,NM,585,3.199,36.4426,-103.1574
71578,RACETRAC #2595,I-65 EXIT 284,Alabaster,AL,615,2.999,33.2198,-86.8225
71579,KWIK TRIP #1138,SR 28,Sheboygan,WI,444,3.24233333,43.7403,-87.7316
71580,MAVERIK COUNTRY STORE #676,"I-15/I-84, EXIT 376 & SR-13",Tremonton,UT,835,3.444,41.7187,-112.189
71582,LOVES TRAVEL STOP #847,US-601 & SR-207,Pageland,SC,46,3.38566666,34.772,-80.3897
71583,CIRCLE K #2706993,SR 27 N,Lake Wales,FL,225,3.799,27.9195,-81.5961
71586,ALLTOWN FRESH,US-9 & SR-23,Livingston,NY,12,3.699,42.14203,-73.77791
71586,ALLTOWN FRESH,US-9 & SR-23,Livingston,NY,12,3.659,42.14203,-73.77791
71590,TA SPRINGER,I-25 EXIT 419,Springer,NM,580,3.529,36.3623,-104.5997
71592,THE WOODSHED,US-59 & SR-10,Welch,OK,307,3.099,36.8743,-95.0946
71594,BP,US-20 & SR13,Middlebury,IN,465,3.799,41.6696,-85.7075
71595,Hucks Market #100,US-36,Hannibal,MO,494,3.13233333,39.7098,-91.3939
71596,ALLSUPS #2379,US-70/US-380,Tinnie,NM,700,3.359,33.37065,-105.22637
71597,Allsups #2380,US-84,Sudan,TX,700,3.199,34.0665,-102.5243
71598,Allsups #2381,SR-199,Azle,TX,630,2.919,32.8955,-97.5379
71600,TA EXPRESS #290,"I-45, EXIT 198 & FM-27",Fairfield,TX,765,3.439,31.7183,-96.1697
71601,Circle K #2723479,"I-40, EXIT 306B & US-70",Garner,NC,205,3.369,35.6936,-78.6181
71603,FLYERS #3223,US-70/191,Safford,AZ,980,3.86233333,32.8335,-109.6964
71604,MAVERIK COUNTRY STORE #669,"I-80, Exit 113 & SR-172",Salt Lake City,UT,835,3.44566666,40.7776,-111.9311
71605,Allsups Convenience Store #2377,US-70 & US-54,Alamogordo,NM,640,3.06233333,32.8837,-105.9625
71606,Allsups #2396,HWY 62 82 179,Wolfforth,TX,700,2.91566666,33.5147,-102.0067
71607,Loves Travel Stop #827,"I-90, Exit 174",Moses Lake,WA,970,3.889,47.1279,-119.2759
71608,Loves Travel Stop #842,"I-194, eXIT 164",Saint Cloud,MN,448,3.29066666,45.534,-94.1718
71609,QUIKTRIP #73,"US-75, US 62",Henryetta,OK,560,3.02566666,35.4417,-95.9864
71610,FRIENDLY GUS #25,US-80 & SR-338,Dudley,GA,85,3.83233333,32.532,-83.0805
71612,RACEWAY #6898,"I-95, EXIT 373 & HWY A1A",Yulee,FL,75,3.27066666,30.635,-81.5678
71614,7-ELEVEN #41808,"I-85, EXIT 106 & US-29",Blacksburg,SC,210,3.359,35.122,-81.5182
71615,HUTCHS #128,US-62 & US-281/SR-8,Anadarko,OK,483,2.999,35.065,-98.2443
71616,ALLSUPS CONVENIENCE STORE #2382,"I-20, EXIT 366 & US-281",Mineral Wells,TX,630,2.94566666,32.8169,-98.0776
71617,CIRCLE K #2709087,US-98/US-19,Chiefland,FL,75,3.58233333,29.4923,-82.8682
71618,Loves Travel Stop #837,"I-35, Exit 52",Cameron,MO,400,3.689,39.7444,-94.2329
71619,7-ELEVEN # 41365,"I-840/I-785, EXIT 18 & US-70",Greensboro,NC,65,3.199,36.0956,-79.8271
71621,TOOT N TOTUM #127,"I-27, Exit 49B",Plainview,TX,585,2.89566666,34.1911,-101.7235
71622,Circle K #2706628,SR-193 & SR-163,Theodore,AL,715,3.39233333,30.5408,-88.1885
71623,Circle K #2706637,US-43,Grove Hill,AL,715,3.719,31.7006,-87.7748
71624,MAVERIK COUNTRY STORE #681,"I-80, Exit 410",West Wendover,NV,835,3.38566666,40.7407,-114.0783
71625,MAVERIK COUNTRY STORE #679,US-160/285 & SR-17,Alamosa,CO,803,3.349,37.4752,-105.877
71627,QUIKTRIP #1730,I-75 EXIT 185,Forsyth,GA,85,3.089,33.0352,-83.939
71628,QUIKTRIP #7171,I-65 EXIT 231,Calera,AL,615,2.999,33.1254,-86.7449
71629,KWIK TRIP #1139,SR-95 & SR-65,Cambridge,MN,451,3.399,45.5612,-93.2283
71630,CIRCLE K #2701524,"US-52, Exit 134 & SR-268",Pilot Mountain,NC,65,3.429,36.3853,-80.4735
71631,RACEWAY #6891,SR-20 & SR-67,Decatur,AL,615,3.099,34.5731,-86.9905
71632,Loves Travel Stop #819,SR-21 & SR-275,Rincon,GA,195,3.33066666,32.2947,-81.2353
71634,76,"US HWY 278, US HWY 45",Tupelo,MS,742,3.149,34.2692,-88.7318
71635,Racetrac #2610,US-231,Murfreesboro,TN,460,3.049,35.849,-86.4121
71636,RACETRAC #2580,US-41 & SR-268,Murfreesboro,TN,460,3.03233333,35.849,-86.4121
71637,HORSESHOE #4,SR-114,Smyer,TX,700,2.959,33.5874,-102.1636
71638,QUIKTRIP #4032,"I-35, EXIT 176",Schertz,TX,740,2.91566666,29.565,-98.2535
71639,PAR MAR FOOD STORE #13,"I-77, EXIT 1 & SR-7",Hannibal,OH,430,3.899,39.6718,-80.8737
71640,RACETRAC #2544,SR-81 & SR-316,Bethlehem,GA,16,3.31233333,33.9368,-83.7102
71641,76,I-17,Phoenix,AZ,930,3.23233333,33.5722,-112.0892
71642,MAVERIK COUNTRY STORE #398,HWY 89 & LAKE POWELL BLVD,Page,AZ,930,3.45566666,36.9426,-111.5071
71643,Pilot #1319,I-35 Exit 30,Alvarado,TX,630,3.20566666,32.4068,-97.2149
71644,CHISUM TRAVEL CENTER #38,I-20 EXIT 210,Colorado City,TX,612,2.92566666,32.3996,-100.8582
71646,SPEEDWAY #6542,"I-10, Exit 192",Midway,FL,155,3.599,30.4169,-87.0229
71647,QUIKTRIP #667,I-44 Exit 189,Rolla,MO,392,2.98233333,37.9459,-91.7607
71648,QUIKTRIP #7149,I-24 Exit 8,Clarksville,TN,460,2.91566666,36.5692,-87.3413
71649,Allsups Convenience Store #2385,US-183 & US-180,Breckenridge,TX,575,3.30733333,32.7566,-98.9125
71650,ALLSUPS CONVENIENCE STORE #2405,SR-208 & SR-158,Robert Lee,TX,612,3.26566666,31.8955,-100.4857
71651,QUIKTRIP #4151,"I-35, Exit 220",Buda,TX,595,2.91566666,30.0758,-97.8487
71652,CIRCLE K #4705575,SR-261,Akron,OH,249,3.769,41.0798,-81.5219
71653,MAVERIK COUNTRY STORE #701,US-160,Durango,CO,614,3.299,37.2659,-107.8781
71654,LOVES TRAVEL STOP  #851,"I-39/US-51, EXIT 111 & SR-72",Monroe Center,IL,520,3.749,42.1003,-88.9941
71655,79 ONE STOP,SR-62 & SR-37,Saint Croix,IN,415,3.499,38.22395,-86.58637
71656,CASEYS #3268,US-59 & SR-119,Appleton,MN,522,3.44566666,45.1998,-96.0225
71657,CASEYS #2855,US HWY 63,Cabool,MO,535,3.259,37.1262,-92.1032
71659,Loves Travel Stop #646,"I-84, Exit 71",Willington,CT,100,4.359,41.88,-72.26
71661,Loves Travel Stop #822,"I-40,  Exit 57 & S Crawford St",Clarksville,AR,695,3.39233333,35.457,-93.4803
71662,PUMP & PANTRY #33,SR-22/39,Genoa,NE,330,3.289,41.4462,-97.7322
71663,Allsups #2388,I-27 & SR-217,Canyon,TX,585,2.90066666,34.9911,-101.919
71664,RUTTERS #95,SR-9,Martinsburg,WV,22,3.999,39.4582,-77.9776
71666,Circle K#2746513,SR-13/SIOUX TRL,Savage,MN,448,3.799,44.7545,-93.3632
71667,7-Eleven #38986,"I-75, EXIT 301 & US-98",Brooksville,FL,225,3.399,28.5404,-82.3903
71668,7-ELEVEN #41572,I-77 & US-70,Statesville,NC,46,2.859,35.7842,-80.8713
71672,7-ELEVEN #41573,US-67,Glen Rose,TX,765,3.589,32.2461,-97.7442
71673,7-ELEVEN #41792,"I-85, EXIT 27",Anderson,SC,30,2.959,34.5211,-82.6478
71674,Kwik Trip #1177,SR-65,Cambridge,MN,451,3.424,45.5612,-93.2283
71676,CIRCLE K #4702409,US-52,Lafayette,IN,375,3.15733333,40.3991,-86.8593
71679,TOOT N TOTUM #22,FM 1541 & FM 1151,Amarillo,TX,585,2.96733333,35.1984,-101.8316
71680,Alexs Shelby Truck Stop,US HWY 278 & SR 32,Shelby,MS,655,3.199,33.9508,-90.7653
71681,WASPYS TRUCK STOP,US-71,Audubon,IA,319,3.31566666,41.718,-94.9284
71682,Gas N Wash,"SR 83, SR 50, I-294",Alsip,IL,365,3.399,41.6701,-87.7368
71682,Gas N Wash,"SR 83, SR 50, I-294",Alsip,IL,365,3.499,41.6701,-87.7368
71682,Gas N Wash,"SR 83, SR 50, I-294",Alsip,IL,365,3.299,41.6701,-87.7368
71683,GAS N WASH,US HWY 6,Joliet,IL,365,3.799,41.5188,-88.1499
71685,ON THE ROAD 110,US-59,Diboll,TX,618,3.199,31.1873,-94.7833
71686,Allsups #2391,I-20 Exit 269,Merkel,TX,575,2.87566666,32.4698,-100.0111
71687,ALLSUPS #2386,I-20 EXIT 216,Colorado City,TX,612,2.94233333,32.3996,-100.8582
71688,KWIK TRIP #1151,"I-90, EXIT 183 & CR-BT",Beloit,WI,420,3.374,42.523,-89.0184
71689,KWIK TRIP #1108,"I-41/US-45, EXIT 52 & SR-164",Colgate,WI,444,3.24733333,43.19306,-88.20676
71691,ALLSUPS #2399,US-287 & SR-207,Claude,TX,585,2.929,35.1075,-101.3629
71692,GXP #200,"I-85/SR-403, EXIT 140 & SR-82",Jefferson,GA,16,3.239,34.1373,-83.6021
71694,J&H Family Store,"I-96, Exit 19",Coopersville,MI,456,3.599,43.0658,-85.9341
71694,J&H Family Store,"I-96, Exit 19",Coopersville,MI,456,3.499,43.0658,-85.9341
71695,KWIK TRIP #1126,US-14/US-61,La Crosse,WI,444,3.384,43.8241,-91.2268
71696,SUPER SAVE #10,I-220 EXIT 1A,Shreveport,LA,745,3.199,32.4653,-93.7955
71697,LOVES TRAVEL STOP #829,I-80 EXIT 81,Brookville,PA,14,4.019,41.1615,-79.0827
71698,Kwik Star #1142,hwy 6,Iowa City,IA,380,3.134,41.6559,-91.5303
71699,KWIK TRIP #597,"I-94, EXIT 344 & SR-31",Kenosha,WI,444,3.744,42.5865,-87.8773
71700,ARCO,US-19/US-98/US-27Alt & CR-30A,Perry,FL,75,3.699,30.109,-83.5821
71701,CIRCLE K #2746510,SR 32,De Pere,WI,360,3.349,44.4308,-88.0785
71702,SHOP AND SAVE,US-220 & CR-734,Ridgeway,VA,65,3.909,36.5781,-79.8583
71704,QUIKTRIP #962,"I-30, Exit 61A",Garland,TX,630,2.89733333,32.91,-96.6304
71705,STRIPES #41980,"I-37, EXIT 11A",Corpus Christi,TX,625,3.199,27.7254,-97.3767
71706,QUIKTRIP #1176,I-77Exit 2,West Columbia,SC,135,3.309,33.9932,-81.0936
71707,QUARLES #4437,US HWY 30,Lancaster,PA,208,3.999,40.042,-76.3012
71708,QUARLES #4936,I-95 Exit 69,Richmond,VA,180,3.699,37.5295,-77.4756
71709,MAPCO EXPRESS #7553,SR 153 EXIT 2,Chattanooga,TN,285,2.994,35.066,-85.2481
71710,KWIK STAR #1180,SR-141,Perry,IA,320,3.06066666,41.8387,-94.0938
71712,MAVERIK COUNTRY STORE #693,"I-70, Exit 160 & hwy 191",Green River,UT,810,3.28233333,38.9935,-110.1723
71713,Pilot #1383,"I-555, Exit 39",Jonesboro,AR,435,3.489,35.8212,-90.6791
71713,Pilot Dealer #1383,"I-555, Exit 39",Jonesboro,AR,435,3.439,35.8212,-90.6791
71714,RACETRAC #2576,SR-997 & SR-994,Miami,FL,95,3.28733333,25.784,-80.2101
71715,Allsups Convenience Store #2401,US-87,San Angelo,TX,612,3.19566666,31.4424,-100.4504
71716,Allsups #2404,US-62,Carlsbad,NM,593,3.194,32.401,-104.2388
71717,Kwik Trip #1199,US-14,Darien,WI,345,3.199,42.6007,-88.7129
71718,KWIK STAR #1158,US-30,Ames,IA,320,3.174,42.0256,-93.6217
71719,LOVES TRAVEL STOP #832,"I-35, EXIT 129",Forest Lake,MN,515,3.36233333,45.2536,-92.9582
71721,HUCKS FOOD & FUEL #314,US-50/150,Washington,IN,510,3.46233333,38.6586,-87.1591
71722,MAVERIK #5392,FM-16,Keenesburg,CO,800,3.154,40.1327,-104.538
71723,ALLSUPS CONVENIENCE #2398,SR-70,Pampa,TX,585,3.079,35.5479,-100.9651
71724,ALLSUPS CONVENIENCE #2403,US-180,Mineral Wells,TX,630,3.00566666,32.8169,-98.0776
71725,Allsups Convenience Store #2406,US-67,Rankin,TX,710,3.499,31.2253,-101.9395
71726,Kwik Trip #1152,US HWY 169,Saint Peter,MN,425,3.724,44.3295,-93.9658
71735,Loves Travel Stop #811,US-395,Pasco,WA,925,4.589,46.2506,-119.1305
71735,Love's #811,US-395,Pasco,WA,925,4.589,46.2506,-119.1305
71736,Racetrac #2312,US-41/SR-92,Acworth,GA,18,3.209,34.0566,-84.6716
71737,RACETRAC #2605,"I-295, EXIT 25",Jacksonville,FL,75,3.249,30.3322,-81.6749
71738,KWIK TRIP #1196,"US-151, EXIT 21",Platteville,WI,335,3.514,42.728,-90.4681
71739,TA EXPRESS #418,"I-16/SR-404, EXIT 116 & US-301/25",Register,GA,135,3.28566666,32.3658,-81.8845
71740,SPRINT FOODS #735,US-78/US-1 & SR-19,Aiken,SC,135,3.17233333,33.5303,-81.7271
71741,SPRINT FOOD STORE #733,"I-20, EXIT 183 & US-221",Harlem,GA,135,3.599,33.4275,-82.3131
71769,DUCK THRU FOOD STORE #60,US HWY 64,Spring Hope,NC,205,3.469,35.9441,-78.109
71770,ONVO TRAVEL PLAZA,"I-81, Exit 155",Mountain Top,PA,200,3.58733333,41.1353,-75.9045
71771,BREAK TIME #3170,SR-13 & HWY-T,Bolivar,MO,535,3.374,37.6059,-93.4175
71772,Kwik Trip #1137,US-8,Saint Croix Falls,WI,451,3.524,45.41,-92.6266
71773,KWIK STAR #710,US-30 EXIT-202,Toledo,IA,565,3.399,41.9902,-92.5803
71774,CASEYS #4292,1020 5TH ST,Carrollton,IL,574,3.289,39.2948,-90.4062
71774,CASEYS #4292,1020 5TH ST,Carrollton,IL,574,3.239,39.2948,-90.4062
71774,CASEYS #4292,1020 5TH ST,Carrollton,IL,574,3.429,39.2948,-90.4062
71775,Caseys #3950,US-270 & US-54,Liberal,KS,525,3.319,37.0466,-100.9295
71776,QUIKTRIP #7172,"I-85/US-29, EXIT 58 & SR-169",Opelika,AL,50,2.999,32.6612,-85.3769
71779,TCI PHOENIX,"I-10, EXIT 138 & US-202, EXIT 76",Phoenix,AZ,930,2.92233333,33.5722,-112.0892
71784,7-ELEVEN #41750,I-4 & SR-33,Lakeland,FL,225,3.289,28.0557,-81.9545
71785,7-ELEVEN #41266,I-81 & SR-924,Hazleton,PA,200,3.839,40.9505,-75.9725
71786,SHEETZ #751,I-76 EXIT 91,Donegal,PA,165,3.259,40.112,-79.3808
71787,PUMP & PANTRY #55,US-159 & US-73,Falls City,NE,486,3.239,40.0623,-95.5989
71792,KWIK TRIP #1147,US-71 & SR-60,Windom,MN,425,3.349,43.8736,-95.1201
71793,QUARLES #4602,"SR-267, EXIT 8B & SR-606",Sterling,VA,60,3.659,39.0052,-77.405
71794,KWIK TRIP #1174,US-51 & US-2,Ironwood,MI,334,3.479,46.4522,-90.1505
71794,KWIK TRIP #1174,US-51 & US-2,Ironwood,MI,334,3.139,46.4522,-90.1505
71794,KWIK TRIP #1174,US-51 & US-2,Ironwood,MI,334,3.459,46.4522,-90.1505
71794,KWIK TRIP #1174,US-51 & US-2,Ironwood,MI,334,3.159,46.4522,-90.1505
71794,KWIK TRIP #1174,US-51 & US-2,Ironwood,MI,334,3.179,46.4522,-90.1505
71795,CIRCLE  K #2654290,I-85 EXIT 13,Lagrange,GA,50,3.899,33.0274,-85.0384
71797,KWIK STAR #1186,"I-80/US-6, EXIT 142 & US-65",Altoona,IA,320,3.199,41.6483,-93.4783
71798,Space Age #202,"I-5, EXIT 52",Castle Rock,WA,935,3.659,46.2708,-122.905
71800,Stuckeys Travel Plaza,"I-44, EXIT 179",Newburg,MO,535,2.97233333,37.916,-91.9004
71801,Love's Travel Stop #869,US HWY 75,Le Mars,IA,527,3.45566666,42.781,-96.1733
71802,ALLSUPS #2407,I-10 EXIT 259,Fort Stockton,TX,710,3.029,30.8926,-102.8842
71803,KENT KWIK #321,I-20 EXIT 143,Midland,TX,710,2.94066666,32.0243,-102.1147
71804,GAS N WASH,I-88 EXIT 114,Montgomery,IL,290,3.599,41.7237,-88.3633
71805,RACETRAC #2583,I-24E,La Vergne,TN,460,2.899,36.02,-86.5586
71806,RACETRAC #2600,SR-70,Okeechobee,FL,140,3.299,27.2413,-80.8298
71807,KWIK TRIP #1270,SR-172,Green Bay,WI,582,3.29066666,44.5148,-87.9895
71808,WEIGELS #100,SR 153,Chattanooga,TN,405,3.01566666,35.066,-85.2481
71811,7-ELEVEN #41826,SR-722 & SR-283,Lancaster,PA,70,4.129,40.042,-76.3012
71812,KWIK TRIP #1198,I-43 & Hwy AA,Oostburg,WI,444,3.24233333,43.6237,-87.7888
71813,Kweik Star #1156,SR-150 & SR-3,Oelwein,IA,565,3.58233333,42.6715,-91.9131
71814,TEX-BEST #531,US-90,Uvalde,TX,740,2.874,29.2152,-99.7782
71815,MAVERIK COUNTRY STORE #688,I-15 EXIT 339,Ogden,UT,835,3.38566666,41.2279,-111.9682
71816,MAVERIK COUNTRY STORE #694,I-15 EXIT 222,Nephi,UT,835,3.40566666,39.7069,-111.8326
71817,KWIK TRIP #1128,US-12,Altoona,WI,295,3.33233333,44.8029,-91.4385
71818,TA EXPRESS RIVERTON #433,I-72 EXIT 108,Riverton,IL,318,3.469,39.8456,-89.5363
71818,TA EXPRESS RIVERTON #433,I-72 EXIT 108,Riverton,IL,318,3.439,39.8456,-89.5363
71818,TA EXPRESS RIVERTON #433,I-72 EXIT 108,Riverton,IL,318,3.409,39.8456,-89.5363
71822,DK,SR 176,Lenorah,TX,612,3.53233333,32.30456,-101.87625
71823,MARKER 126,US HWY 20,Duncombe,IA,343,3.059,42.4698,-93.9968
71824,QuikTrip #4052,US 181 S,San Antonio,TX,740,2.92233333,29.4632,-98.5238
71826,KWIK TRIP #1183,US-2,Bessemer,MI,334,3.159,46.4775,-90.0498
71826,KWIK TRIP #1183,US-2,Bessemer,MI,334,3.139,46.4775,-90.0498
71826,KWIK TRIP #1183,US-2,Bessemer,MI,334,3.179,46.4775,-90.0498
71826,KWIK TRIP #1183,US-2,Bessemer,MI,334,3.479,46.4775,-90.0498
71826,KWIK TRIP #1183,US-2,Bessemer,MI,334,3.459,46.4775,-90.0498
71827,KWIK TRIP #1188,US-12,Cokato,MN,451,3.474,45.077,-94.1877
71828,KWIK TRIP #1209,SR-42,Sturgeon Bay,WI,582,3.58233333,44.8228,-87.366
71829,KWIK TRIP #1043,US-53/SR-194,Duluth,MN,334,3.499,46.7756,-92.1393
71830,One9 #1330,"I-40/US-63, EXIT 216 & US-49",Brinkley,AR,695,3.199,34.89,-91.1902
71830,One9 Travel Center #1330,"I-40/US-63, EXIT 216 & US-49",Brinkley,AR,695,3.199,34.89,-91.1902
71831,Loves Travel Stop #865,"I-35, Exit 186",Perry,OK,483,3.389,36.2837,-97.3094
71832,SHEETZ #753,SR 3,Seville,OH,249,3.08233333,41.0207,-81.8671
71833,Circle K #2706636,US HWY 43,Jackson,AL,715,3.899,31.5318,-87.8915
71835,CUZZS TRAVEL DEPOT,US 43 N,Thomasville,AL,715,3.599,31.911,-87.7419
71836,DUCK THRU FOOD STORE #59,US 13 EXIT 119,Greenville,NC,205,3.499,35.5943,-77.376
71837,RUTTERS #86,"US-15, EXIT 17 & SR-26",Frederick,MD,70,3.899,39.4337,-77.4141
71838,RUTTERS #24,SR-74 & SR-2069,Brogue,PA,70,4.099,39.87177,-76.48302
71839,RUTTERS #92,US-222 & SR-737,Kutztown,PA,90,3.699,40.5212,-75.7772
71840,NEON MARKETPLACE,"SR-79, EXIT 10",Fall River,MA,175,3.949,41.7136,-71.1015
71841,Quick Fuel #3193,US-69,Kansas City,KS,400,3.34566666,39.1235,-94.7443
71844,HD EXPRESS MART,US 20,Clyde,OH,550,3.379,41.3044,-82.9781
71845,ALLSUPS #2424,US 180,Millsap,TX,630,2.984,32.7493,-98.0117
71848,CLIFTON SUPER STOP,"I-16, EXIT 104",Metter,GA,195,3.249,32.3958,-82.0621
71849,TOOT N TOTUM #128,I-40 EXIT 57,Amarillo,TX,585,3.089,35.1984,-101.8316
71850,CEDAR GROVE OASIS,"I-43, Exit 113",Cedar Grove,WI,444,3.239,43.5682,-87.8243
71851,PWI #164,I-35/US-77 & FM-3115,Abbott,TX,765,2.89233333,31.8868,-97.0799
71852,KWIK TRIP #1164,US-63,Spooner,WI,295,3.599,45.8271,-91.886
71853,Landmark Travel Center,I-20 EXIT 301,Clyde,TX,575,2.90066666,32.4056,-99.5039
71854,EXXON DBA Pilot #1289,US 75 EXIT 72,Denison,TX,630,3.239,33.7672,-96.5808
71855,BYRNE DAIRY #136,I-90 Exit 37,Liverpool,NY,220,3.659,43.1065,-76.2095
71856,GO TIME #7,"I-75, EXIT 29",Corbin,KY,410,2.999,36.9323,-84.1006
71857,QUIKTRIP #1196,"I-20, EXIT 11 & SR-144",Graniteville,SC,135,3.159,33.5646,-81.8078
71858,QUIKTRIP #7224,"I-20, EXIT 112",West Monroe,LA,719,2.89233333,32.512,-92.1513
71859,ALLSUPS #2415,SR 6,Meridian,TX,765,2.96566666,31.9262,-97.6501
71860,PILOT #1347,"I-59, EXIT 5A",Pearl River,LA,725,3.164,30.3688,-89.7495
71862,Loves Travel Stop #863,I-90 & SR-528,Madison,OH,305,3.849,41.7722,-81.0529
71864,MPC #30,"I-44, Exit 195",Saint James,MO,540,2.98566666,38.0013,-91.6154
71865,RACETRAC #574,"I-30, EXIT 68",Rockwall,TX,630,2.924,32.9169,-96.4374
71866,RACETRAC #2615,"I-65, EXIT 128",Louisville,KY,415,2.919,38.1663,-85.6485
71867,HOLIDAY STATIONSTORE #2653855,US-12,Aberdeen,SD,530,3.10733333,45.4649,-98.4686
71868,RACETRAC #2456,SR-44 & CR-491,Lecanto,FL,140,3.31566666,28.8359,-82.488
71869,PORT FUEL CENTER,"I-516, EXIT 7B & SR-21",Port Wentworth,GA,195,3.18233333,32.1951,-81.1991
71870,Circle K #2706479,US-280,Sylacauga,AL,615,3.799,33.178,-86.2605
71871,KWIK TRIP #1133,US-10 & SR-85,Durand,WI,295,3.43066666,44.627,-91.9607
71872,KWIK STAR #1189,"I-80, EXIT 110",De Soto,IA,320,3.224,41.5371,-94.0103
71873,KWIK TRIP #1182,"I-35E, EXIT 123B",Hugo,MN,448,3.37733333,45.1671,-92.9588
71874,Rutters #85,I-76 & US-30,Bedford,PA,14,4.099,40.01869,-78.50391
71875,LOVES TRAVEL STOP #615,US-59 & US-79,Carthage,TX,618,3.10233333,32.1526,-94.3368
71876,LOVES TRAVEL STOP #861,"I-75, EXIT 72 & SR-72",Loudon,TN,285,3.58733333,35.7414,-84.3701
71877,LOVES TRAVEL STOP #859,"I-80, EXIT 116 & US-6",Morris,IL,290,3.789,41.3749,-88.4304
71878,LOVES TRAVEL STOP #872,SR-78 & CR-27,Lancaster,OH,315,3.27566666,39.7248,-82.6049
71879,Gas N Wash Schoolhouse,FM-74,New Lenox,IL,399,3.699,41.5095,-87.9703
71883,QUIKTRIP #4178,SR-130,Hutto,TX,595,2.91566666,30.5396,-97.544
71886,QUIKTRIP #7136,US-17,Brunswick,GA,195,3.074,31.1449,-81.4746
71887,SHELL,I-80 & SR-63,Greenwood,NE,413,3.399,40.9614,-96.4433
71888,KJS ALPINE,US HWY 26,Alpine,WY,825,3.799,43.1646,-111.02
71889,Payson Cardlock,SR 260 & SR 87,Payson,AZ,930,3.709,34.2433,-111.3195
71890,Carter Flagstaff Cardlock (Bulk Plant),I-40 Exit 198,Flagstaff,AZ,930,3.689,35.1872,-111.6194
71892,Tropic Fleet Bradenton Cardlock,US 301,Bradenton,FL,225,3.499,27.4901,-82.5757
71893,Tropic Fleet Rechtien Cardlock,SR-934,Miami,FL,95,3.471,25.784,-80.2101
71894,Majors 663 Nacogdoches Truck Plaza,US-259 & US-59,Nacogdoches,TX,618,3.029,31.6134,-94.6528
71897,ONE9 XPRESS FUEL #1349,I-10 EXIT 140B,Van Horn,TX,640,3.459,31.0407,-104.8341
71898,Loves Travel Stop #867,I-55 Exit 165,Normal,IL,280,3.389,40.5217,-88.9884
71898,Loves Travel Stop #867,I-55 Exit 165,Normal,IL,280,3.489,40.5217,-88.9884
71899,LOVES TRAVEL STOP #882,US-61/SR-92,Muscatine,IA,270,3.439,41.4195,-91.068
71902,MURPHY EXPRESS #8928,FM-1472,Laredo,TX,693,2.84566666,27.5625,-99.4874
71903,ALLSUPS #2412,SR 199 W,Springtown,TX,630,2.919,32.9693,-97.6804
71904,SHEETZ #745,I-90 EXIT 212,Madison,OH,305,3.08233333,41.7722,-81.0529
71906,COMPASS TRAVEL CENTER,"I-65, EXIT 230",Demotte,IN,365,3.24233333,41.19504,-87.19864
71909,RACETRAC #2604,I-75 Exit 126,Mcdonough,GA,67,3.199,33.4397,-84.1505
71910,KWIK TRIP #793,"I-35, EXIT 59",Faribault,MN,448,3.424,44.2996,-93.2789
71911,MAVERIK COUNTRY STORE #706,SR-10,Castle Dale,UT,835,3.439,39.2218,-111.023
71912,FUEL CITY WYLIE,SR-78,Wylie,TX,630,2.96566666,33.0362,-96.5161
71913,Circle K #4702456,I-69,Martinsville,IN,375,3.599,39.4149,-86.4316
71914,HUCKS FOOD & Fuel #309,I-169 Exit 8,Hopkinsville,KY,490,3.474,36.8381,-87.4775
71916,Spinx 317,US-17 ALT,Moncks Corner,SC,42,3.31233333,33.173,-80.0107
71919,THE SPORTSMAN 2 TRAVEL PLAZA,I-35 EXIT 480,Sanger,TX,630,2.97566666,33.3715,-97.1678
71922,Plaza of The Flint Hills,I-70 Exit 32B,Alma,KS,553,3.299,39.0152,-96.2871
71923,SHEETZ #740,US-23  & SR-752,Ashville,OH,315,3.10233333,39.7238,-82.9575
71924,JIFFY,I-80 Exit 60,Shippenville,PA,240,4.13233333,41.251,-79.4626
71925,QUIKTRIP #7140,"I-24, EXIT 175 & US-41",Chattanooga,TN,285,2.91566666,35.066,-85.2481
71926,QUIKTRIP #186,SR-150,Grandview,MO,400,3.199,38.8802,-94.5227
71927,Allsups Convenience #2420,US 283,Altus,OK,770,2.979,34.6565,-99.3061
71929,STUCKEYS TRAVEL CENTER,I-10 & FM-365,Beaumont,TX,610,2.824,30.0849,-94.1451
71931,QUIKTRIP #7071,I-75 & SR-133/401,Valdosta,GA,10,3.03233333,30.8502,-83.2788
71932,MCCLURE OIL #60,US 35,Logansport,IN,370,3.799,40.7472,-86.352
71933,RHODES CONVENIENCE STORES,US-62,Sikeston,MO,275,3.35066666,36.8854,-89.5877
71934,SHEETZ #759,I-71 & SR-734,Jeffersonville,OH,315,3.06566666,39.6522,-83.555
71935,SPEEDWAY #1695,I-87 EXIT 23,Albany,NY,12,3.849,42.6664,-73.7987
71936,QUIKTRIP #7907,I-44 EXIT 1D,Wichita Falls,TX,770,2.859,33.9072,-98.5291
71937,KWIK TRIP #1173,CR-10,Waconia,MN,451,3.60733333,44.8422,-93.7896
71941,RACETRAC #2628,I-85 EXIT 62 & US-280,Opelika,AL,50,2.999,32.6612,-85.3769
71942,BYRNE DAIRY #135,I-81 & SR-481,Liverpool,NY,220,4.199,43.1065,-76.2095
71943,DK #11823,I-20 & FM-1768,Midland,TX,612,2.98233333,32.0243,-102.1147
71944,DK #13903,SR-108,Texarkana,AR,635,3.04066666,33.436,-93.9959
71945,DK #13904,I-40 EXIT 233 & SR-261,Palestine,AR,695,3.01566666,34.9696,-90.9068
71946,Allsups #102450,US-87,Eden,TX,739,3.179,31.2163,-99.844
71947,PETRO USA,I-76 EXIT 2 & SR-3,Seville,OH,305,3.079,41.0207,-81.8671
71948,19 AND 75 FILLING STATION,US-75 & SR-19,Ivanhoe,MN,432,3.394,44.4655,-96.2508
71949,24 STORE SHELBY,SR-61,Shelby,OH,249,3.499,40.8847,-82.6578
71950,77/36 DUCHESS,I-77 & US-36,Newcomerstown,OH,542,3.299,40.2762,-81.5949
71951,7-ELEVEN #39448,I-81 & SR-682,Mount Crawford,VA,185,3.31566666,38.3601,-78.9413
71953,ALEX'S TRUCK STOP,US-61,Tunica,MS,435,3.299,34.6881,-90.3809
71957,B&M Quickstop,SR-8,Mineral Point,MO,540,3.699,37.9455,-90.7246
71958,BELL STORES,I-77 & CR-80,Dover,OH,249,3.399,40.5304,-81.4806
71960,BELL STORES #1159,US-30 & CR-144,Wooster,OH,249,3.659,40.8172,-81.9336
71961,BELL STORES #54,US-250 & SR-241,Mount Eaton,OH,249,3.499,40.6948,-81.7021
71962,BELLSTORES,SR-598,Galion,OH,315,3.499,40.7385,-82.7792
71965,CIRCLE K #2709989,US-167 & CR-405,Sheridan,AR,695,3.599,34.2996,-92.4223
71966,BLACK DIAMOND TRAVEL CENTER,I-26 & SR-173,Unicoi,TN,405,3.40233333,36.2217,-82.3292
71967,BLOC STOP TRAVEL CENTER,US-19 & SR-133,ALBANY,GA,10,3.799,31.5776,-84.1762
71968,BLONDIES FOOD AND FUEL,US-90 & SR-69,Grand Ridge,FL,20,3.59066666,30.7083,-85.0207
71969,BORDERVIEW GROCERY,US-11 & CR-19,Champlain,NY,39,3.799,44.98643,-73.44653
71970,BLUE BIRD 3 EXPRESS,"US-78, EXIT 1",Olive Branch,MS,435,3.199,34.961,-89.8469
71971,BOUND BROOK BP,I-287 Exit 13B & SR-28,Bound Brook,NJ,202,3.249,40.5676,-74.5383
71972,BOWMAN,I-81 Exit 1,Williamsport,MD,22,3.83233333,39.5973,-77.818
71973,SHEETZ #703,I-40 & US-70,Garner,NC,177,2.859,35.6936,-78.6181
71975,BP,I-81 & SR-177,Christiansburg,VA,185,3.799,37.1406,-80.4036
71976,Loves Travel Stop #828,"I-295, EXIT 33",Jacksonville,FL,75,3.28233333,30.3322,-81.6749
71977,BP,SR-47,Sugar Grove,IL,296,3.599,41.7759,-88.4481
71978,BP,I-29 & US-34,Pacific Junction,IA,319,3.399,41.018,-95.7994
71979,KENT KWIK #219,SR-338,Odessa,TX,710,3.00733333,31.8801,-102.3448
71980,KENT KWIK #433,US-87,San Angelo,TX,739,3.13233333,31.4424,-100.4504
71981,SHEETZ #488,US-13 & US-264,Greenville,NC,205,2.899,35.5943,-77.376
71982,MAVERIK COUNTRY STORE #665,SR-201,Magna,UT,835,3.399,40.7634,-112.1599
71983,MAVERIK COUNTRY STORE #702,I-80 Exit 59,Sidney,NE,475,3.11233333,41.1341,-102.9681
71984,BP,I-43 & SR-11,Elkhorn,WI,420,3.149,42.6713,-88.5377
71985,Brew #12,US-20 & SR-31,Correctionville,IA,527,3.559,42.4775,-95.7831
71988,C AND W GLOBAL,SR-429 & SR-438,Winter Garden,FL,140,3.074,28.5421,-81.5967
71990,Allsups #2418,US-84,Snyder,TX,612,2.97233333,32.7133,-100.9116
71991,TA Express Fairview #943,US 36,Fairview,KS,570,3.299,39.8397,-95.7282
71992,7-ELEVEN #41263,US-13,Bridgeville,DE,243,3.399,38.7251,-75.6029
71994,7-ELEVEN #42058,SR-572,Lakeland,FL,225,3.48233333,28.0557,-81.9545
71995,Chevron,"I-40, EXIT 218 & US-285",Clines Corners,NM,593,3.41566666,35.0095,-105.66918
71996,BP,"I-43, EXIT 164 & CR-Z",Maribel,WI,360,3.249,44.2775,-87.8025
71997,7-ELEVEN #41287,SR-29,Immokalee,FL,64,3.679,26.4253,-81.4251
71999,7-ELEVEN #41813,"I-85, EXIT 60",Duncan,SC,46,3.099,34.9342,-82.1443
72000,7-ELEVEN #41309,US-41,Nokomis,FL,225,3.379,27.1241,-82.4354
72001,7-Eleven #41963,"I-65, EXIT 98",Goodlettsville,TN,460,3.049,36.333,-86.7026
72003,7-ELEVEN #42012,"I-77, EXIT 24 & US-21",Blythewood,SC,210,3.109,34.2121,-80.9921
72004,7-ELEVEN #41578,US-13,Seaford,DE,243,3.359,38.6538,-75.611
72006,CIRCLE K #4707123,SR-2,Canaan,ME,26,3.759,44.76173,-69.56144
72008,CASHS #4469,US-278 & US-63,Warren,AR,635,3.499,33.6113,-92.0678
72009,CEFCO #1059,SR-274,Kemp,TX,641,2.909,32.4351,-96.224
72011,CEFCO #107,US 190,Lampasas,TX,595,2.899,31.064,-98.1824
72012,CEFCO #108,US-77,Waco,TX,765,2.99233333,31.5599,-97.1882
72013,CEFCO #1081,US-59,Queen City,TX,723,3.024,33.1507,-94.1524
72014,CEFCO #1086,US-259,Longview,TX,766,2.959,32.5193,-94.7622
72015,CEFCO #1096,US-82,Paris,TX,723,2.96566666,33.6688,-95.546
72016,Cefco #11,US-84,Waco,TX,765,2.99566666,31.5599,-97.1882
72017,CEFCO #1102,SR-24 & SR-286,Paris,TX,723,2.96566666,33.6688,-95.546
72018,CEFCO #2071,US-377 & FM-381,Early,TX,739,2.92566666,31.7421,-98.9366
72019,CEFCO #2081,US-84,Post,TX,700,2.94233333,33.191,-101.3814
72020,CEFCO #2082,SR-206 & SR-36,Cross Plains,TX,575,3.159,32.1271,-99.1658
72021,CEFCO #30,US-77 & SR-320,Lott,TX,765,3.011,31.206,-97.0334
72022,CEFCO #65,US-84 & FM-116,Gatesville,TX,765,2.96566666,31.4445,-97.7317
72024,CENEX,US-2,Stanley,ND,452,3.58233333,48.3137,-102.3974
72025,CENEX,US-2,Devils Lake,ND,355,3.24066666,48.11278,-98.86512
72026,CENEX,"I-94, EXIT 84 & SR-8",Richardton,ND,273,3.509,46.8841,-102.3332
72028,CENEX,US-52 & SR-15,Fessenden,ND,390,3.531,47.6494,-99.6267
72029,CENEX,SR-40,Tioga,ND,452,3.57566666,48.3947,-102.9431
72030,CENEX,I-90 & SR-51,Gillette,WY,822,3.489,44.2752,-105.4982
72031,CENEX HARWOOD,"I-29/US-81, EXIT 72",Harwood,ND,341,3.359,46.9762,-96.8802
72033,CHARLIE BS,SR-246,Greenwood,SC,30,2.987,34.1947,-82.1542
72034,CHARLIES MARKET,SR-172,Salt Lake City,UT,835,3.459,40.7776,-111.9311
72038,CHEVRON,I-55 & SR-570,McComb,MS,759,3.28233333,31.2442,-90.4716
72039,CHEVRON,SR-20 & SR-65,Hosford,FL,145,3.299,30.3944,-84.8034
72041,CHEVRON,SR-20 & SR-71,Blountstown,FL,145,3.299,30.443,-85.0455
72044,Maverik Country Store #709,I-40 Exit 163,Williams,AZ,930,3.219,35.2476,-112.1834
72045,MAVERIK COUNTRY STORE #710,US-6,Helper,UT,835,3.44566666,39.6898,-110.8596
72046,CHEVRON DBA ONE9 #1429,US-30 & US-95,Fruitland,ID,785,3.349,44.0197,-116.922
72046,CHEVRON,US-30 & US-95,Fruitland,ID,785,3.39233333,44.0197,-116.922
72054,CHEVRON,US-45,Guntown,MS,742,3.299,34.4447,-88.6641
72060,CHEVRON FOOD MART #20,US-45 & SR-16,Scooba,MS,705,3.199,32.8302,-88.4771
72063,CIRCLE K #2655785,US-301,Upper Marlboro,MD,60,3.999,38.8153,-76.7514
72066,CIRCLE K #2741094,SR-46,Seguin,TX,740,2.959,29.5891,-97.9676
72067,CIRCLE K #2741822,US-90 & FM-471,Castroville,TX,740,2.91233333,29.3513,-98.8711
72071,7-Eleven #42182,Ashley Phosphate Rd & Cross Country Rd,North Charleston,SC,42,3.459,32.9067,-80.0722
72072,PARKERS #92,SR 17,Guyton,GA,195,2.999,32.341,-81.4224
72073,CIRCLE K #2723791,I-85 & SR-54,Graham,NC,65,3.609,36.0589,-79.3894
72074,CIRCLE K #2741566,US-84 & FM-2837,Woodway,TX,765,2.999,31.4988,-97.2314
72075,CITGO SAMS FOOD STORE,"US-5, Exit 87",Hartford,CT,100,3.499,41.7661,-72.6834
72077,COLDWATER TRAVEL CENTER,I-55 & SR-306,Coldwater,MS,435,3.099,34.6902,-89.9757
72078,STRIPES #42150,"I-69C, Exit 9 & US-281",Edinburg,TX,598,3.00566666,26.3196,-98.1597
72080,Corner Store,US-180/62,Seminole,TX,710,3.129,32.7207,-102.6501
72081,STRIPES #2146,US-181 & SR-361,Ingleside,TX,625,3.299,27.8703,-97.2075
72082,COUNTRYMARK,SR-124,Bluffton,IN,370,3.76566666,40.7424,-85.173
72083,DANDY DANS,US-49/SR-42,Hattiesburg,MS,620,3.06566666,31.3074,-89.317
72084,DANDY MINI MART #60,US-6 & SR-14,Troy,PA,31,3.999,41.7839,-76.7898
72086,DELT EXPRESS,SR-52,SAMSON,AL,127,3.699,31.1124,-86.0462
72087,DELTA,US-9,Jersey City,NJ,115,3.239,40.7184,-74.0686
72089,CASEYS #4567,SR-55,Columbia,KY,410,3.159,37.1036,-85.3073
72090,DOMINO #128,US-81 & SR-66,El Reno,OK,483,3.199,35.5429,-97.966
72091,DUCK THRU FOOD STORE #54,US-64,Columbia,NC,470,3.523,35.92,-76.2421
72092,DUCK THRU FOOD STORE #57,SR-42/SR-43,Pinetops,NC,205,3.574,35.7912,-77.6378
72096,EXPRESS #29,SR-29,East Dublin,GA,85,3.63233333,32.5468,-82.8675
72097,EXPRESSWAY SERVICE STATION,US-287 & SR-25,Electra,TX,770,2.999,34.0325,-98.92
72100,Exxon,"I-22/US-78, Exit 10 &  SR-178",Byhalia,MS,435,3.199,34.869,-89.689
72101,EXXON,US-24,Redford,MI,325,3.699,42.38337,-83.2966
72104,LOVES TRAVEL STOP #170,I-44 EXIT 166 & SR-18,CHANDLER,OK,483,3.08733333,35.7224,-96.8925
72105,LOVES TRAVEL STOP #171,SR-375 & SR-31,McAlester,OK,560,3.43733333,34.9257,-95.7734
72106,Loves Country Store #118,US-77 & SR-29,Wynnewood,OK,569,2.989,34.6437,-97.1622
72108,FARMERS UNION OIL OF CARPIO,US-52 & SR-28,Carpio,ND,452,3.384,48.4434,-101.7163
72110,FAST STOP,US-84 & CR-1800,Lubbock,TX,700,2.999,33.5657,-101.8879
72111,FAST STOP,"I-40, Exit 81 & FM-1912",Amarillo,TX,585,2.944,35.1984,-101.8316
72112,Flyers #3219,US-60,Claypool,AZ,930,3.849,33.4061,-110.8422
72113,Food N Fuel,US-6 & CR-4,New Lenox,IL,296,3.399,41.5095,-87.9703
72113,Food N Fuel,US-6 & CR-4,New Lenox,IL,296,3.499,41.5095,-87.9703
72114,Gas  House,"I-77, Exit 49B",Statesville,NC,46,3.424,35.7842,-80.8713
72115,FRIENDSHIP FOOD & FUEL,SR-15 & CR-244,Ecru,MS,576,3.799,34.355,-89.0222
72116,FRIENDSHIP FOOD MART #90,I-90 & SR-57,Elyria,OH,305,3.779,41.376,-82.106
72118,GAS N WASH,I-355 & SR-7,HOMER GLEN,IL,296,3.599,41.6043,-87.9497
72118,GAS N WASH,I-355 & SR-7,HOMER GLEN,IL,296,3.599,41.6043,-87.9497
72118,GAS N WASH,I-355 & SR-7,HOMER GLEN,IL,296,3.599,41.6043,-87.9497
72118,GAS N WASH,I-355 & SR-7,HOMER GLEN,IL,296,3.599,41.6043,-87.9497
72118,GAS N WASH,I-355 & SR-7,HOMER GLEN,IL,296,3.599,41.6043,-87.9497
72118,GAS N WASH,I-355 & SR-7,HOMER GLEN,IL,296,3.599,41.6043,-87.9497
72119,Gas N Wash Cicero,SR-50,Berwyn,IL,291,3.599,41.8433,-87.7909
72119,Gas N Wash Cicero,SR-50,Berwyn,IL,291,3.569,41.8433,-87.7909
72120,GAS PRO TRAVEL CENTER,US-301/25,Statesboro,GA,195,3.129,32.4375,-81.7751
72122,KWIK TRIP #1115,US-63 & US-8,Turtle Lake,WI,295,3.65566666,45.3933,-92.1452
72124,GET GO #3016,I-376 & SR-18,Monaca,PA,96,5.499,40.6833,-80.2736
72125,GETGO #7520,I-65 & US-31,Edinburgh,IN,375,3.359,39.3509,-85.9625
72126,GETGO #7526,I-69 & SR-332,Yorktown,IN,457,3.343,40.183,-85.5123
72128,GETGO #7545,I-65 & SR-400,Whitestown,IN,375,3.30233333,39.9706,-86.3612
72130,GILBERTS SHELL,SR-72 & CR-59,Gilberts,IL,290,3.279,42.1097,-88.3715
72132,GO TIME 4,I-64 Exit 94 & SR-1958,Winchester,KY,410,2.90733333,38.0018,-84.1908
72134,Gulf,US-422 & SR-528/168,Parkman,OH,573,3.649,41.3722,-81.059
72136,HANA TRAVEL CENTER,"I-30, EXIT 153 & SR-185",Winfield,TX,723,3.079,33.1656,-95.1104
72139,HOLMES EXPRESS,US-78 & SR-175,Memphis,TN,435,3.399,35.1087,-89.9663
72142,CASEYS #3990,"I-90E, exit 96 and SR-17",Elkhart,IN,465,3.629,41.6916,-85.9627
72143,Caseys #4023,US 36 & US 183,Phillipsburg,KS,357,3.29233333,39.7512,-99.321
72144,HUCKS FOOD & FUEL #397,US-68 & SR-432,Bowling Green,KY,487,3.499,36.9716,-86.4378
72145,JP ZEBULON,US-19,Zebulon,GA,67,3.135,33.093,-84.3427
72146,HUTTER'S,SR-72,Jonestown,PA,70,3.719,40.413,-76.4806
72148,IRON HORSE TRAVEL CENTER,I-20 EXIT 270 & FM-1235,Merkel,TX,575,2.87566666,32.4698,-100.0111
72149,IVOR MART,US-460,Hopewell,VA,180,3.699,37.2915,-77.2985
72150,J AND R MARKET,SR-105 & SR-326,Sour Lake,TX,610,3.159,30.1378,-94.4046
72153,Jet Food Store,SR-15 & SR-46,Soperton,GA,85,3.41566666,32.3782,-82.5945
72154,JET FOOD STORE #93,US-280 & SR-135,Vidalia,GA,195,3.43233333,32.2125,-82.4019
72155,JIFFY TRIP #142,US-77,Newkirk,OK,500,3.059,36.8817,-97.0553
72156,JORDANS KWIK STOP #5,US-412,Portia,AR,418,3.37566666,36.0848,-91.0711
72157,JORDANS KWIK STOP #52,US-67 & SR-304,Pocahontas,AR,418,3.31233333,36.2635,-90.9706
72160,KENJO MARKET #52,US-321,Maryville,TN,405,3.249,35.7468,-83.9789
72162,Krazy K's,US-45,Buckatunna,MS,620,3.149,31.5424,-88.5292
72163,KWIK FILL,US-206,Hillsborough,NJ,115,3.399,40.5069,-74.6523
72170,STRIPES # 41977,"I-2, EXIT 168",La Feria,TX,639,3.219,26.1544,-97.8255
72171,LAWTEY SHELL SERVICE,US-301,Lawtey,FL,75,3.599,30.0484,-82.0725
72175,ALLSUPS #2410,"I-35/US-77, EXIT 368 & SR-22",Whitney,TX,765,2.96566666,31.952,-97.3192
72180,LITTLEFIELD EXPRESS #4,I-40 Exit 321,Muldrow,OK,645,3.419,35.404,-94.5976
72181,LITTLEFIELD EXPRESS #7,US-167,Cave City,AR,418,3.349,35.9481,-91.5468
72182,LULING MINI MART,I-10 Exit 628 & SR-80,Luling,TX,595,2.96566666,29.6814,-97.6468
72184,MACS 33,US-49,Florence,MS,620,2.899,32.1557,-90.1225
72185,Circle K #2709332,US-231/SR-53,Montgomery,AL,720,3.259,32.3482,-86.2668
72188,MARATHON,US-61 & SR-637,Reserve,LA,623,3.749,30.0741,-90.5557
72189,MARATHON,I-75 & CR-20,Middletown,OH,317,3.21566666,39.5033,-84.3659
72190,Minuteman Food Mart #37,US-74,Leland,NC,245,3.389,34.2042,-78.0279
72191,MARATHON RIVERSIDE GAS,I-80 & CR-6,Elkhart,IN,465,3.499,41.6916,-85.9627
72192,MASSEY FUEL,"I-95, EXIT 30",Bridgeport,CT,100,3.399,41.1918,-73.1954
72193,MERRIMAN COUNTRY STORE,SR-1 & CR-3700,Allen,OK,569,3.099,34.8776,-96.4129
72194,Mobil,I-57,Riverdale,IL,365,3.699,41.6441,-87.6366
72195,MOBIL,US-46,Columbia,NJ,90,3.079,40.926,-75.0945
72196,MORGAN OIL,US-224 & CR-231,Lowellville,OH,573,3.399,41.039,-80.5463
72197,MOTOMART #3369,SR-370 E,Saint Charles,MO,540,3.04233333,38.7954,-90.5157
72199,MPC #99A,I-270 Exit 22B,Hazelwood,MO,540,3.059,38.7931,-90.3899
72199,ZX,I-270 Exit 22B,Hazelwood,MO,540,3.059,38.7931,-90.3899
72200,Swift Mart,I-55/SR-7 & US-51,Grenada,MS,655,3.36566666,33.7816,-89.813
72201,MUDD CREEK COUNTRY STORE,US-79,Franklin,TX,670,3.194,31.025,-96.4876
72202,MUSTANG MARKET,I-80 Exit 73,Sparks,NV,966,4.199,39.5736,-119.7161
72205,NIC'S,SR-97,Bainbridge,GA,20,3.379,30.9052,-84.5732
72206,NORTHLAKE BP,I-294 & US-45,Melrose Park,IL,290,3.699,41.903,-87.8636
72206,NORTHLAKE BP,I-294 & US-45,Melrose Park,IL,290,3.599,41.903,-87.8636
72207,NZT,I-294,Alsip,IL,365,3.389,41.6701,-87.7368
72207,NZT,I-294,Alsip,IL,365,3.589,41.6701,-87.7368
72210,CITGO,US-70,Princeton,NC,205,3.699,35.4671,-78.1613
72212,PARKERS #72,US-52 & SR- 402,Moncks Corner,SC,42,3.25566666,33.173,-80.0107
72215,PIT STOP #1,SR-31 & SR-34,Weedsport,NY,220,3.899,43.0482,-76.5637
72216,Pit Stop #14,US-20/US-16,Worland,WY,836,3.829,44.0025,-107.9544
72217,PIEDMONT PETROLEUM,US-501,Lynchburg,VA,185,3.459,37.4003,-79.1909
72219,QUICK FILL,US-78/SR-4,Eastaboga,AL,587,3.099,33.60594,-86.02136
72222,RAINY LAKE OIL,CR-332 & CR-24,International Falls,MN,334,3.379,48.5884,-93.4084
72224,RAYMOND TRUCK STOP,US-1/US-9,Newark,NJ,115,3.259,40.7245,-74.1725
72225,SHEETZ #144,US-220 & SR-55,Moorefield,WV,60,3.289,39.0675,-78.9623
72226,REBEL GAS MART,SR-7,Oxford,MS,435,3.049,34.3627,-89.5336
72227,RED BANKS VALERO,I-22 & SR-178,Red Banks,MS,435,2.999,34.8347,-89.5634
72228,REFUEL #1043,US-15,Sumter,SC,42,3.09566666,33.9392,-80.393
72229,REFUEL #1047,US-521,Sumter,SC,42,3.00566666,33.9392,-80.393
72230,REFUEL #1116,US-64,Apex,NC,177,3.799,35.7237,-78.8743
72231,RENO JUNCTION TRAVEL PLAZA,SR-59 & SR-387,Wright,WY,822,3.509,43.7492,-105.4948
72232,RICKY ROCKETS FUEL,I-294 & US-12,HICKORY HILLS,IL,291,3.999,41.7248,-87.828
72232,RICKY ROCKETS FUEL,I-294 & US-12,HICKORY HILLS,IL,291,3.899,41.7248,-87.828
72233,ROAD RANGER #284,I-27 & FM-1729,New Deal,TX,700,2.98566666,33.7322,-101.8435
72235,ROC ONE STOP #1,SR-34,Galatia,IL,473,3.559,37.8414,-88.6148
72236,ROYAL FARMS #108,US-13,Cape Charles,VA,130,3.47233333,37.257,-76.0093
72237,ROYAL FARMS #135,SR-404 & SR-16,Denton,MD,194,3.339,38.877,-75.8264
72238,ROYAL FARMS #169,I-895 & US-40,Baltimore,MD,22,3.259,39.3051,-76.6144
72239,ROYAL FARMS #171,US-13 & SR-24,Laurel,DE,194,3.259,38.5691,-75.5689
72240,ROYAL FARMS #191,I-83 Exit 20A,Hunt Valley,MD,22,4.199,39.49983,-76.64108
72241,ROYAL FARMS #242,I-95 Exit 27,Philadelphia,PA,160,3.799,40.0077,-75.1339
72242,ROYAL FARMS #311,SR-7 & SR-43,Nottingham,MD,22,3.269,39.19927,-76.63719
72243,Racetrac #2611,"I-65, EXIT 116",Shepherdsville,KY,415,2.959,37.9813,-85.7007
72247,SEVEN MART,I-20 & SR-17,Delhi,LA,719,3.199,32.4529,-91.49
72248,SHELBY EXPRESS,SR-175,Memphis,TN,435,3.699,35.1087,-89.9663
72250,RACEWAY #6854,US-278 & SR-113,Rockmart,GA,18,3.17233333,34.0103,-85.044
72251,SHELL,I-94 & US-12,Detroit,MI,325,3.699,42.3834,-83.1024
72251,SHELL,I-94 & US-12,Detroit,MI,325,3.899,42.3834,-83.1024
72256,SHELL,US-1,Warren,ME,203,3.999,44.12036,-69.24005
72257,DUCK THRU #55,US-13BYP & SR-308,Windsor,NC,205,3.239,35.9928,-76.9401
72259,SHELL,SR-72 & SR-25,Dundee,IL,293,3.279,42.1,-88.29
72260,Duck Thru #58,US-13 & CR-677,Suffolk,VA,130,3.449,36.6953,-76.6398
72261,SHELL,US-45 & CR-520,Shannon,MS,742,3.199,34.1144,-88.6932
72262,7-ELEVEN #38855,"I-95, exit 58",Colonial Heights,VA,180,3.509,37.265,-77.3969
72263,SPARTAN FUELS,US-80 & SR-22,Columbus,GA,50,3.309,32.51,-84.8771
72264,CIRCLE K #2654249,SR 24 & SR 286,Paris,TX,723,2.959,33.6688,-95.546
72266,SHELL SERVICE STATION,I-65 Exit 14 & US-64,Pulaski,TN,655,3.209,35.1933,-87.035
72267,SHELL SERVICE STATION,I-90 Exit 52,Elgin,IL,290,3.279,42.0383,-88.324
72268,SHORT STOP,US-67/283,Santa Anna,TX,575,3.499,31.7369,-99.3254
72273,SPINX #341,SR-41,Charleston,SC,42,3.33233333,32.8168,-79.9687
72274,SPINX #366,SR-642,Summerville,SC,42,3.279,33.0016,-80.1799
72276,STAR 001,US-20 & SR-23,SOUTH BEND,IN,465,3.73233333,41.6767,-86.2696
72277,STOP N GAS,SR-15 & SR-39,Yorkshire,NY,38,4.099,42.53006,-78.4728
72278,SUN DO,I-74 Exit 197,Maxton,NC,63,3.439,34.7365,-79.3527
72279,AMOCO,US-30,Clarence,IA,380,3.399,41.8858,-91.0581
72281,SUNOCO,I-95 Exit 77B & SR-24,Edgewood,MD,22,3.299,39.419,-76.2964
72282,SUNOCO,I-278 Exit 48,Bronx,NY,105,4.539,40.8501,-73.8662
72285,CUSSETA TRAVEL CENTER,SR 520,Cusseta,GA,50,3.199,32.347,-84.787
72287,CASEY'S #4522,US-81,Hennessey,OK,483,3.059,36.1056,-97.8989
72288,S&G #88,I-475 Exit 13 & US-20,Toledo,OH,550,3.009,41.6638,-83.5827
72289,SUNOCO,SR-12 & FM-1136,Orange,TX,610,2.899,30.1226,-93.7607
72290,SUNSTOP,US-19,Thomasville,GA,20,3.28233333,30.8394,-83.9782
72291,Union 76,US-129,Mc Alpin,FL,75,3.659,30.07,-82.97
72292,SUNSTOP #336,SR-121 & CR-18,Lake Butler,FL,75,3.59233333,28.4862,-81.546
72293,SUNSTOP INLAND DBA ONE9 #1402,I-10 & SR-71,Marianna,FL,20,3.299,30.7943,-85.2259
72293,ONE9 #1402,I-10 & SR-71,Marianna,FL,20,3.299,30.7943,-85.2259
72294,SWANTON SUNOCO,I-89 & SR-78,Swanton,VT,39,3.539,44.9181,-73.1243
72295,SWIFT,US-69,Nederland,TX,610,2.98566666,29.9707,-94.0015
72296,SWIFT STOP #5,US-84 & US-380,Post,TX,700,2.943,33.191,-101.3814
72297,T & M FOOD STORE,SR-113,Taylorsville,GA,193,3.367,34.086,-84.9875
72298,TARZAN AND JANE,I-20 & SR-137,Stanton,TX,612,3.299,32.1317,-101.7927
72302,TEXACO,SR-114 & SR-156,Pennington,AL,705,3.19733333,32.201,-88.0378
72303,TEXACO #378602,I-59 Exit 85 & SR-590,Ellisville,MS,620,3.199,31.5969,-89.2091
72305,THE ANCHOR,US-60 & CR-3500,Mountain View,MO,535,3.03233333,36.9936,-91.7019
72308,Racetrac #2609,SR-60,Okeechobee,FL,140,3.299,27.2413,-80.8298
72309,Racetrac #2608,"I-59, EXIT 181 & SR-77",Gadsden,AL,587,2.999,34.0086,-86.0157
72310,RACETRAC #2387,US-19,Hudson,FL,225,3.31566666,28.3595,-82.6894
72313,THOMPSON'S CORNER,US-25,Millen,GA,135,3.31566666,32.8071,-81.9423
72314,THORNTONS #0333,SR-59 & SR-56,Warrenville,IL,346,3.549,41.8209,-88.1857
72314,THORNTONS #0333,SR-59 & SR-56,Warrenville,IL,346,3.599,41.8209,-88.1857
72315,THORNTONS #221343,US-14 & SR-31,Crystal Lake,IL,293,3.499,42.2333,-88.3351
72315,THORNTONS #221343,US-14 & SR-31,Crystal Lake,IL,293,3.449,42.2333,-88.3351
72316,THORNTONS #221344,SR-120,Mchenry,IL,297,3.699,42.3387,-88.2932
72316,THORNTONS #221344,SR-120,Mchenry,IL,297,3.649,42.3387,-88.2932
72317,THORNTONS #261169,SR-1747 & SR-2052,Louisville,KY,415,3.28066666,38.1663,-85.6485
72318,THORNTONS #330,I-55 & SR-50,Cicero,IL,290,3.549,41.8445,-87.7593
72318,THORNTONS #330,I-55 & SR-50,Cicero,IL,290,3.599,41.8445,-87.7593
72319,THORNTONS #5,I-55 & SR-50,Cicero,IL,290,3.599,41.8445,-87.7593
72319,THORNTONS #5,I-55 & SR-50,Cicero,IL,290,3.649,41.8445,-87.7593
72320,THORNTONS #616,SR-265,Lebanon,TN,460,2.87566666,36.204,-86.3481
72321,Thorntons #617,I-24 Exit 64,La Vergne,TN,460,2.88233333,36.02,-86.5586
72324,TREE CITY TRAVEL PLAZA,US-421,Greensburg,IN,375,3.989,39.3518,-85.5028
72325,TREX MART #17,I-29 & SR-371,Platte City,MO,400,2.999,39.3574,-94.7651
72326,CIRCLE K #4700101,I-65 Exit 50,Seymour,IN,375,3.499,38.9476,-85.8911
72328,Tropic Fleet Hialeah Cardlock,SR-953 & SR-934,Miami,FL,95,3.479,25.784,-80.2101
72329,TROTTERS,SR-2,Broken Bow,NE,475,3.299,41.4051,-99.6408
72330,TRUE NORTH #325,SR-57 & SR-113,Elyria,OH,414,3.679,41.376,-82.106
72331,TUPELO TRAVEL STOP,SR-48 & SR-3,Tupelo,OK,569,2.999,34.6027,-96.4208
72332,TXB #82 DBA KWIK CHEK FOOD STORES,US-83,Asherton,TX,693,3.259,28.4461,-99.7604
72333,UNITED MARKET,US-84,Blackshear,GA,75,3.76566666,31.2954,-82.2453
72335,VALERO,US-30 & SR-598,Galion,OH,411,3.499,40.7385,-82.7792
72337,VALLEY COUNTRY STORE,I-84 & US-93,Jerome,ID,787,3.43233333,42.7179,-114.5159
72338,VALLEY MART #05,US-90 & SR-173,Hondo,TX,740,3.199,29.3531,-99.1616
72339,VP RACING FUEL,US-231,Panama City,FL,145,3.499,30.1995,-85.6003
72340,WARREN OIL,US-6,Channahon,IL,399,3.779,41.421,-88.2599
72340,WARREN OIL,US-6,Channahon,IL,399,3.629,41.421,-88.2599
72342,WHITE RIVER,US-231 & SR-58,Bloomfield,IN,546,3.759,39.0261,-86.9374
72343,WOLF DEN,US-97,Wapato,WA,925,3.409,46.4437,-120.4215
72344,WOW FOOD MART,I-75 & US-25,Richmond,KY,410,3.609,37.7307,-84.2925
72345,YAKAMART,US-97,Toppenish,WA,925,3.509,46.3806,-120.3122
72346,Y-NOT STOP,US-165 & SR-10,Oakdale,LA,730,3.699,30.8158,-92.6542
72347,MARATHON,I-94 Exit 121,Albion,MI,431,3.699,42.2478,-84.7572
72348,7-ELEVEN #34718,"I-294, EXIT 25",Hinsdale,IL,290,3.719,41.8007,-87.9273
72348,7-ELEVEN #34718,"I-294, EXIT 25",Hinsdale,IL,290,3.739,41.8007,-87.9273
72348,7-ELEVEN #34718,"I-294, EXIT 25",Hinsdale,IL,290,3.839,41.8007,-87.9273
72349,7-ELEVEN #34713,"I-90, EXIT 24",Belvidere,IL,290,3.739,42.2543,-88.8649
72349,7-ELEVEN #34713,"I-90, EXIT 24",Belvidere,IL,290,3.659,42.2543,-88.8649
72349,7-ELEVEN #34713,"I-90, EXIT 24",Belvidere,IL,290,3.879,42.2543,-88.8649
72350,7-ELEVEN #34709,504 N CREGO RD,Dekalb,IL,290,4.439,41.9314,-88.7481
72351,LOVES TRAVEL STOP #874,"I-65, EXIT 175 & SR-25",Lafayette,IN,365,3.67233333,40.3991,-86.8593
72352,LOVES TRAVEL STOP #858,"I-49, EXIT 172 & US-84",Mansfield,LA,745,3.24566666,32.0355,-93.7004
72360,PUMP & PANTRY #22,SR-91 & SR-11,Burwell,NE,330,3.299,41.7801,-99.1342
72361,PUMP & PANTRY #39,I-80 Exit 179 & SR-56G,North Platte,NE,330,3.11566666,41.1263,-100.7641
72362,PUMP & PANTRY #18,US-281 & CR-11,Doniphan,NE,330,3.30733333,40.7742,-98.3708
72363,PUMP & PANTRY #1,US-30,Grand Island,NE,330,3.30733333,40.9218,-98.3586
72368,CHEVRON #352416,I-8 Exit 73,Jacumba,CA,900,6.399,32.6278,-116.1826
72372,Eastland Truck Stop,I-20 Exit 340 & SR-6,Eastland,TX,575,2.93233333,32.4024,-98.8176
72373,Rusty Lantern,SR-4,Turner,ME,170,3.899,44.2581,-70.258
72374,Rusty Lantern,SR-26 & SR-219,West Paris,ME,170,3.96566666,44.32423,-70.57395
72376,SUNOCO,US 84 & SR 39,Donalsonville,GA,20,3.499,31.0404,-84.8792
72378,EB SUNOCO,SR-3 & SR-28,Muncie,IN,457,3.799,40.1989,-85.395
72380,EXXPRESS MART #12,US-287 & SR-421,Lumberton,TX,610,2.959,30.2562,-94.207
72382,EXXPRESS MART #4,SR-105,Beaumont,TX,610,3.199,30.0849,-94.1451
72385,GAS N WASH,I-57 & SR-17,Kankakee,IL,399,3.599,41.102,-87.8643
72387,Williams Fuel Stop,SR-7 & SR-735,Gallipolis,OH,255,3.54066666,38.8186,-82.1934
72389,PILOT #1354,US 385,Odessa,TX,710,3.56566666,31.8801,-102.3448
72390,QUIKTRIP #46,US 169 & SR 266,Tulsa,OK,560,3.14233333,36.1283,-95.9042
72391,QUIKTRIP #56,US-169 & SR-11,Tulsa,OK,560,3.14233333,36.1283,-95.9042
72394,LOVES TRAVEL STOP #871,"I-85, Exit 32",Piedmont,SC,30,3.19733333,34.7074,-82.4651
72395,ALLSUPS #2427,US 84,Gatesville,TX,765,3.00733333,31.4445,-97.7317
72396,RACETRAC #2624,US-1,Marathon,FL,95,3.23566666,24.7263,-81.0374
72400,HAN DEE HUGOS #21,US-17 & SR-87,Winnabow,NC,245,3.41233333,34.14934,-78.0936
72402,HAN DEE HUGOS #5,SR-410 & SR-211,Bladenboro,NC,63,3.20566666,34.5407,-78.795
72403,HAN DEE HUGOS #67,US-70,Raleigh,NC,177,3.999,35.8324,-78.6429
72408,JOURNEY FOOD STORE #2,US-301,Callahan,FL,75,3.399,30.5655,-81.8319
72410,KELLEYS MARKET,I-90 Exit 15 & US-20 BUS,Rockford,IL,520,3.119,42.2596,-89.064
72410,KELLEYS MARKET,I-90 Exit 15 & US-20 BUS,Rockford,IL,520,2.969,42.2596,-89.064
72412,KELLEYS MARKET,US-20,Cherry Valley,IL,520,3.699,42.2223,-88.9715
72413,TROPIC OIL COMPANY,SR-17,Lake Wales,FL,140,3.499,27.9195,-81.5961
72418,SHELL,SR-953,Miami,FL,95,3.479,25.784,-80.2101
72419,Denver 39th Ave Cardlock,I-70/US-36 EXIT-281,Denver,CO,800,3.49066666,39.762,-104.8758
72420,MAVERIK COUNTRY STORE #620,SR-8,Saint George,UT,791,3.46233333,37.0758,-113.5752
72424,MIDDLESEX FOOD STORE,CR-604,Carteret,NJ,79,3.51566666,40.5849,-74.2284
72425,MINUTEMAN FOOD MART #18,SR-87,Tar Heel,NC,63,4.619,34.734,-78.791
72428,QUIKTRIP #7249,US 80 E,Flowood,MS,705,2.91566666,32.3359,-90.0802
72429,PARKERS #16 (DISCOUNT AVAILABLE),SR-21,Port Wentworth,GA,195,3.10566666,32.1951,-81.1991
72430,PATRIOT FUELING CENTER,SR-9,Lineville,AL,587,3.299,33.3129,-85.7508
72432,Yesway #1203,SR-6,Clifton,TX,765,2.969,31.7822,-97.5824
72433,RENFROE STORE,SR-25,Carthage,MS,705,4.099,32.7431,-89.5337
72435,Cedar City Cardlock (Bulk Plant),"I-15, EXIT 59",Cedar City,UT,791,3.459,37.6834,-113.0956
72436,Ricky Rockets,SR-390 &SR-53,Itasca,IL,297,3.559,41.9772,-88.0183
72436,Ricky Rockets,SR-390 &SR-53,Itasca,IL,297,3.399,41.9772,-88.0183
72436,Ricky Rockets,SR-390 &SR-53,Itasca,IL,297,3.499,41.9772,-88.0183
72436,Ricky Rockets,SR-390 &SR-53,Itasca,IL,297,3.579,41.9772,-88.0183
72437,Tropic Oil,US-191,Moab,UT,810,4.169,38.5701,-109.5478
72438,QUIKTRIP #7208,I-290 EXIT 18A,Bellwood,IL,290,3.079,41.8829,-87.8762
72438,QUIKTRIP #7208,I-290 EXIT 18A,Bellwood,IL,290,3.249,41.8829,-87.8762
72438,QUIKTRIP #7208,I-290 EXIT 18A,Bellwood,IL,290,3.199,41.8829,-87.8762
72438,QUIKTRIP #7208,I-290 EXIT 18A,Bellwood,IL,290,3.279,41.8829,-87.8762
72438,QUIKTRIP #7208,I-290 EXIT 18A,Bellwood,IL,290,3.099,41.8829,-87.8762
72440,Rutters #84,US-15 & SR-340,Emmitsburg,MD,22,3.91566666,39.7051,-77.3217
72441,SHEETZ #165,US-6,Coudersport,PA,240,3.699,41.7758,-78.016
72442,SHEETZ #239,I-70 Exit 57,New Stanton,PA,68,3.28566666,40.2237,-79.6086
72443,SHEETZ #553,I-81 Exit 3,Greencastle,PA,70,3.33233333,39.7907,-77.7267
72444,SHEETZ #597,I-40 Exit 126,Hickory,NC,46,2.859,35.741,-81.3223
72445,SHEETZ #639,I-80 Exit 223,Youngstown,OH,573,3.059,41.0993,-80.6463
72446,SHEETZ #656,US-219 & US-6,Kane,PA,240,3.699,41.6631,-78.8094
72447,SHEETZ #689,I-64 EXIT 197A  & SR-156,Henrico,VA,180,2.949,36.59264,-78.61611
72448,SHELL SERVICE STATION,SR-55,Morrison,TN,285,3.499,35.6048,-85.9117
72456,SPINX #161,I-85 Exit 60 & SR-101,Greer,SC,210,3.159,34.933,-82.2313
72458,7-ELEVEN #41335,SR-80 & SR-29,Labelle,FL,225,3.599,26.7219,-81.4506
72459,7-ELEVEN #34154,I-75 Exit 128,Fort Myers,FL,225,3.299,26.6194,-81.8302
72462,Story Belgrade Cardlock,"I-90, EXIT 298",Belgrade,MT,786,3.699,45.7789,-111.1736
72466,Holbrook Cardlock,I-40 EXIT 285,Holbrook,AZ,930,3.23233333,34.9044,-110.1672
72467,SUNOCO SERVICE STATION,I-81 Exit 44 & SR-465,Carlisle,PA,70,3.889,40.2,-77.2034
72468,Springerville Cardlock,US-191,Springerville,AZ,930,3.259,34.156,-109.2988
72471,THORNTONS #221335,I-55 Exit 263,Bolingbrook,IL,296,3.699,41.6901,-88.1021
72471,THORNTONS #221335,I-55 Exit 263,Bolingbrook,IL,296,3.649,41.6901,-88.1021
72473,Loves Travel Stop #885,US 77,Harlingen,TX,665,3.649,26.1916,-97.6977
72475,Express 24,SR-77 & US-60,Show Low,AZ,930,3.299,34.2671,-110.0384
72476,Mandan Cardlock (Bulk Plant),"I-94, EXIT 153",Mandan,ND,273,3.599,46.829,-100.887
72477,Racetrac #2618,US-231 & CR-8,Huntsville,AL,615,2.95066666,34.6981,-86.6412
72478,Racetrac #2621,SR-53,Huntsville,AL,615,3.099,34.6981,-86.6412
72479,CEFCO #2086,US 180 & 84,Snyder,TX,700,2.96566666,32.7133,-100.9116
72480,TA Mt Vernon,I-44,Mount Vernon,MO,535,3.404,37.105,-93.819
72481,CASEYS #4323,SR-57 & SR-60,Wanamingo,MN,451,3.499,44.3026,-92.7872
72482,RUTTERS FARM STORE #80,SR 61,Orwigsburg,PA,208,3.859,40.6541,-76.104
72483,Circle K #4700047,I-65 Exit 34A,Austin,IN,415,3.799,38.7417,-85.8117
72485,ALLSUPS CONVENIENCE STORE #2160,US 70,Roswell,NM,593,3.25566666,33.373,-104.5294
72486,QUIKTRIP #4216,"I-70 & SR-79, EXIT 304",Bennett,CO,800,3.199,39.7366,-104.4286
72487,PILOT #1380,I-2 EXIT 161,Mercedes,TX,639,3.659,26.1533,-97.9128
72488,MAVERIK COUNTRY STORE #657,I-15 Exit 10,Washington,UT,910,3.42566666,37.1303,-113.4878
72489,CASEYS #3987,LINCOLN HWY,Wanatah,IN,465,3.71566666,41.4305,-86.8926
72490,ASAP GENERAL STORE #322,US-281,Hinton,OK,483,3.13233333,35.4895,-98.3575
72492,CIRCLE K #2709098,US 85,Greeley,CO,800,3.21066666,40.4152,-104.7706
72493,Chiricahua Apache Plaza,I-10 EXIT 102,Deming,NM,640,3.03733333,32.2631,-107.7525
72494,7-ELEVEN #42132,"I-35, EXIT 131",Lytle,TX,740,3.599,29.2342,-98.795
72495,ROAD RANGER #286,1-40 EXIT 77,Amarillo,TX,585,2.97233333,35.1984,-101.8316
72496,ROAD RANGER #289,I-45 EXIT 189,Teague,TX,765,3.39566666,31.6296,-96.2802
72497,ROAD RANGER #290,"I-44, Exit 13",Joplin,MO,277,3.21233333,37.0757,-94.5018
72498,SHEETZ  #760,"I-71, EXIT 140 Township Rd 256",Marengo,OH,315,3.06566666,40.4008,-82.811
72499,Bowie Travel Center,I-10,Bowie,AZ,980,3.099,32.3247,-109.4843
72499,One9 dba Bowie Travel Center,I-10,Bowie,AZ,980,3.059,32.3247,-109.4843
72499,Bowie Travel Center Chevron dba One9 #1411,I-10,Bowie,AZ,980,3.014,32.3247,-109.4843
72500,GAS N WASH,US 34,Plano,IL,290,3.499,41.6757,-88.5293
72500,GAS N WASH,US 34,Plano,IL,290,3.599,41.6757,-88.5293
72501,QUIKTRIP #7203,"I-80, EXIT 75 &SR-251",Peru,IL,520,2.969,41.3482,-89.1371
72501,QUIKTRIP #7203,"I-80, EXIT 75 &SR-251",Peru,IL,520,3.249,41.3482,-89.1371
72501,QUIKTRIP #7203,"I-80, EXIT 75 &SR-251",Peru,IL,520,2.999,41.3482,-89.1371
72501,QUIKTRIP #7203,"I-80, EXIT 75 &SR-251",Peru,IL,520,3.099,41.3482,-89.1371
72501,QUIKTRIP #7203,"I-80, EXIT 75 &SR-251",Peru,IL,520,3.159,41.3482,-89.1371
72502,QUIKTRIP #7133,"I-95, EXIT 190 & SR-34",Dillon,SC,63,3.08233333,34.4233,-79.3689
72503,QUIKTRIP #7151,I-55/40 EXIT 278 & SR-191,West Memphis,AR,435,2.999,35.153,-90.1996
72505,CASEYS #4379,I-59 HWY,Worthington,MN,530,3.14233333,43.6281,-95.599
72506,CASEYS #4273,SR-56,Madison,IN,375,3.699,38.7581,-85.3973
72507,Golden Gate Fillmore,SR 99,Fillmore,UT,791,3.29733333,38.9642,-112.3386
72510,STUCK FLEET FUELING,US-19,Waynesburg,PA,165,4.499,39.8983,-80.1855
72514,Petro-Card 24 #910722,SR-6,Trenton,MO,276,3.149,40.0818,-93.603
72515,PETRO-CARD 24 #910520,US-54BUS,Mexico,MO,310,3.229,39.1625,-91.8712
72519,CIRCLE K #2723050,SR-59,Hope Mills,NC,205,2.909,34.971,-78.9597
72520,PETRO-CARD 24 #910160,US-50,Warrensburg,MO,400,3.299,38.7627,-93.726
72521,PETRO-CARD 24 #910410,I-44/US-66,Lebanon,MO,535,3.099,37.6717,-92.6603
72522,MFA #910591,US-63,La Plata,MO,494,3.339,40.0242,-92.4914
72523,Petro-Card 24 #910820,US-60BUS,Willow Springs,MO,535,3.399,36.9877,-91.962
72524,QuickChek #189,US-46,Ridgefield,NJ,115,3.25233333,40.8313,-74.0147
72526,PETRO-CARD 24 #911251,US-169,King City,MO,567,3.299,40.0505,-94.5252
72528,MFA #910260,SR-87/240,Glasgow,MO,310,3.3965,39.2278,-92.8393
72529,PETRO-CARD 24 #910530,US-24,Moberly,MO,310,3.419,39.4179,-92.4364
72530,PETRO-CARD 24 #910140,US-50 BUS,California,MO,392,3.459,38.6303,-92.567
72531,PETRO-CARD 24 #910040,US-60 BUS,Aurora,MO,416,3.209,36.9673,-93.7184
72533,Fuel 4,US-9,Jersey City,NJ,115,3.239,40.7184,-74.0686
72534,Petro-Card 24 #911290,US-59,Mound City,MO,567,3.149,40.1365,-95.2337
72535,MFA #911310,SR-5,Centerville,IA,489,3.12566666,40.7292,-92.8716
72536,MFA 910281,SR-5,Milan,MO,276,3.299,40.2031,-93.124
72537,PETRO-CARD 24 #910210,SR-7,Clinton,MO,400,3.399,38.3716,-93.7679
72538,Petro-Card 24 #910670,SR-51,Qulin,MO,275,3.199,36.5977,-90.2522
72540,MFA #910441,US-54,Louisiana,MO,494,3.049,39.4413,-91.0626
72541,MFA 911021,US-136,Tarkio,MO,567,3.329,40.443,-95.3835
72542,MFA #910731,SR-15,Shelbina,MO,494,2.999,39.693,-92.0396
72543,PETRO CARD 24,SR-18,Clinton,MO,400,3.399,38.3716,-93.7679
72544,BJS NEW UNDERWOOD,CR-1416,New Underwood,SD,506,3.699,44.0987,-102.8405
72546,MFA OIL #2028,SR-53,Poplar Bluff,MO,275,3.23233333,36.7632,-90.4135
72548,GASQUATCH,US-70/SR-3,Idabel,OK,723,3.10733333,33.904,-94.8285
72550,TERRIBLE HERBST #388,I-15 Exit 91,Moapa,NV,910,3.549,36.6758,-114.62082
72551,Good 2 Go,US-81,Geneva,NE,350,3.36566666,40.5308,-97.5974
72552,VALLEYWIDE COUNTRY STORE,I- 86 Exit 40,American Falls,ID,787,3.599,42.7828,-112.8541
72553,Friendly Express,I-71 Exit 186 & US-250,Ashland,OH,249,3.199,40.8668,-82.3156
72554,CEFCO #422,SR-4,Baker,FL,127,3.299,30.16604,-85.68576
72556,STARMART,US-183,Goldthwaite,TX,765,3.099,31.4513,-98.5736
72557,LITTLE NECK SHELL,I-16 Exit 152,Bloomingdale,GA,195,3.099,32.1249,-81.3077
72558,Circle K #4703975,SR-109 & US-70,Lebanon,TN,460,2.87233333,36.204,-86.3481
72559,SUN TRAVEL CENTER,I-55 EXIT 114A,Canton,MS,760,3.499,32.5975,-90.0317
72560,AMOCO,US 131 & US 12,White Pigeon,MI,465,3.559,41.7977,-85.6485
72560,AMOCO,US 131 & US 12,White Pigeon,MI,465,3.599,41.7977,-85.6485
72561,7-ELEVEN #38638,I-25 Exit 235,Erie,CO,800,3.399,40.0404,-105.0399
72562,7-ELEVEN #17703,US HWY 11,Martinsburg,WV,70,3.249,39.4582,-77.9776
72563,RACEWAY #6991,I-65 Exit 19 & US-43,Creola,AL,715,2.949,30.8906,-88.0132
72565,WEIGEL'S #102,I-75 & SR-30,Athens,TN,405,3.34733333,35.4573,-84.6045
72566,Loves  Travel Stop #826,I-70 Exit 75,Parachute,CO,800,3.59566666,39.4508,-108.0529
72567,THE TEXAN #12,US 87,La Vernia,TX,740,3.049,29.3542,-98.1219
72569,RACETRAC #204,US-19 & SR-400,Dawsonville,GA,18,3.319,34.4362,-84.125
72570,Lake View Cheese & Liquor,I-43,Belgium,WI,444,3.25566666,43.5018,-87.8476
72571,MAVERIK #719,I-82 EXIT 33,Yakima,WA,962,3.909,46.5923,-120.5496
72571,MAVERIK #719,I-82 EXIT 33,Yakima,WA,962,3.899,46.5923,-120.5496
72571,MAVERIK #719,I-82 EXIT 33,Yakima,WA,962,3.929,46.5923,-120.5496
72572,GOOD 2 GO #713/ONE9 #1432,I-76 EXIT 21,Brighton,CO,800,3.269,39.9716,-104.7963
72572,GOOD 2 GO #713 DBA ONE9 #1432,I-76 EXIT 21,Brighton,CO,800,3.199,39.9716,-104.7963
72574,Loves Travel Stop #831,"I-10 & Fort Grant Rd, Exit 340",Willcox,AZ,980,3.33233333,32.2515,-109.8359
72575,Loves Travel Stop #864,US-98,Lucedale,MS,715,3.449,30.9312,-88.5959
72576,Pride Travel Center South,"I-291 & SR-5, EXIT 4",South Windsor,CT,100,3.909,41.82371,-72.6212
72577,QUIKTRIP #7205,"I-80, EXIT 161",Lansing,IL,365,3.079,41.5648,-87.5462
72577,QUIKTRIP #7205,"I-80, EXIT 161",Lansing,IL,365,3.249,41.5648,-87.5462
72577,QUIKTRIP #7205,"I-80, EXIT 161",Lansing,IL,365,3.179,41.5648,-87.5462
72578,QUIKTRIP #7247,"I-55, EXIT 85",Byram,MS,760,2.91566666,32.189,-90.2861
72579,Raceway #6986,US-378 & CR-467,Sumter,SC,135,2.979,33.9392,-80.393
72580,KWIK TRIP #1267,SR 29,Chippewa Falls,WI,295,3.39233333,44.9358,-91.3902
72581,FASTRAC MARKET #500266,I-87 Exit 18,Queensbury,NY,12,3.999,43.37729,-73.61317
72582,FASTRAC MARKET #500242,SR-12 & SR-5A,Utica,NY,235,3.999,43.0962,-75.2261
72582,FASTRAC MARKET #500242,SR-12 & SR-5A,Utica,NY,235,3.899,43.0962,-75.2261
72583,SHEETZ #769,I-80 Exit 232,Bloomsburg,PA,138,3.329,41.0027,-76.4561
72584,ONE9 #1359,"I-80, EXIT 30",Sparks,NV,966,3.549,39.5736,-119.7161
72585,GAS N WASH GREEN OAKS,"I-94, EXIT 16",Libertyville,IL,290,3.559,42.287,-87.967
72585,GAS N WASH GREEN OAKS,"I-94, EXIT 16",Libertyville,IL,290,3.599,42.287,-87.967
72586,Loves Travel Stop #875,"I-49, Exit 15",Opelousas,LA,730,3.08566666,30.5252,-92.0816
72587,Allsups Convenience #2416,I-20 EXIT 244 AND HWY 70,Sweetwater,TX,575,2.884,32.4692,-100.4092
72588,ALLSUPS CONVENIENCE #2430,US 380,Jacksboro,TX,630,3.044,33.2256,-98.1594
72589,ALLSUPS CONVENIENCE #2056,US 287,Memphis,TX,585,2.929,34.7268,-100.5416
72590,MAVERIK #716,I-80 & SR-351,Wells,NV,835,3.39233333,41.1132,-114.9535
72591,Quiktrip #7173,"I-20, EXIT 156",Pell City,AL,587,2.999,33.561,-86.2669
72592,QUIKTRIP #7191,US-45 & I-57,Effingham,IL,510,3.199,39.1205,-88.5509
72592,QUIKTRIP #7191,US-45 & I-57,Effingham,IL,510,2.999,39.1205,-88.5509
72594,Quiktrip #7900,I-30 & FM-989,Texarkana,TX,766,2.85733333,33.45,-94.0847
72595,CIRCLE K #2654400,SR-115,Kearneysville,WV,22,3.26566666,39.38816,-77.88555
72596,Hucks Food & Fuel #401 dba Pilot #1360,"I-69, EXIT 25",Mayfield,KY,490,3.599,36.7371,-88.6447
72597,CIRCLE K #4705697,US 422,Warren,OH,573,3.61233333,41.239,-80.8174
72599,FATDOGS LEXINGTON,US-283,Lexington,NE,475,2.979,40.7779,-99.7461
72603,THORNTONS #170,I-465 Exit 46 & US-40,Indianapolis,IN,375,3.599,39.7771,-86.1458
72606,PETRO-CARD 24 #910474,US-65,Malta Bend,MO,276,3.439,39.194,-93.3635
72607,TOWN PUMP FOOD STORE #6300,I-90 & US-191,Big Timber,MT,786,3.539,45.8346,-109.9487
72608,Petro-Card 24 #910640,US-61,Perryville,MO,275,3.099,37.7263,-89.8759
72610,JORDANS KWIK STOP #6,I-55 Exit 48 & SR-140,Osceola,AR,418,3.01233333,35.6942,-89.9934
72611,Kwik Trip # 1722,SR 35 & SR 553,Gwinn,MI,395,3.819,46.2858,-87.4425
72612,PETRO-CARD 24 #910411,I-44 & SR-32,Lebanon,MO,535,3.099,37.6717,-92.6603
72614,FAST FUEL FOOD STORES,SR-4,Gassaway,WV,44,3.56566666,38.6702,-80.7717
72615,U STOP #4,US-6,Lincoln,NE,413,3.399,40.8099,-96.6784
72616,PETRO-CARD 24 #910700,SR-32,Sainte Genevieve,MO,275,3.099,37.9755,-90.0477
72619,MARTYVILLE MARATHON,SR-25,Tishomingo,MS,742,3.279,34.6382,-88.2291
72620,CENEX,US-2,Leeds,ND,452,3.249,48.2878,-99.4346
72621,PETRO-CARD 24 #1047,SR-240,Slater,MO,276,3.459,39.2227,-93.065
72622,Phillips 66,US- 60 & HWY AD,Dexter,MO,275,3.40233333,36.7928,-89.9632
72623,LENNYS FOOD N FUEL,US-6,Joliet,IL,296,3.499,41.5188,-88.1499
72623,LENNYS FOOD N FUEL,US-6,Joliet,IL,296,3.299,41.5188,-88.1499
72623,LENNYS FOOD N FUEL,US-6,Joliet,IL,296,3.399,41.5188,-88.1499
72623,LENNYS FOOD N FUEL,US-6,Joliet,IL,296,3.659,41.5188,-88.1499
72625,PETRO-CARD 24,SR-46 & US-71,Maryville,MO,567,3.129,40.3428,-94.8702
72626,MFA OIL,SR-18,Lake City,AR,418,3.399,35.8203,-90.4547
72628,Gas Pro 6,SR-121 & US-25,Trenton,SC,135,3.46566666,33.7401,-81.8404
72629,MFA #910600,SR-28,Owensville,MO,392,3.299,38.3491,-91.4974
72630,PETRO-CARD 24 #910250,US-54 BUS,Fulton,MO,392,3.299,38.8551,-91.951
72631,THORNTONS #221348,I-355 & SR-7,Homer Glen,IL,296,3.849,41.6043,-87.9497
72631,THORNTONS #221348,I-355 & SR-7,Homer Glen,IL,296,3.899,41.6043,-87.9497
72631,THORNTONS #221348,I-355 & SR-7,Homer Glen,IL,296,3.899,41.6043,-87.9497
72631,THORNTONS #221348,I-355 & SR-7,Homer Glen,IL,296,3.899,41.6043,-87.9497
72631,THORNTONS #221348,I-355 & SR-7,Homer Glen,IL,296,3.849,41.6043,-87.9497
72631,THORNTONS #221348,I-355 & SR-7,Homer Glen,IL,296,3.899,41.6043,-87.9497
72633,Petro-Card 24 #910830,SR-52,Windsor,MO,400,3.499,38.5319,-93.5227
72634,MURPHY USA #7827,US-385 & US-60,Hereford,TX,585,2.829,34.8225,-102.4001
72635,GULF,SR-140,Boylston,MA,34,3.839,42.39176,-71.70368
72637,AZTEX #104,I-40 Exit 398,Knoxville,TN,405,3.359,35.9692,-83.9496
72639,ALLSUPS #2423,US-377 & US-70,Madill,OK,253,2.959,34.0872,-96.7744
72640,Kwik Trip # 1721,SR 553 & FM 480,Marquette,MI,395,3.819,46.544,-87.4082
72642,LOVES TRAVEL STOP #857,US-95 & US-6,Tonopah,NV,910,3.71566666,38.0822,-117.2246
72643,ONCUE #147,"I-44, EXIT 12",Oklahoma City,OK,483,3.049,35.4676,-97.5136
72644,MAVERIK COUNTRY STORE #642,I-25 EXIT 262,Fort Collins,CO,800,3.259,40.5477,-105.0656
72645,MAVERIK #723,"I-10, EXIT 240",Marana,AZ,980,3.04566666,32.4355,-111.1558
72646,TOOT N TOTUM #131,US 87,Lamesa,TX,710,3.109,32.7333,-101.9541
72647,RACEWAY #6972,US-83 & US-43,Demopolis,AL,615,3.07733333,32.498,-87.8298
72648,Loves Travel Stop #873,US 50,Canon City,CO,803,3.509,38.443,-105.2203
72649,Love's Travel Stop #891,US 93,Jackpot,NV,835,3.62733333,41.9797,-114.6645
72650,Loves Travel Stop #862,I-35 Exit 65,Cotulla,TX,693,3.589,28.4364,-99.2367
72651,QUIKTRIP #7132,"I-16, EXIT 152",Bloomingdale,GA,195,3.03233333,32.1249,-81.3077
72652,Quiktrip #4148,I-35 & GRAND AVE PKWY,Pflugerville,TX,595,2.88233333,30.4515,-97.6018
72653,Quiktrip #7153,US-78 & EXIT #4,Olive Branch,MS,435,2.91566666,34.961,-89.8469
72655,RACEWAY #6988,US-79 & US-41,Clarksville,TN,460,2.999,36.5692,-87.3413
72656,ALLSUPS #2437,HWY 176 & HWY 115,Andrews,TX,710,3.39566666,32.3207,-102.552
72660,RACEWAY #6989,US-157 & COURT ST,Moulton,AL,615,3.049,34.4844,-87.2833
72663,LOC STOP TRAVEL CENTER,US-82,Dawson,GA,10,3.499,31.7721,-84.4437
72664,RACETRAC #2606,"I-30, EXIT 32B & SR-181",Grand Prairie,TX,630,2.92566666,32.6871,-97.0208
72666,CIRCLE K #2707043,"I-75/SR-401, EXIT 39 & SR-37",Adel,GA,20,2.999,31.1264,-83.4229
72667,LOVES TRAVEL STOP #884,"I-30, Exit 46",Prescott,AR,635,3.47566666,33.8056,-93.3909
72668,LOVES TRAVEL STOP #350,"I-19, Exit 12",Nogales,AZ,980,3.609,31.3624,-110.9336
72669,Quiktrip #356,US-81 & S Victoria RD,Wichita,KS,570,3.194,37.6895,-97.3443
72672,7-Eleven #42205,US 79,Hearne,TX,765,3.449,30.877,-96.5956
72674,QUIKTRIP #7190,I-64 EXIT 94,Mount Vernon,IL,540,3.199,38.314,-88.9174
72674,QUIKTRIP #7190,I-64 EXIT 94,Mount Vernon,IL,540,3.099,38.314,-88.9174
72674,QUIKTRIP #7190,I-64 EXIT 94,Mount Vernon,IL,540,3.399,38.314,-88.9174
72675,Maverik Country Store #715,I-80 EXIT 107,Big Springs,NE,475,3.10066666,41.0609,-102.0745
72676,KWIK TRIP #1212,"I 90, EXIT 43",Worthington,MN,425,3.164,43.6281,-95.599
72677,KWIK TRIP #1256,SR 2 E,Iron Mountain,MI,360,3.279,45.8275,-88.0599
72677,KWIK TRIP #1256,SR 2 E,Iron Mountain,MI,360,3.399,45.8275,-88.0599
72677,KWIK TRIP #1256,SR 2 E,Iron Mountain,MI,360,3.289,45.8275,-88.0599
72678,FLYING J #1056,I-90/ I-80,Edon,OH,550,3.899,41.5562,-84.7693
72679,TEX BEST #532,US-281 & HWY 186,Edinburg,TX,639,3.02066666,26.3196,-98.1597
72680,RACEWAY #6990,US-98,Foley,AL,155,3.07566666,30.3983,-87.665
72681,MAVERIK #691,I-76 EXIT 3,Denver,CO,800,3.284,39.762,-104.8758
72682,Maverik #695,I-15 EXIT 276,American Fork,UT,835,3.349,40.3783,-111.7953
72683,HUCKS FOOD & FUEL #383,SR-57,Evansville,IN,340,3.759,37.9881,-87.5341
72685,CHUBBYS TRAVEL CENTER,"I-35, Exit 127",Natalia,TX,740,2.97233333,29.1876,-98.8524
72687,Kwik Trip #1203,US-71 & Airport Rd,Redwood Falls,MN,425,3.349,44.547,-95.1031
72688,SHEETZ #772,I-70 EXIT 59,Springfield,OH,317,3.054,39.93,-83.7959
72689,ROAD RANGER #285,I-10 EXIT 605,Seguin,TX,740,3.11066666,29.5891,-97.9676
72690,Noble East Lyme,"I-95, EXIT 75",East Lyme,CT,100,3.759,41.32,-72.22
72691,KUM & GO #2402,US 60,Springfield,MO,535,3.17566666,37.1943,-93.2916
72693,Kum & Go #2404,US 60,Aurora,MO,535,3.119,36.9673,-93.7184
72694,7-ELEVEN #42195,I-385 EXIT 23,Fountain Inn,SC,30,3.11566666,34.6989,-82.2005
72695,Quiktrip #7906,"I-20, EXIT 617 & US-59",Marshall,TX,766,2.83733333,32.537,-94.3515
72696,QUIKTRIP #1742,"I-475/SR-408, exit 5 & SR-74",Macon,GA,85,3.089,32.8065,-83.6974
72698,QUIKTRIP #7242,"I-10, EXIT 31",Gulfport,MS,733,2.91566666,30.4274,-89.0704
72699,Quiktrip #7195,"I-355, EXIT 29",Addison,IL,290,3.079,41.9313,-88.0085
72699,Quiktrip #7195,"I-355, EXIT 29",Addison,IL,290,3.269,41.9313,-88.0085
72699,Quiktrip #7195,"I-355, EXIT 29",Addison,IL,290,3.179,41.9313,-88.0085
72700,RACEWAY #6726,"I-30, Exit 172",Thomson,GA,135,3.399,33.4679,-82.4968
72701,Loves Travel Stop #887,I-55 EXIT 178,Herculaneum,MO,540,3.15566666,38.2579,-90.3948
72702,Loves Travel Stop #854,I-49 EXIT 215,Shreveport,LA,745,2.93733333,32.4653,-93.7955
72705,SHEETZ #795,US-460 & CR-629,Disputanta,VA,180,2.98233333,37.1236,-77.2249
72706,Sheetz #790,I-77 EXIT 100,Mount Airy,NC,65,2.859,36.5083,-80.6155
72707,QUIKTRIP #4299,"I-25, EXIT 158",Monument,CO,796,3.159,39.0736,-104.8467
72709,KWIK TRIP #1299,FM 164,Sussex,WI,444,3.28566666,43.1346,-88.2226
72710,KWIK STAR #1285,I-229 EXIT 9,Sioux Falls,SD,530,2.95233333,43.5396,-96.7311
72711,Kwik Trip #1260,FM 65,Roberts,WI,448,3.424,44.9733,-92.5505
72713,Kwik Star #1217,FM 11,Sioux Falls,SD,530,2.939,43.5396,-96.7311
72714,LOVES TRAVEL STOP  #771,I-85 & SR-18,West Point,GA,720,3.679,32.8937,-85.1453
72715,FLYING J TRAVEL PLAZA #1372,"I-40, EXIT 28",Yucca,AZ,910,3.849,34.8629,-114.1461
72715,FLYING J #1372,"I-40, EXIT 28",Yucca,AZ,910,3.999,34.8629,-114.1461
72716,RACEWAY #7000,US-1 & SR-40,Folkston,GA,75,3.099,30.8392,-82.0073
72719,TA EXPRESS LITTLEFIELD,"I-15, EXIT 8",Littlefield,AZ,910,3.679,36.8659,-113.936
72721,Racetrac #2625,SR 72 E & SHIELDS RD,Huntsville,AL,615,2.97733333,34.6981,-86.6412
72723,ONE9 #1362,"I-40, EXIT 253",Winslow,AZ,930,3.22566666,35.0243,-110.7095
72724,ONE9 #484,I-40 EXIT 146,Ash Fork,AZ,930,3.329,35.2171,-112.4913
72725,CASEYS #4481,US 75,Denison,TX,253,2.93566666,33.7672,-96.5808
72727,CASEYS #4319,SR-141,Perry,IA,320,3.129,41.8387,-94.0938
72728,CASEYS #4304,FM 103 & Belten Dr,Crete,NE,413,3.45733333,40.6253,-96.9575
72732,KUM & GO #2212,I-35 EXIT 89,Ankeny,IA,320,3.13233333,41.7288,-93.6031
72733,Parker's #94,US-17 N,Georgetown,SC,42,2.989,33.3594,-79.2958
72734,7-ELEVEN #41940,I-95,West Haven,CT,100,3.999,41.2739,-72.9672
72735,7-Eleven #41376,I-26 Exit 154B,Orangeburg,SC,42,3.22566666,33.4928,-80.8671
72736,FRIENDLY GUS STORE #12,I-16 Exit 49,Dublin,GA,85,3.27566666,32.536,-82.928
72737,Mollys Food and Fuel,"I-20, EXIT 175 & SR-150",Thomson,GA,135,3.499,33.4679,-82.4968
72738,BREAK TIME #3172,US-50/US-63,Jefferson City,MO,310,3.33566666,38.5676,-92.1759
72739,MAVERIK #712,US 70 & US 54,Alamogordo,NM,640,3.05566666,32.8837,-105.9625
72740,Caseys #4303,"I-80, EXIT 257 & US-183",Elm Creek,NE,475,3.03233333,40.7201,-99.3755
72741,Caseys #4298,"I-55, EXIT 220 & SR-47",Dwight,IL,368,3.349,41.0983,-88.4249
72742,Racetrac #2612,I-675 EXIT 7,Ellenwood,GA,18,3.109,33.61011,-84.28798
72743,PEOTONE TRAVEL CENTER,I-57 & SR-25,Peotone,IL,290,3.459,41.3308,-87.7956
72743,PEOTONE TRAVEL CENTER,I-57 & SR-25,Peotone,IL,290,3.499,41.3308,-87.7956
72745,Loves Travel Stop #870,US-81 Exit 12 & SR-12,Watertown,NY,220,4.149,43.9734,-75.9094
72746,PARKERS #103,"I-26, Exit 205A",Ladson,SC,42,3.28233333,33.0093,-80.1078
72747,One9 #1358,"I-40,  EXIT 16",Gallup,NM,580,3.24566666,35.5182,-108.7431
72748,HORIZON TRAVEL PLAZA,US-411,Cartersville,GA,193,2.934,34.1644,-84.8009
72749,KWIK TRIP #1282,FM 42 & S Duluth Ave,Sturgeon Bay,WI,582,3.50733333,44.8228,-87.366
72750,QUIKTRIP #1943,I-35 EXIT 368 & SR 22,Hillsboro,TX,641,2.919,32.0093,-97.115
72752,QUIKTRIP #7178,I-65 EXIT 13 & SR 158,Saraland,AL,715,2.95733333,30.8479,-88.1004
72753,QUIKTRIP #7908,I-40 EXIT 73,Amarillo,TX,585,2.874,35.1984,-101.8316
72754,RACETRAC #2495,US 41 & US 19,Griffin,GA,85,3.229,33.2418,-84.2748
72755,RACETRAC #2620,I-465 Exit 42,Indianapolis,IN,375,3.159,39.7771,-86.1458
72756,Loves Travel Stop #876,I-94 Exit 34A,Michigan City,IN,365,3.789,41.7092,-86.869
72757,Loves Travel Stop #860,I-59 EXIT 1,Picayune,MS,725,3.15566666,30.5322,-89.6724
72758,CEFCO #1117,I-20 EXIT 617,Marshall,TX,766,2.83233333,32.537,-94.3515
72759,Allsups Convenience Store #2461,US-87 & SR-137,Lamesa,TX,612,3.099,32.7333,-101.9541
72760,RaceWay #6999,US-84 & US-319,Thomasville,GA,20,3.16566666,30.8394,-83.9782
72761,RACETRAC #2629,US-72/US-43 & SR-20,Tuscumbia,AL,615,2.999,34.7204,-87.7035
72763,FASTRAC MARKET #500270,SR-5/SR-13,Canastota,NY,235,4.349,43.0836,-75.7559
72763,FASTRAC MARKET #500270,SR-5/SR-13,Canastota,NY,235,4.449,43.0836,-75.7559
72764,CUMBERLAND FARMS #004783,US-5,East Windsor,CT,100,4.049,41.91232,-72.54509
72765,FASTRAC MARKET #500203,SR-104 & CR-256,Wolcott,NY,190,3.819,43.22062,-76.81496
72765,FASTRAC MARKET #500203,SR-104 & CR-256,Wolcott,NY,190,3.799,43.22062,-76.81496
72766,QUIKTRIP #1873,US 287  33.054731932354194,Rhome,TX,630,2.899,33.0646,-97.4779
72767,QUIKTRIP #4227,I-25 EXIT 243,Mead,CO,800,3.14733333,40.2318,-104.9911
72768,ROAD RANGER #287,I-57 EXIT 318,Bourbonnais,IL,290,3.339,41.183,-87.8784
72768,ROAD RANGER #287,I-57 EXIT 318,Bourbonnais,IL,290,3.379,41.183,-87.8784
72769,TOOT N TOTUM #132,US 84,Lubbock,TX,585,2.97066666,33.5657,-101.8879
72770,RACETRAC #2634,I-95 Exit 77 & US-78,Saint George,SC,42,2.999,33.1861,-80.5794
72771,RACETRAC #2635,I-85 EXIT 44A,Greenville,SC,30,2.899,34.8354,-82.3646
72772,RACEWAY #6998,US-501 & SR-576,Marion,SC,42,3.01566666,34.1787,-79.3956
72773,RaceTrac #2626,I-20 Exit 472,Dallas,TX,630,2.864,32.7935,-96.7667
72774,STUCKEYS TRAVEL CENTER,I-10 EXIT 451,Orange,TX,610,2.80733333,30.1226,-93.7607
72775,CEFCO #2089,I-20 EXIT 288,Abilene,TX,575,2.76566666,32.4543,-99.7384
72776,MARATHON,"1-75, Exit 80",Sycamore,GA,85,3.299,31.6711,-83.6352
72778,KWIK STAR #1208,US-75,Sioux Center,IA,530,3.199,43.0748,-96.1707
72779,KWIK TRIP #1276,"I-90/I-39, EXIT 1 & SR-75",South Beloit,IL,290,3.469,42.4825,-89.026
72779,KWIK TRIP #1276,"I-90/I-39, EXIT 1 & SR-75",South Beloit,IL,290,3.299,42.4825,-89.026
72779,KWIK TRIP #1276,"I-90/I-39, EXIT 1 & SR-75",South Beloit,IL,290,3.449,42.4825,-89.026
72781,SHEETZ #774,I-70 & SR-83,New Concord,OH,430,3.059,39.9937,-81.7381
72782,SHEETZ #791,"I-76, Exit 57",North Jackson,OH,573,3.06566666,41.10006,-80.85731
72783,SHEETZ #770,I-70 & US-42,London,OH,315,2.999,39.8935,-83.4375
72784,Maverik Country Store #724,"I-80/US-30, EXIT 221",Rawlins,WY,838,3.289,41.7849,-107.2265
72785,GAS N WASH,US 30,Crest Hill,IL,290,3.359,41.5723,-88.1124
72785,GAS N WASH,US 30,Crest Hill,IL,290,3.299,41.5723,-88.1124
72786,QUIKTRIP #333,"I-135, EXIT 31",Newton,KS,570,2.949,38.0368,-97.3449
72787,QUIKTRIP #7011,"I-35, EXIT 118",Oklahoma City,OK,483,3.03233333,35.4676,-97.5136
72788,MAVERIK #700,I-25 EXIT 215,Denver,CO,800,3.289,39.762,-104.8758
72789,RACETRAC #237,HWY 30 & ROBERT WILSON RD,Gonzales,LA,600,3.17233333,30.2132,-90.9234
72791,LOVES TRAVEL STOP #850,SR-491 & RD. G,Cortez,CO,614,3.48233333,37.3503,-108.5768
72792,QUICKLEES,"I-190, EXIT 23",Niagara Falls,NY,38,3.999,43.0921,-79.0147
72793,TA EXPRESS BLAINE #917,"I-5, Exit 275",Blaine,WA,850,4.139,48.9839,-122.7414
72795,REFUEL #1337,SR-45/CR-1625,Buda,TX,595,2.999,30.0758,-97.8487
72796,PILOT #1399,"SR-303, EXIT 107",Litchfield Park,AZ,930,3.599,33.5024,-112.3588
72796,PILOT DEALER #1399,"SR-303, EXIT 107",Litchfield Park,AZ,930,3.584,33.5024,-112.3588
72797,KWIK TRIP #1215,"I-94, EXIT 135",Melrose,MN,451,3.32733333,45.6757,-94.8128
72798,Casey's #4539,US-75,Rock Rapids,IA,530,3.349,43.4273,-96.1662
72799,CASEYS #4384,"I-88 & SR-26, EXIT 54",Dixon,IL,520,3.479,41.8439,-89.4794
72799,CASEYS #4384,"I-88 & SR-26, EXIT 54",Dixon,IL,520,3.499,41.8439,-89.4794
72801,CASEYS #4388,"US-64, EXIT 29",Beebe,AR,645,3.189,35.0713,-91.8998
72802,Racing Mart Store,"I-495, Exit 36A",Wrentham,MA,175,3.899,42.06677,-71.32811
72803,Llanos Country Corner,"I-10/US-83, EXIT 456 & US-377",Junction,TX,740,2.919,30.4906,-99.7726
72804,7-Eleven #42174,"I-24, EXIT 211 & US-70",Nashville,TN,460,3.249,36.1715,-86.7842
72805,Stripes #42242,"SR 181, HWY 188",Sinton,TX,625,3.259,28.0392,-97.5153
72806,TA HOSSTON #939,"I-49, Exit 237",Hosston,LA,745,2.92233333,32.885,-93.8814
72808,Allsups Convenience #2463,US-377,Aubrey,TX,630,2.899,33.2874,-96.9622
72809,LOVES TRAVEL STOP #894,I-95 EXIT 305,Saint Augustine,FL,75,3.44233333,29.8976,-81.31
72810,QUIKTRIP #7,"I-244/US-412, Exit 10",Tulsa,OK,560,3.119,36.1283,-95.9042
72811,QUIKTRIP #50,SR-51,Broken Arrow,OK,560,3.129,36.038,-95.7806
72812,Kwik Trip #748,US 8,Barron,WI,295,3.664,45.4015,-91.8476
72813,Allsups #2425,Hwy 144,Granbury,TX,630,3.029,32.4475,-97.7702
72814,ALLSUPS #2468,"I35, EXIT 5",Thackerville,OK,253,2.91733333,33.7936,-97.142
72815,QUIKTRIP #7194,I-74 EXIT 182,Champaign,IL,280,3.299,40.1142,-88.2737
72815,QUIKTRIP #7194,I-74 EXIT 182,Champaign,IL,280,3.199,40.1142,-88.2737
72815,QUIKTRIP #7194,I-74 EXIT 182,Champaign,IL,280,3.099,40.1142,-88.2737
72816,QUIKTRIP #7914,I-27 EXIT 117,Amarillo,TX,585,2.84566666,35.1984,-101.8316
72817,QUIKTRIP #4174,I-35 Exit 285,Salado,TX,765,2.91566666,30.947,-97.529
72818,QUIKTRIP #7174,"I-65, EXIT 168",Montgomery,AL,720,2.999,32.3482,-86.2668
72819,QUIKTRIP #7925,I-69W,Laredo,TX,693,2.85066666,27.5625,-99.4874
72820,QUARLES #54232,us-385,Crane,TX,710,3.88566666,31.3918,-102.3503
72821,QUARLES #54231,CR-23 & CR-33,Eunice,NM,593,3.699,32.4461,-103.1986
72822,QUARLES #54225,US-83,Abilene,TX,575,3.499,32.4543,-99.7384
72827,QUARLES #54259,FM-1936,Odessa,TX,710,3.699,31.8801,-102.3448
72828,QUARLES #54250,US-80,Abilene,TX,575,3.31233333,32.4543,-99.7384
72830,QUARLES #54261,"I-20, EXIT 37",Pecos,TX,710,3.749,31.42291,-103.49323
72831,QUARLES #54262,CR-64,Hobbs,NM,593,3.699,32.7281,-103.16
72835,QUARLES #54277,SR-137,Big Lake,TX,739,3.849,31.1941,-101.4534
72836,QUARLES #54281,SR-208,Snyder,TX,700,3.66566666,32.7133,-100.9116
72837,QUARLES #54284,US-285,Loving,NM,593,3.799,32.2862,-104.0976
72839,QUARLES #54293,CR-64,Hobbs,NM,593,3.699,32.7281,-103.16
72841,QUARLES #54296,SR-214 & CR-370,Denver City,TX,700,3.799,32.968,-102.8318
72844,QUARLES #54332,US-285,Pecos,TX,710,3.759,31.42291,-103.49323
72847,QUARLES #54341,US-87,Big Spring,TX,612,3.649,32.2389,-101.4799
72848,QUARLES #54347,US-67,Rankin,TX,710,3.699,31.2253,-101.9395
72849,QUARLES #54349,CR-1140,Midland,TX,710,3.66566666,32.0243,-102.1147
72851,QUARLES #54367,FM-1787,Midland,TX,710,3.799,32.0243,-102.1147
72853,QUARLES #54520,SR-589,Purvis,MS,620,2.979,31.145,-89.4054
72855,GAS N WASH,SR 59,Plainfield,IL,399,3.559,41.6207,-88.2253
72855,GAS N WASH,SR 59,Plainfield,IL,399,3.599,41.6207,-88.2253
72857,7-ELEVEN #42019,SR-3 & SR-4,Yukon,OK,483,3.159,35.5201,-97.7639
72859,CASEYS #4286,SR-32,Crawfordsville,IN,375,3.56233333,40.0428,-86.8976
72860,Circle K #2707070,"SR 378, Route 467",Sumter,SC,42,2.99233333,33.9392,-80.393
72861,SPRINT MART #4143,"I-20, EXIT 89",Vance,AL,615,3.059,33.1746,-87.2314
72863,Double Quick #92,US-61,Cleveland,MS,655,3.18233333,33.744,-90.7285
72864,SUNSTOP #430,US-27,Bainbridge,GA,20,3.599,30.9052,-84.5732
72867,Maverik #731,I-15 EXIT 190,Helena,MT,816,3.549,46.5965,-112.0202
72868,MAVERIK #737,I-15 EXIT 116,Idaho Falls,ID,825,3.40566666,43.4871,-112.0362
72869,MAVERIK #738,I-90 EXIT 129,Gillette,WY,790,3.359,44.2752,-105.4982
72871,Maverik #727,I-8 EXIT 3,Yuma,AZ,930,3.179,32.5995,-114.5491
72872,QUIKTRIP #7926,US 59 & SR 20,Laredo,TX,693,2.859,27.5625,-99.4874
72873,QUIKTRIP #7206,I-39 EXIT 15 & US 20,Rockford,IL,520,3.199,42.2596,-89.064
72873,QUIKTRIP #7206,I-39 EXIT 15 & US 20,Rockford,IL,520,3.119,42.2596,-89.064
72873,QUIKTRIP #7206,I-39 EXIT 15 & US 20,Rockford,IL,520,2.969,42.2596,-89.064
72873,QUIKTRIP #7206,I-39 EXIT 15 & US 20,Rockford,IL,520,3.019,42.2596,-89.064
72874,QUIKTRIP #4076,I-35 EXIT 191,New Braunfels,TX,740,2.91566666,29.6994,-98.1148
72875,QUIKTRIP #4183,SR 195 & Shell RD,Georgetown,TX,595,2.91566666,30.666,-97.6966
72876,QUIKTRIP #1139,"I-385, EXIT 23",Fountain Inn,SC,30,3.01733333,34.6989,-82.2005
72877,QUIKTRIP #7177,"I-10, EXIT 15A",Theodore,AL,715,2.88233333,30.5408,-88.1885
72879,QUIKTRIP #4002,US-87,Comfort,TX,595,2.96566666,29.9704,-98.9046
72880,PARKERS #97,US 80,Bloomingdale,GA,195,3.03233333,32.1249,-81.3077
72882,CASEYS #4330,"I-40, EXIT 221",Okemah,OK,483,2.92566666,35.4292,-96.2998
72884,CEFCO #435,"I-10, EXIT 44 & US-90",Loxley,AL,715,3.02566666,30.6812,-87.7416
72885,RACEWAY #6960,US-431 & Westgate PKWY,Dothan,AL,10,3.199,31.2336,-85.407
72886,PILOT #1381,US-190 & Rose Marie Blvd,Hearne,TX,670,3.499,30.877,-96.5956
72888,STRIPES #42591,US-87,Mason,TX,595,3.299,30.748,-99.2288
72889,DK,SR 83,Denver City,TX,700,3.319,32.968,-102.8318
72891,GAS N WASH,"I-57, EXIT 354",Alsip,IL,365,3.599,41.6701,-87.7368
72891,GAS N WASH,"I-57, EXIT 354",Alsip,IL,365,3.399,41.6701,-87.7368
72893,Racetrac #2586,I-95 & 20th ST,Vero Beach,FL,140,3.159,27.6463,-80.393
72894,Allsups Convenience Store #2458,US-287 & FM-1655,Alvord,TX,630,2.899,33.3569,-97.696
72895,Allsups#2465,SR 7,Davis,OK,569,2.96733333,34.4575,-97.1566
72896,PILOT #1283,I-45 & SR-31,Corsicana,TX,630,3.04233333,32.0824,-96.4665
72899,RACEWAY #7002,US 79 & 59,Carthage,TX,766,2.82066666,32.1526,-94.3368
72901,FATDOGS GRAND ISLAND TRAVEL CENTER,I-80 & HWY 281,Grand Island,NE,330,2.979,40.9218,-98.3586
72902,CIRCLE K #2704593,SR-24 &  SR-690,Spring Lake,NC,63,3.079,35.1843,-78.9962
72903,Kent Kwik #221,SR-338,Odessa,TX,710,2.989,31.8801,-102.3448
72904,CEFCO #112,US-281,Marble Falls,TX,595,2.929,30.5649,-98.2768
72905,TA EXPRESS PLEASANTON #445,I-37 EXIT 109,Pleasanton,TX,740,3.099,28.9642,-98.4957
72906,Maverik #734,I-25 EXIT 94,Pueblo,CO,796,3.289,38.2701,-104.6114
72907,QUIKTRIP #7913,"I-20, EXIT 20 & SR-18",Monahans,TX,710,2.859,31.6289,-103.0403
72908,QUIKTRIP #1042,"I-85, EXIT 17B & US-321",Gastonia,NC,46,3.264,35.2494,-81.1854
72909,FAT DOGS LINCOLN TC,"I-80, EXIT 399",Lincoln,NE,475,3.099,40.8099,-96.6784
72910,Ogden Cardlock (Bulk Plant),I-15 EXIT 343,Ogden,UT,835,3.489,41.2279,-111.9682
72912,Salina Cardlock (Bulk Plant),I-70 EXIT 56,Salina,UT,791,3.449,38.9387,-111.8652
72916,CASEYS #2562,SR 140 & SR 156,Ellsworth,KS,357,3.46566666,38.7327,-98.2285
72918,QUIKTRIP #7076,"I-75, EXIT 101",Cordele,GA,10,3.03233333,31.9563,-83.7694
72919,QUIKTRIP #7096,I-75 & EXIT 51,Dayton,OH,317,3.03233333,39.7805,-84.2003
72920,Circle K #4701686,"I-70, Exit 224 & SR-370",Saint Peters,MO,540,3.05066666,38.7825,-90.6061
72921,CIRCLE K #4701677,"I-44, Exit 226",Sullivan,MO,540,3.324,38.2129,-91.1637
72922,SUNOCO,SR-640,Willoughby,OH,305,3.859,41.6459,-81.4084
72923,76,US-84,Brookhaven,MS,620,3.149,31.5803,-90.4432
72924,SHERMAN TRAVEL CENTER,SR-9,Senatobia,MS,435,3.029,34.6081,-89.9762
72925,AMOCO,US-52 & SR-340,Darlington,SC,135,3.199,34.3015,-79.867
72926,Amoco,US-31 & US-10,Scottville,MI,456,3.359,43.9511,-86.2798
72926,Amoco,US-31 & US-10,Scottville,MI,456,3.399,43.9511,-86.2798
72926,Amoco,US-31 & US-10,Scottville,MI,456,3.379,43.9511,-86.2798
72927,Bell Stores #165,US-30,Wooster,OH,249,3.51566666,40.8172,-81.9336
72930,SPARTA CO-OP,SR-27,Sparta,WI,420,3.189,43.9377,-90.8131
72933,CHEVRON #385988,SR-124,Lithonia,GA,18,3.399,33.7129,-84.106
72934,CIRCLE K #2706987,"I-37, Exit 118",Corpus Christi,TX,625,3.099,27.7254,-97.3767
72935,Circle K #2722258,US-17 & SR-40,Pierson,FL,140,3.40233333,29.2401,-81.4559
72936,Circle K #2707549,SR-471 & SR-48,Bushnell,FL,140,3.499,28.686,-82.1165
72937,CIRCLE K #2723997,SR024,Stedman,NC,205,3.399,35.0114,-78.6996
72938,CIRCLE K #2723205,I-285 & CR-1642,Winston Salem,NC,65,3.52066666,36.1029,-80.261
72939,CIRCLE K #2655872,"I-75, Exit 252B",Atlanta,GA,18,3.50566666,33.7628,-84.422
72940,Circle K #3909,SR-236,Clarksville,TN,460,3.329,36.5692,-87.3413
72941,CIRCLE K #2740389,I-55 & US-51,Hammond,LA,600,3.249,30.5061,-90.4563
72942,CIRCLE K #2742777,US-62/180,El Paso,TX,640,3.19066666,31.8476,-106.43
72943,CIRCLE K #2706805,SR-415 & SR-76,Port Allen,LA,600,3.359,30.4456,-91.2098
72944,Circle K #2709094,US-62 & SR-327,Lubbock,TX,700,3.099,33.5657,-101.8879
72945,CIRCLE K #2707057,SR-59 & CR-12,Foley,AL,715,3.09233333,30.3983,-87.665
72947,Circle K #9556,SR-202,Phoenix,AZ,930,3.38566666,33.5722,-112.0892
72948,CIRCLE K #2746514,SR-23,Watford City,ND,273,3.599,47.8027,-103.2678
72949,BOURBON TRAVEL PLAZA,US-30,Bourbon,IN,370,3.499,41.2993,-86.1167
72950,Conoco,US-95,MC DERMITT,NV,966,4.299,41.9903,-117.7209
72951,DK,SR-36,Abilene,TX,575,2.849,32.4543,-99.7384
72953,GRAND AVENUE EXPRESS,I-35 & FM-372,Gainesville,TX,253,2.999,33.639,-97.1487
72956,Handee Hugos #1,SR-87,Riegelwood,NC,245,3.49733333,34.3444,-78.2198
72957,IRVING,SR-11,Augusta,ME,203,3.899,44.3341,-69.7319
72958,Jack Flash Pana,SR-16,Pana,IL,318,3.199,39.3829,-89.0642
72958,Jack Flash Pana,SR-16,Pana,IL,318,3.159,39.3829,-89.0642
72958,Jack Flash Pana,SR-16,Pana,IL,318,3.099,39.3829,-89.0642
72959,JORDANS #75,US-67,Newport,AR,418,3.299,35.6234,-91.2322
72960,KENT KWIK #206,FM-2020,Odessa,TX,710,3.02566666,31.8801,-102.3448
72963,MAVERIK #5358,"I-25, Exit 145",Colorado Springs,CO,796,3.33066666,38.8674,-104.7605
72965,Maverik #674,"I-15, Exit 45",North Las Vegas,NV,910,3.28233333,36.2883,-115.0888
72966,MCCLURE STORE #15,SR-9,Marion,IN,370,3.694,40.5497,-85.6604
72967,BINKS TENAHA QUICK STOP,US-59/US-84,Tenaha,TX,618,3.059,31.944,-94.2457
72968,LOVES TRAVEL STOP #883,US-52 EXIT 120,Rural Hall,NC,65,3.57733333,36.2251,-80.2973
72969,LOVES TRAVEL STOP #555,US-30,Delphos,OH,411,3.30566666,40.8465,-84.3368
72970,PAC PRIDE,"I-96, Exit 26",Grand Rapids,MI,371,3.729,42.9619,-85.6562
72970,PAC PRIDE,"I-96, Exit 26",Grand Rapids,MI,371,3.659,42.9619,-85.6562
72970,PAC PRIDE,"I-96, Exit 26",Grand Rapids,MI,371,3.679,42.9619,-85.6562
72972,LOVES TRAVEL STOP #886,I-44 EXIT 29,Sarcoxie,MO,277,3.40066666,37.0682,-94.1256
72973,PETE'S 49,US-166 & US-169,Coffeyville,KS,307,3.214,37.0519,-95.618
72974,USTOP 34,US-77,Lincoln,NE,413,3.499,40.8099,-96.6784
72975,SHEETZ #804,"I-95, Exit 41",Hope Mills,NC,63,2.859,34.971,-78.9597
72976,RED DOG,"I-10, EXIT 72",Egan,LA,690,3.049,30.246,-92.5135
72978,SHELL SERVICE STATION,SR-302,Byhalia,MS,435,3.099,34.869,-89.689
72979,RICKY ROCKETS,"I-57, EXIT 312",Kankakee,IL,399,3.399,41.102,-87.8643
72979,RICKY ROCKETS,"I-57, EXIT 312",Kankakee,IL,399,3.379,41.102,-87.8643
72981,Sprint Mart #2301,I-565 & CR-115,Madison,AL,742,3.49233333,34.7114,-86.7626
72982,SUNOCO,I-10 & SR-328,Breaux Bridge,LA,730,2.85566666,30.2829,-91.9043
72983,SUNSTOP #303,SR-100,Lake City,FL,75,3.55066666,30.1901,-82.6471
72984,TERRIBLE HERBST #341,US-95,Indian Springs,NV,910,3.899,36.5719,-115.7204
72985,THE PRIDE OF VILLA PARK,SR-64,Villa Park,IL,290,3.299,41.8865,-87.9779
72985,THE PRIDE OF VILLA PARK,SR-64,Villa Park,IL,290,3.349,41.8865,-87.9779
72986,THE PRIDE OF ELGIN,SR-31,Elgin,IL,520,3.499,42.0383,-88.324
72987,The Texan,US-285 & CR-116,Pecos,TX,710,2.999,31.42291,-103.49323
72988,Thorntons #221354,US-12,Lake Zurich,IL,293,3.399,42.1956,-88.087
72988,Thorntons #221354,US-12,Lake Zurich,IL,293,3.349,42.1956,-88.087
72989,THORNTONS #442562,SR-63,Monroe,OH,407,3.199,39.4461,-84.3667
72990,TA Express Jonesboro,I-555 EXIT 39,Jonesboro,AR,435,3.39233333,35.8212,-90.6791
72991,THORNTONS #221345,US-20,Hanover Park,IL,297,3.759,41.9818,-88.1446
72993,H AND R OIL COMPANY,"SR-4, EXIT 8",Lexington,KY,410,3.249,38.0423,-84.4587
72995,LOVES TRAVEL STOP #569,I-84 EXIT 304,Baker City,OR,982,3.45733333,44.7749,-117.832
72996,LOVES TRAVEL STOP #504,I-76 EXIT 232,North Lima,OH,573,3.78733333,40.9497,-80.6611
72998,83 FUEL STOP,US-83,Catarina,TX,693,2.959,28.3499,-99.6161
72999,Aeg Petroleum,US-70 & SR-467,Portales,NM,593,3.68566666,34.1754,-103.3565
73000,TXB,FM-2147,Horseshoe Bay,TX,665,2.929,30.5403,-98.3804
73003,GAS PRO TRAVEL CENTER,US-25 & SR-88,Hephzibah,GA,135,3.599,33.2906,-82.0994
73005,NOBLE,US-20,Sturbridge,MA,215,3.999,42.10843,-72.07869
73007,VALERO,"I-85, EXIT 28 & SR-100",Hogansville,GA,50,3.66566666,33.1674,-84.9027
73008,MUSTANG XPRESS,US-183 & FM-1327,Austin,TX,595,3.33233333,30.3005,-97.7522
73009,THRIFT BULL TRUCK STOP,SR-103,San Augustine,TX,618,3.499,31.5296,-94.1108
73012,FUELPORT # 1,FM-143,San Antonio,TX,740,3.049,29.4632,-98.5238
73013,247 TRUCK STOP,I-40 EXIT 247,Widener,AR,435,2.999,35.0233,-90.6818
73014,CIRCLE K #2726298,SR 33 & SR 50,Mascotte,FL,140,3.539,28.611,-81.9106
73015,76,US 40,Franklinville,NJ,150,3.169,39.6194,-75.0738
73016,PARKERS #112,SR 67,Statesboro,GA,195,3.199,32.4375,-81.7751
73017,U Stop #36,US 136 & SR 50,Tecumseh,NE,413,3.399,40.3718,-96.1888
73018,Smart Stop Travel Center,US 271 & SR 37,Bogata,TX,723,3.199,33.4699,-95.2136
73021,Circle K #2746245,I 35W EXIT 6,Minneapolis,MN,448,3.599,44.9635,-93.2678
73025,151 TRAVEL CENTER,SR 34 & N Central Rd,Darlington,SC,46,3.299,34.3015,-79.867
73026,Gas N Wash,SR-171,Lemont,IL,290,3.299,41.6695,-87.9838
73026,Gas N Wash,SR-171,Lemont,IL,290,3.599,41.6695,-87.9838
73026,Gas N Wash,SR-171,Lemont,IL,290,3.499,41.6695,-87.9838
73028,PETRO HENDERSON #968,"I-11, EXIT 15A",Henderson,NV,910,3.639,36.0133,-115.0381
73029,One9 #1417,I-35 Exit 323,Lorena,TX,765,2.90233333,31.3818,-97.2127
73030,SPEED TREK TRAVEL CENTER,I-90 EXIT 25,Belvidere,IL,520,3.899,42.2543,-88.8649
73030,SPEED TREK TRAVEL CENTER,I-90 EXIT 25,Belvidere,IL,520,3.699,42.2543,-88.8649
73030,SPEED TREK TRAVEL CENTER,I-90 EXIT 25,Belvidere,IL,520,3.799,42.2543,-88.8649
73031,Travel Refresh,US 59,Corrigan,TX,618,2.949,30.9988,-94.8274
73032,Parkers #110,SR 56,Augusta,GA,135,3.19233333,33.3645,-82.0708
73033,QUARLES #54242,SR-152,Pampa,TX,585,3.499,35.5479,-100.9651
73035,QUIKTRIP #7909,US-10,El Paso,TX,640,2.849,31.8476,-106.43
73036,Maverik Country Store #741,US-80,Rock Springs,WY,827,3.30733333,41.5947,-109.2209
73037,TA EXPRESS #567,"I-20, EXIT 81 & SR-149",Ruston,LA,745,3.114,32.5328,-92.6363
73039,Spinx  #292,"I-26, EXIT 10",Inman,SC,210,3.16566666,35.0463,-82.0897
73040,TAILGATE #3,SR 21,Bryan,TX,670,3.599,30.665,-96.3807
73041,Racetrac #182,US- 19,Hampton,GA,67,2.999,33.3774,-84.2969
73042,MAVERIK #728,Hwy 483,Lovington,NM,593,3.094,32.9128,-103.3276
73043,MAVERIK #740,"I-25, EXIT 347",Las Vegas,NM,580,3.16233333,35.6011,-105.2206
73044,Maverik #732,"US 20, EXIT 310",Idaho Falls,ID,825,3.394,43.4871,-112.0362
73045,MAVERIK #717,US-395,Spokane,WA,970,3.979,47.6671,-117.433
73045,MAVERIK #717,US-395,Spokane,WA,970,3.999,47.6671,-117.433
73046,Refuel #63,US 501 & SR 544,Conway,SC,46,3.134,33.8401,-79.0431
73047,RACETRAC #2642,"I-70, EXIT 77",Indianapolis,IN,375,3.259,39.7771,-86.1458
73048,ALLSUPS CONVENIENCE STORE #2473,US-287,Bowie,TX,630,2.899,33.5566,-97.844
73051,CIRCLE K #2709540,"I-10, EXIT 10 & SR-90",Sierra Vista,AZ,980,3.629,31.563,-110.3153
73052,Circle K #2701875,US-78 E,Grovetown,GA,135,3.499,33.4503,-82.2073
73053,Circle K #2746108,"I-90/US-212, EXIT 447",Billings,MT,780,3.579,45.7891,-108.5526
73055,CIRCLE K #4707124,SR-3,Liberty,ME,203,4.099,44.38924,-69.30282
73056,CIRCLE K #2723033,"I-295, EXIT 21A & I-95",Fayetteville,NC,205,3.279,35.085,-78.9772
73057,CIRCLE K #2703586,US-550 & SR-516,Flora Vista,NM,580,3.719,36.804,-108.0876
73058,CIRCLE K #4707605,SR-365/SR-69/SR-49 & SR-26,Rome,NY,235,3.999,43.226,-75.4909
73059,CIRCLE K #4705626,"I-77/US-62, EXIT 105 & SR-172",Canton,OH,249,3.459,40.8078,-81.3676
73061,Circle K #2709045,"US-62 & SR-375, EXIT 39",El Paso,TX,640,3.20233333,31.8476,-106.43
73062,CIRCLE K #2741849,SR-358 & SR-286,Corpus Christi,TX,625,3.124,27.7254,-97.3767
73063,HOLIDAY STATIONSTORE #2746223,"I-35, EXIT 135 & US-61",Andover,MN,448,3.499,45.2571,-93.3265
73064,7-ELEVEN #42315,"I-85, Exit 88",Lexington,NC,765,3.399,35.8018,-80.2682
73065,RACETRAC #2631,"I-75, EXIT 285 & US-41/SR-3",Emerson,GA,193,2.88733333,34.1303,-84.7483
73066,QUIKTRIP #1499,I-10 EXIT 267,Tucson,AZ,980,3.06233333,32.1541,-110.8787
73067,J STARR,I-29 EXIT 8,Hankinson,ND,341,3.499,46.0734,-96.8918
73068,MAVERIK #5369,SR 21,Colorado Springs,CO,796,3.499,38.8674,-104.7605
73071,7-Eleven #42340,SR-340/SR-6,Woodway,TX,765,2.93233333,31.4988,-97.2314
73072,QUIKTRIP #7204,"I-57, EXIT 337 & SR-50",University Park,IL,365,3.249,41.4461,-87.7154
73072,QUIKTRIP #7204,"I-57, EXIT 337 & SR-50",University Park,IL,365,3.079,41.4461,-87.7154
73072,QUIKTRIP #7204,"I-57, EXIT 337 & SR-50",University Park,IL,365,3.179,41.4461,-87.7154
73073,QUIKTRIP #7075,"I-16/SR-404, EXIT 51 & US-441",Dublin,GA,85,2.999,32.536,-82.928
73074,RACETRAC #2641,HWY 59 & FM 989,Texarkana,TX,723,2.85733333,33.45,-94.0847
73075,ALLSUPS CONVENIENCE STORE #2470,SR 18,Eunice,NM,710,3.099,32.4461,-103.1986
73076,MAVERIK #5148,US 40,Kremmling,CO,800,3.679,40.0567,-106.3784
73078,Shelee's Travel Center,"I-10, Exit 146",Coachella,CA,900,3.949,33.6905,-116.143
73078,Shelee's Travel Center,"I-10, Exit 146",Coachella,CA,900,3.959,33.6905,-116.143
73079,PILOT DEALER #1433,I-10 EXIT 160,Chandler,AZ,930,3.504,33.2825,-111.8514
73079,PILOT #1433,I-10 EXIT 160,Chandler,AZ,930,3.499,33.2825,-111.8514
73080,Circle K #2707255,"I-75, Exit 60",Tifton,GA,10,3.06233333,31.4624,-83.5203
73081,ALLSUPS #2476,I-40 EXIT 38 & SR 6,Elk City,OK,483,2.93066666,35.3862,-99.4301
73082,KWIK STAR #1153,US 71,Milford,IA,433,3.324,43.3336,-95.1478
73083,Kwik Star #1213,I-380 EXIT 2,North Liberty,IA,380,3.159,41.7438,-91.6112
73084,Kwik Trip #747,I-94 ALT & US-12,Baldwin,WI,448,3.499,44.954,-92.3709
73085,Loves Travel Stop #550,I-75 EXIT 13,Valdosta,GA,982,3.22233333,30.8502,-83.2788
73088,Pilot #1390,I-16 Exit  143,Ellabell,GA,135,3.30566666,32.12354,-81.48567
73088,Pilot Travel Center #1390,I-16 Exit  143,Ellabell,GA,135,3.28566666,32.12354,-81.48567
73090,Quiktrip #1148,I-26 EXIT 53,Flat Rock,NC,210,2.849,35.2678,-82.4526
73092,QUIKTRIP #4042,I-10,Converse,TX,740,2.94566666,29.5091,-98.3084
73093,GAS N WASH,I-355 EXIT 7,Lockport,IL,365,3.499,41.5906,-88.0293
73093,GAS N WASH,I-355 EXIT 7,Lockport,IL,365,3.399,41.5906,-88.0293
73094,MARATHON,US-24,Taylor,MI,325,3.539,42.226,-83.2688
73094,MARATHON,US-24,Taylor,MI,325,3.499,42.226,-83.2688
73095,Quiktrip #7250,US 49,Richland,MS,760,2.91566666,32.2309,-90.1591
73096,KWIK TRIP #748,US 8,Barron,WI,295,3.64733333,45.4015,-91.8476
73098,KWIK TRIP #1269,SR 27,Cadott,WI,448,3.40066666,44.9502,-91.1532
73099,Kwik Star #1296,SR 115,Harrisburg,SD,448,2.939,43.4324,-96.7041
73100,MAVERIK #747,I-215 Exit 21,Salt Lake City,UT,835,3.39233333,40.7776,-111.9311
73101,7-ELEVEN 42279,"I-76, Exit 39",Keenesburg,CO,800,3.149,40.1327,-104.538
73103,RaceTrac #2654,I-20 EXIT 130,Greensboro,GA,16,3.399,33.5687,-83.1872
73106,ALLSUPS CONVENIENCE STORE #2472,US-75,Atoka,OK,253,2.96733333,34.386,-96.1317
73112,SHEETZ #831,I-26 EXIT 44 & US 25,Hendersonville,NC,210,2.859,35.3247,-82.4575
73114,ROAD RANGER #319,"I-35E, EXIT 381",Milford,TX,630,3.03066666,32.1214,-96.9498
73117,MAVERIK #722,"I-29, EXIT 304",Baker City,OR,925,3.459,44.7749,-117.832
73118,ALLSUPS #2432,US 287 & SR 34,Ennis,TX,630,2.929,32.3254,-96.6347
73119,Stinker #122,I-84 EXIT 36,Nampa,ID,785,3.40233333,43.5844,-116.5638
73120,Kwik Star #1184,US 61,Dubuque,IA,335,3.489,42.5002,-90.707
73125,KWIK TRIP #1283,SR 83 & W CAPITOL DR,Hartland,WI,444,3.749,43.1029,-88.3396
73126,Kwik Trip #1298,US 10,Mondovi,WI,295,3.349,44.5712,-91.6668
73127,Gas N Wash,"I-55, EXIT 285",Chicago,IL,290,3.399,41.8375,-87.6866
73128,ALLSUPS CONVENIENCE STORE #2477,HWY 69 & 11th st,Kiowa,OK,253,2.95733333,34.723,-95.9025
73129,SHEETZ #837,I-94,Romulus,MI,325,3.099,42.2237,-83.366
73130,A One Stop,"I-45, EXIT 246",Ennis,TX,630,2.93566666,32.3254,-96.6347
73131,Sheetz #838,"I-85, Exit 71",Salisbury,NC,46,2.859,35.6658,-80.4905
